# Blender 5.0.0
# www.blender.org
mtllib mug_3.mtl
o Mug
v -0.019683 0.062341 0.184428
v -0.061390 0.019038 0.181083
v 0.000296 -0.065537 0.182929
v -0.017274 0.056619 0.184428
v -0.055247 0.018009 0.181083
v -0.000296 -0.058242 0.182929
v -0.021620 0.066540 0.093619
v 0.000000 0.069965 0.093619
v 0.021620 0.066540 0.093619
v 0.041124 0.056603 0.093619
v 0.056603 0.041124 0.093619
v 0.066540 0.021620 0.093619
v 0.069965 -0.000000 0.093619
v 0.066540 -0.021620 0.093619
v 0.056603 -0.041124 0.093619
v 0.041124 -0.056603 0.093619
v 0.021620 -0.066540 0.093619
v 0.000000 -0.069965 0.093619
v -0.021620 -0.066540 0.093619
v -0.041124 -0.056603 0.093619
v -0.056603 -0.041124 0.093619
v -0.066540 -0.021620 0.093619
v -0.069965 -0.000000 0.093619
v -0.066540 0.021620 0.093619
v -0.056603 0.041124 0.093619
v -0.041124 0.056603 0.093619
v -0.020392 0.062761 0.177875
v 0.000000 0.065990 0.177875
v 0.020392 0.062761 0.177875
v 0.038788 0.053387 0.177875
v 0.053387 0.038788 0.177875
v 0.062761 0.020392 0.177875
v 0.065990 -0.000000 0.177875
v 0.062761 -0.020392 0.177875
v 0.053387 -0.038788 0.177875
v 0.038788 -0.053387 0.177875
v 0.020392 -0.062761 0.177875
v 0.000000 -0.065990 0.177875
v -0.020392 -0.062761 0.177875
v -0.038788 -0.053387 0.177875
v -0.053387 -0.038788 0.177875
v -0.062761 -0.020392 0.177875
v -0.065990 -0.000000 0.177875
v -0.062761 0.020392 0.177875
v -0.053387 0.038788 0.177875
v -0.038788 0.053387 0.177875
v -0.020638 0.063516 0.161024
v 0.000000 0.066785 0.161024
v 0.020638 0.063516 0.161024
v 0.039255 0.054030 0.161024
v 0.054030 0.039255 0.161024
v 0.063516 0.020638 0.161024
v 0.066785 -0.000000 0.161024
v 0.063516 -0.020638 0.161024
v 0.054030 -0.039255 0.161024
v 0.039255 -0.054030 0.161024
v 0.020638 -0.063516 0.161024
v 0.000000 -0.066785 0.161024
v -0.020638 -0.063516 0.161024
v -0.039255 -0.054030 0.161024
v -0.054030 -0.039255 0.161024
v -0.063516 -0.020638 0.161024
v -0.066785 -0.000000 0.161024
v -0.063516 0.020638 0.161024
v -0.054030 0.039255 0.161024
v -0.039255 0.054030 0.161024
v -0.022848 0.070320 0.009362
v 0.000000 0.073939 0.009362
v 0.022848 0.070320 0.009362
v 0.043460 0.059818 0.009362
v 0.059818 0.043460 0.009362
v 0.070320 0.022848 0.009362
v 0.073939 -0.000000 0.009362
v 0.070320 -0.022848 0.009362
v 0.059818 -0.043460 0.009362
v 0.043460 -0.059818 0.009362
v 0.022848 -0.070320 0.009362
v 0.000000 -0.073939 0.009362
v -0.022848 -0.070320 0.009362
v -0.043460 -0.059818 0.009362
v -0.059818 -0.043460 0.009362
v -0.070320 -0.022848 0.009362
v -0.073939 -0.000000 0.009362
v -0.070320 0.022848 0.009362
v -0.059818 0.043460 0.009362
v -0.043460 0.059818 0.009362
v -0.022603 0.069564 0.026213
v 0.000000 0.073144 0.026213
v 0.022603 0.069564 0.026213
v 0.042993 0.059175 0.026213
v 0.059175 0.042993 0.026213
v 0.069564 0.022603 0.026213
v 0.073144 -0.000000 0.026213
v 0.069564 -0.022603 0.026213
v 0.059175 -0.042993 0.026213
v 0.042993 -0.059175 0.026213
v 0.022603 -0.069564 0.026213
v 0.000000 -0.073144 0.026213
v -0.022603 -0.069564 0.026213
v -0.042993 -0.059175 0.026213
v -0.059175 -0.042993 0.026213
v -0.069564 -0.022603 0.026213
v -0.073144 -0.000000 0.026213
v -0.069564 0.022603 0.026213
v -0.059175 0.042993 0.026213
v -0.042993 0.059175 0.026213
v -0.021223 0.065317 0.161501
v 0.000000 0.068679 0.161483
v -0.020977 0.064561 0.177406
v 0.000000 0.067884 0.177422
v 0.021223 0.065317 0.161296
v 0.020977 0.064561 0.177067
v 0.040368 0.055562 0.160553
v 0.039901 0.054919 0.177965
v 0.055562 0.040368 0.161501
v 0.054919 0.039901 0.177965
v 0.065317 0.021223 0.161113
v 0.064561 0.020977 0.177233
v 0.068679 -0.000000 0.161307
v 0.067884 -0.000000 0.177965
v 0.065317 -0.021223 0.160725
v 0.064561 -0.020977 0.177965
v 0.055562 -0.040368 0.160372
v 0.054919 -0.039901 0.177589
v 0.040368 -0.055562 0.160735
v 0.039901 -0.054919 0.177965
v 0.021223 -0.065317 0.161505
v 0.020977 -0.064561 0.177965
v 0.000000 -0.068679 0.160432
v 0.000000 -0.067884 0.177965
v -0.021223 -0.065317 0.161688
v -0.020977 -0.064561 0.177965
v -0.040368 -0.055562 0.161113
v -0.039901 -0.054919 0.177965
v -0.055562 -0.040368 0.161113
v -0.054919 -0.039901 0.177965
v -0.065317 -0.021223 0.161113
v -0.064561 -0.020977 0.177231
v -0.068679 -0.000000 0.161113
v -0.067884 -0.000000 0.177965
v -0.065317 0.021223 0.160749
v -0.064561 0.020977 0.177965
v -0.055562 0.040368 0.161113
v -0.054919 0.039901 0.177601
v -0.040368 0.055562 0.160502
v -0.039901 0.054919 0.177586
v -0.023433 0.072121 0.009451
v 0.000000 0.075832 0.009680
v -0.023188 0.071365 0.026303
v 0.000000 0.075038 0.025192
v 0.023433 0.072121 0.010101
v 0.023188 0.071365 0.026303
v 0.044573 0.061350 0.009870
v 0.044106 0.060707 0.025851
v 0.061350 0.044573 0.009868
v 0.060707 0.044106 0.025875
v 0.072121 0.023433 0.010695
v 0.071365 0.023188 0.026091
v 0.075832 -0.000000 0.009451
v 0.075038 -0.000000 0.026303
v 0.072121 -0.023433 0.009451
v 0.071365 -0.023188 0.026303
v 0.061350 -0.044573 0.009451
v 0.060707 -0.044106 0.026303
v 0.044573 -0.061350 0.009451
v 0.044106 -0.060707 0.026303
v 0.023433 -0.072121 0.009451
v 0.023188 -0.071365 0.026303
v 0.000000 -0.075832 0.009956
v 0.000000 -0.075038 0.026303
v -0.023433 -0.072121 0.009968
v -0.023188 -0.071365 0.026303
v -0.044573 -0.061350 0.010573
v -0.044106 -0.060707 0.026303
v -0.061350 -0.044573 0.010024
v -0.060707 -0.044106 0.025427
v -0.072121 -0.023433 0.009741
v -0.071365 -0.023188 0.026303
v -0.075832 -0.000000 0.009451
v -0.075038 -0.000000 0.026003
v -0.072121 0.023434 0.009722
v -0.071365 0.023188 0.025476
v -0.061350 0.044573 0.008652
v -0.060707 0.044106 0.026303
v -0.044573 0.061350 0.010169
v -0.044106 0.060707 0.025326
v -0.020777 0.063944 0.011609
v -0.039520 0.054394 0.011609
v 0.000000 -0.000000 0.011609
v -0.054394 0.039520 0.011609
v -0.063944 0.020777 0.011609
v -0.067235 -0.000000 0.011609
v -0.063944 -0.020777 0.011609
v -0.054394 -0.039520 0.011609
v -0.039520 -0.054394 0.011609
v -0.020777 -0.063944 0.011609
v 0.000000 -0.067235 0.011609
v 0.020777 -0.063944 0.011609
v 0.039520 -0.054394 0.011609
v 0.054394 -0.039520 0.011609
v 0.063944 -0.020777 0.011609
v 0.067235 -0.000000 0.011609
v 0.063944 0.020777 0.011609
v 0.054394 0.039520 0.011609
v 0.039520 0.054394 0.011609
v 0.020777 0.063944 0.011609
v 0.000000 0.067235 0.011609
v -0.019385 0.059662 0.099423
v 0.000000 0.062733 0.099423
v 0.019385 0.059662 0.099423
v 0.036873 0.050752 0.099423
v 0.050752 0.036873 0.099423
v 0.059662 0.019385 0.099423
v 0.062733 -0.000000 0.099423
v 0.059662 -0.019385 0.099423
v 0.050752 -0.036873 0.099423
v 0.036873 -0.050752 0.099423
v 0.019385 -0.059662 0.099423
v 0.000000 -0.062733 0.099423
v -0.019385 -0.059662 0.099423
v -0.036873 -0.050752 0.099423
v -0.050752 -0.036873 0.099423
v -0.059662 -0.019385 0.099423
v -0.062733 -0.000000 0.099423
v -0.059662 0.019385 0.099423
v -0.050752 0.036873 0.099423
v -0.036873 0.050752 0.099423
v -0.018133 0.055809 0.178456
v 0.000000 0.058681 0.178456
v 0.018133 0.055808 0.178456
v 0.034492 0.047474 0.178456
v 0.047474 0.034492 0.178456
v 0.055809 0.018133 0.178456
v 0.058681 -0.000000 0.178456
v 0.055809 -0.018133 0.178456
v 0.047474 -0.034492 0.178456
v 0.034492 -0.047474 0.178456
v 0.018133 -0.055809 0.178456
v 0.000000 -0.058681 0.178456
v -0.018133 -0.055809 0.178456
v -0.034492 -0.047474 0.178456
v -0.047474 -0.034492 0.178456
v -0.055809 -0.018133 0.178456
v -0.058681 -0.000000 0.178456
v -0.055809 0.018133 0.178456
v -0.047474 0.034492 0.178456
v -0.034492 0.047474 0.178456
v -0.038576 0.053096 0.185518
v -0.038417 0.052876 0.186384
v -0.038026 0.052339 0.187010
v -0.037504 0.051620 0.187237
v -0.051620 0.037504 0.187237
v -0.052339 0.038026 0.187010
v -0.052876 0.038417 0.186384
v -0.053096 0.038576 0.185518
v -0.059383 0.022269 0.187237
v -0.060451 0.022134 0.187015
v -0.061269 0.021955 0.186398
v -0.061658 0.021772 0.185518
v -0.061602 0.021556 0.186126
v -0.065630 -0.000000 0.185518
v -0.065358 -0.000000 0.186384
v -0.064694 -0.000000 0.187010
v -0.063806 -0.000000 0.187237
v -0.060683 -0.019717 0.187237
v -0.061528 -0.019992 0.187010
v -0.062159 -0.020197 0.186384
v -0.062418 -0.020281 0.185518
v -0.051620 -0.037504 0.187237
v -0.052339 -0.038026 0.187010
v -0.052876 -0.038417 0.186384
v -0.053096 -0.038576 0.185518
v -0.037504 -0.051620 0.187237
v -0.038026 -0.052339 0.187010
v -0.038417 -0.052876 0.186384
v -0.038576 -0.053096 0.185518
v -0.019717 -0.060683 0.187237
v -0.019992 -0.061528 0.187010
v -0.020197 -0.062159 0.186384
v -0.020281 -0.062418 0.185518
v -0.002400 -0.063426 0.187237
v -0.002161 -0.064361 0.187013
v -0.001892 -0.065062 0.186393
v -0.001654 -0.065368 0.185518
v -0.001436 -0.065306 0.186143
v 0.020281 -0.062418 0.185518
v 0.020197 -0.062159 0.186384
v 0.019992 -0.061528 0.187010
v 0.019717 -0.060683 0.187237
v 0.037504 -0.051620 0.187237
v 0.038026 -0.052339 0.187010
v 0.038417 -0.052876 0.186384
v 0.038576 -0.053096 0.185518
v 0.051620 -0.037504 0.187237
v 0.052339 -0.038026 0.187010
v 0.052876 -0.038417 0.186384
v 0.053096 -0.038576 0.185518
v 0.060683 -0.019717 0.187237
v 0.061528 -0.019992 0.187010
v 0.062159 -0.020197 0.186384
v 0.062418 -0.020281 0.185518
v 0.063806 -0.000000 0.187237
v 0.064694 -0.000000 0.187010
v 0.065358 -0.000000 0.186384
v 0.065630 -0.000000 0.185518
v 0.060683 0.019717 0.187237
v 0.061528 0.019992 0.187010
v 0.062159 0.020197 0.186384
v 0.062418 0.020281 0.185518
v 0.051620 0.037504 0.187237
v 0.052339 0.038026 0.187010
v 0.052876 0.038417 0.186384
v 0.053096 0.038576 0.185518
v 0.037504 0.051620 0.187237
v 0.038026 0.052339 0.187010
v 0.038417 0.052876 0.186384
v 0.038576 0.053096 0.185518
v 0.019717 0.060683 0.187237
v 0.019992 0.061528 0.187010
v 0.020197 0.062159 0.186384
v 0.020281 0.062418 0.185518
v 0.000000 0.063806 0.187237
v 0.000000 0.064694 0.187010
v 0.000000 0.065358 0.186384
v 0.000000 0.065630 0.185518
v -0.015320 0.063203 0.185518
v -0.015275 0.063111 0.186678
v -0.013802 0.061620 0.187237
v -0.014143 0.062459 0.187011
v -0.014694 0.063032 0.186387
v -0.035302 0.048589 0.187237
v -0.034776 0.047865 0.186992
v -0.034400 0.047348 0.186328
v -0.034281 0.047184 0.185433
v -0.048589 0.035302 0.187237
v -0.047865 0.034776 0.186992
v -0.047348 0.034400 0.186328
v -0.047184 0.034281 0.185433
v -0.053497 0.021892 0.185433
v -0.053527 0.022321 0.186283
v -0.054112 0.022618 0.186973
v -0.055026 0.022669 0.187237
v -0.053256 0.022125 0.186301
v -0.060060 -0.000000 0.187237
v -0.059165 -0.000000 0.186992
v -0.058525 -0.000000 0.186328
v -0.058323 -0.000000 0.185433
v -0.057120 -0.018560 0.187237
v -0.056269 -0.018283 0.186992
v -0.055661 -0.018085 0.186328
v -0.055468 -0.018023 0.185433
v -0.048589 -0.035302 0.187237
v -0.047865 -0.034776 0.186992
v -0.047348 -0.034400 0.186328
v -0.047184 -0.034281 0.185433
v -0.035302 -0.048589 0.187237
v -0.034776 -0.047865 0.186992
v -0.034400 -0.047348 0.186328
v -0.034281 -0.047184 0.185433
v -0.018559 -0.057120 0.187237
v -0.018283 -0.056269 0.186992
v -0.018085 -0.055661 0.186328
v -0.018023 -0.055468 0.185433
v -0.002859 -0.057870 0.185433
v -0.003163 -0.058034 0.186308
v -0.003292 -0.058665 0.186984
v -0.003206 -0.059552 0.187237
v -0.002846 -0.057793 0.186255
v 0.018559 -0.057120 0.187237
v 0.018283 -0.056269 0.186992
v 0.018085 -0.055661 0.186328
v 0.018023 -0.055468 0.185433
v 0.035302 -0.048589 0.187237
v 0.034776 -0.047865 0.186992
v 0.034400 -0.047348 0.186328
v 0.034281 -0.047184 0.185433
v 0.048589 -0.035302 0.187237
v 0.047865 -0.034776 0.186992
v 0.047348 -0.034400 0.186328
v 0.047184 -0.034281 0.185433
v 0.057120 -0.018560 0.187237
v 0.056269 -0.018283 0.186992
v 0.055661 -0.018085 0.186328
v 0.055468 -0.018023 0.185433
v 0.060060 -0.000000 0.187237
v 0.059165 -0.000000 0.186992
v 0.058525 -0.000000 0.186328
v 0.058323 -0.000000 0.185433
v 0.057120 0.018559 0.187237
v 0.056269 0.018283 0.186992
v 0.055661 0.018085 0.186328
v 0.055468 0.018023 0.185433
v 0.048589 0.035302 0.187237
v 0.047865 0.034776 0.186992
v 0.047348 0.034400 0.186328
v 0.047184 0.034281 0.185433
v 0.035302 0.048589 0.187237
v 0.034776 0.047865 0.186992
v 0.034400 0.047348 0.186328
v 0.034281 0.047184 0.185433
v 0.018559 0.057120 0.187237
v 0.018283 0.056269 0.186992
v 0.018085 0.055661 0.186328
v 0.018023 0.055468 0.185433
v 0.000000 0.060060 0.187237
v 0.000000 0.059165 0.186992
v 0.000000 0.058525 0.186328
v 0.000000 0.058323 0.185433
v -0.012992 0.058002 0.187237
v -0.013659 0.056047 0.186618
v -0.013734 0.056148 0.185433
v -0.013226 0.056432 0.186324
v -0.012952 0.057118 0.186991
v 0.003943 -0.063182 0.187237
v 0.003238 -0.065043 0.186304
v 0.003307 -0.065106 0.185518
v 0.003669 -0.064779 0.186388
v 0.003900 -0.064081 0.187012
v 0.002859 -0.057870 0.185433
v 0.002768 -0.057784 0.186318
v 0.003712 -0.059472 0.187237
v 0.003555 -0.058607 0.186990
v 0.003240 -0.058014 0.186323
v -0.058082 0.012485 0.187237
v -0.057137 0.012691 0.187000
v -0.056435 0.013144 0.186345
v -0.056148 0.013734 0.185433
v -0.056086 0.013412 0.186309
v -0.063465 0.013666 0.185518
v -0.063301 0.012937 0.186363
v -0.062705 0.012416 0.187000
v -0.061865 0.012259 0.187237
v -0.063472 0.013082 0.186422
v -0.021496 0.059777 0.187237
v -0.021299 0.061714 0.186319
v -0.021772 0.061658 0.185518
v -0.021852 0.061317 0.186387
v -0.021752 0.060635 0.187011
v -0.019312 0.054811 0.185433
v -0.018871 0.054835 0.186282
v -0.020234 0.056267 0.187237
v -0.019888 0.055456 0.186991
v -0.019547 0.054918 0.186324
v -0.020419 0.062842 0.004103
v -0.038838 0.053457 0.004103
v 0.000000 -0.000000 0.004103
v -0.053457 0.038838 0.004103
v -0.062842 0.020419 0.004103
v -0.066076 -0.000000 0.004103
v -0.062842 -0.020419 0.004103
v -0.053457 -0.038838 0.004103
v -0.038838 -0.053457 0.004103
v -0.020419 -0.062842 0.004103
v 0.000000 -0.066076 0.004103
v 0.020419 -0.062842 0.004103
v 0.038838 -0.053457 0.004103
v 0.053457 -0.038838 0.004103
v 0.062842 -0.020419 0.004103
v 0.066076 -0.000000 0.004103
v 0.062842 0.020419 0.004103
v 0.053457 0.038838 0.004103
v 0.038838 0.053457 0.004103
v 0.020419 0.062842 0.004103
v 0.000000 0.066076 0.004103
v -0.020794 0.063999 0.000000
v -0.020529 0.063181 0.000352
v -0.020419 0.062842 0.001201
v -0.039553 0.054441 0.000000
v -0.039048 0.053745 0.000352
v -0.038838 0.053457 0.001201
v -0.054441 0.039553 0.000000
v -0.053745 0.039048 0.000352
v -0.053457 0.038838 0.001201
v -0.063999 0.020794 0.000000
v -0.063181 0.020529 0.000352
v -0.062842 0.020419 0.001201
v -0.067292 0.000000 0.000000
v -0.066432 -0.000000 0.000352
v -0.066076 -0.000000 0.001201
v -0.063999 -0.020794 -0.000000
v -0.063181 -0.020529 0.000352
v -0.062842 -0.020419 0.001201
v -0.054441 -0.039553 -0.000000
v -0.053745 -0.039048 0.000352
v -0.053457 -0.038838 0.001201
v -0.039553 -0.054441 -0.000000
v -0.039048 -0.053745 0.000352
v -0.038838 -0.053457 0.001201
v -0.020794 -0.063999 -0.000000
v -0.020529 -0.063181 0.000352
v -0.020419 -0.062842 0.001201
v 0.000000 -0.067292 -0.000000
v 0.000000 -0.066432 0.000352
v 0.000000 -0.066076 0.001201
v 0.020794 -0.063999 -0.000000
v 0.020529 -0.063181 0.000352
v 0.020419 -0.062842 0.001201
v 0.039553 -0.054441 -0.000000
v 0.039048 -0.053745 0.000352
v 0.038838 -0.053457 0.001201
v 0.054441 -0.039553 -0.000000
v 0.053745 -0.039048 0.000352
v 0.053457 -0.038838 0.001201
v 0.063999 -0.020794 -0.000000
v 0.063181 -0.020529 0.000352
v 0.062842 -0.020419 0.001201
v 0.067292 0.000000 0.000000
v 0.066432 -0.000000 0.000352
v 0.066076 -0.000000 0.001201
v 0.063999 0.020794 0.000000
v 0.063181 0.020529 0.000352
v 0.062842 0.020419 0.001201
v 0.054441 0.039553 0.000000
v 0.053745 0.039048 0.000352
v 0.053457 0.038838 0.001201
v 0.039553 0.054441 0.000000
v 0.039048 0.053745 0.000352
v 0.038838 0.053457 0.001201
v 0.020794 0.063999 0.000000
v 0.020529 0.063181 0.000352
v 0.020419 0.062842 0.001201
v 0.000000 0.067292 0.000000
v 0.000000 0.066432 0.000352
v 0.000000 0.066076 0.001201
v -0.022600 0.069555 0.000000
v -0.022866 0.070373 0.000364
v -0.022967 0.070685 0.001229
v -0.042988 0.059167 0.000000
v -0.043493 0.059863 0.000364
v -0.043686 0.060128 0.001229
v -0.059167 0.042988 0.000000
v -0.059863 0.043493 0.000364
v -0.060128 0.043686 0.001229
v -0.069555 0.022600 0.000000
v -0.070373 0.022866 0.000364
v -0.070685 0.022967 0.001229
v -0.073135 0.000000 0.000000
v -0.073995 -0.000000 0.000364
v -0.074322 -0.000000 0.001229
v -0.069555 -0.022600 -0.000000
v -0.070373 -0.022866 0.000364
v -0.070685 -0.022967 0.001229
v -0.059167 -0.042988 -0.000000
v -0.059863 -0.043493 0.000364
v -0.060128 -0.043686 0.001229
v -0.042988 -0.059167 -0.000000
v -0.043493 -0.059863 0.000364
v -0.043686 -0.060128 0.001229
v -0.022600 -0.069555 -0.000000
v -0.022866 -0.070373 0.000364
v -0.022967 -0.070685 0.001229
v 0.000000 -0.073135 -0.000000
v 0.000000 -0.073995 0.000364
v 0.000000 -0.074322 0.001229
v 0.022600 -0.069555 -0.000000
v 0.022866 -0.070373 0.000364
v 0.022967 -0.070685 0.001229
v 0.042988 -0.059167 -0.000000
v 0.043493 -0.059863 0.000364
v 0.043686 -0.060128 0.001229
v 0.059167 -0.042988 -0.000000
v 0.059863 -0.043493 0.000364
v 0.060128 -0.043686 0.001229
v 0.069555 -0.022600 -0.000000
v 0.070373 -0.022866 0.000364
v 0.070685 -0.022967 0.001229
v 0.073135 0.000000 0.000000
v 0.073995 -0.000000 0.000364
v 0.074322 -0.000000 0.001229
v 0.069555 0.022600 0.000000
v 0.070373 0.022866 0.000364
v 0.070685 0.022967 0.001229
v 0.059167 0.042988 0.000000
v 0.059863 0.043493 0.000364
v 0.060128 0.043686 0.001229
v 0.042988 0.059167 0.000000
v 0.043493 0.059863 0.000364
v 0.043686 0.060128 0.001229
v 0.022600 0.069555 0.000000
v 0.022866 0.070373 0.000364
v 0.022967 0.070685 0.001229
v 0.000000 0.073135 0.000000
v 0.000000 0.073995 0.000364
v 0.000000 0.074322 0.001229
v 0.068395 -0.008978 0.160681
v 0.068381 -0.009480 0.160547
v 0.068344 -0.009848 0.160182
v 0.068294 -0.009982 0.159682
v 0.062643 -0.009982 0.160252
v 0.062694 -0.009848 0.160751
v 0.062731 -0.009480 0.161117
v 0.062744 -0.008978 0.161251
v 0.068294 0.009982 0.159682
v 0.068344 0.009848 0.160182
v 0.068381 0.009480 0.160547
v 0.068395 0.008978 0.160681
v 0.062643 0.009982 0.160252
v 0.062744 0.008978 0.161251
v 0.062731 0.009480 0.161117
v 0.062694 0.009848 0.160751
v 0.067033 -0.009982 0.147173
v 0.066983 -0.009848 0.146674
v 0.066946 -0.009480 0.146308
v 0.066932 -0.008978 0.146174
v 0.061295 -0.009480 0.146878
v 0.061332 -0.009848 0.147243
v 0.061382 -0.009982 0.147743
v 0.061282 -0.008978 0.146744
v 0.066932 0.008978 0.146174
v 0.066946 0.009480 0.146308
v 0.066983 0.009848 0.146674
v 0.067033 0.009982 0.147173
v 0.061332 0.009848 0.147243
v 0.061295 0.009480 0.146878
v 0.061282 0.008978 0.146744
v 0.061382 0.009982 0.147743
v 0.084692 -0.008978 0.144388
v 0.084710 -0.009480 0.144522
v 0.084759 -0.009848 0.144886
v 0.084825 -0.009982 0.145384
v 0.099812 -0.008978 0.141872
v 0.099847 -0.009480 0.142003
v 0.099940 -0.009848 0.142360
v 0.100067 -0.009982 0.142848
v 0.110533 -0.008978 0.137998
v 0.110616 -0.009480 0.138111
v 0.110844 -0.009848 0.138419
v 0.111156 -0.009982 0.138840
v 0.113428 -0.008978 0.134139
v 0.113580 -0.009480 0.134160
v 0.113996 -0.009848 0.134219
v 0.114563 -0.009982 0.134299
v 0.112324 -0.008978 0.128728
v 0.112444 -0.009480 0.128666
v 0.112773 -0.009848 0.128497
v 0.113223 -0.009982 0.128267
v 0.107128 -0.008978 0.116815
v 0.107249 -0.009480 0.116754
v 0.107577 -0.009848 0.116589
v 0.108026 -0.009982 0.116364
v 0.097917 -0.008978 0.102830
v 0.098030 -0.009480 0.102756
v 0.098337 -0.009848 0.102554
v 0.098756 -0.009982 0.102278
v 0.086387 -0.008978 0.089196
v 0.086496 -0.009480 0.089117
v 0.086793 -0.009848 0.088900
v 0.087199 -0.009982 0.088604
v 0.074962 -0.008978 0.076978
v 0.075082 -0.009480 0.076914
v 0.075409 -0.009848 0.076742
v 0.075855 -0.009982 0.076505
v 0.069184 -0.008978 0.065076
v 0.069317 -0.009480 0.065047
v 0.069681 -0.009848 0.064969
v 0.070178 -0.009982 0.064862
v 0.068610 -0.008978 0.053674
v 0.068746 -0.009480 0.053691
v 0.069116 -0.009848 0.053739
v 0.069622 -0.009982 0.053805
v 0.071654 -0.008978 0.044128
v 0.071775 -0.009480 0.044189
v 0.072109 -0.009848 0.044354
v 0.072564 -0.009982 0.044579
v 0.076519 -0.008978 0.037173
v 0.076622 -0.009480 0.037260
v 0.076904 -0.009848 0.037499
v 0.077288 -0.009982 0.037825
v 0.081077 -0.008978 0.032704
v 0.081166 -0.009480 0.032806
v 0.081407 -0.009848 0.033084
v 0.081738 -0.009982 0.033463
v 0.084754 -0.008978 0.029871
v 0.084829 -0.009480 0.029984
v 0.085032 -0.009848 0.030291
v 0.085311 -0.009982 0.030710
v 0.088169 -0.008978 0.027934
v 0.088226 -0.009480 0.028057
v 0.088381 -0.009848 0.028391
v 0.088593 -0.009982 0.028848
v 0.091442 -0.008978 0.026730
v 0.091479 -0.009480 0.026860
v 0.091583 -0.009848 0.027213
v 0.091724 -0.009982 0.027696
v 0.094309 -0.009480 0.027129
v 0.093950 -0.009848 0.027207
v 0.093459 -0.009982 0.027315
v 0.093361 -0.009848 0.026823
v 0.093290 -0.009480 0.026462
v 0.093263 -0.008978 0.026330
v 0.093779 -0.008978 0.026356
v 0.094210 -0.008978 0.026638
v 0.094440 -0.008978 0.027100
v 0.084692 0.008978 0.144388
v 0.084710 0.009480 0.144522
v 0.084759 0.009848 0.144886
v 0.084825 0.009982 0.145384
v 0.099812 0.008978 0.141872
v 0.099847 0.009480 0.142003
v 0.099940 0.009848 0.142360
v 0.100067 0.009982 0.142848
v 0.110533 0.008978 0.137998
v 0.110616 0.009480 0.138111
v 0.110844 0.009848 0.138419
v 0.111156 0.009982 0.138840
v 0.113428 0.008978 0.134139
v 0.113580 0.009480 0.134160
v 0.113996 0.009848 0.134219
v 0.114563 0.009982 0.134299
v 0.112324 0.008978 0.128728
v 0.112444 0.009480 0.128666
v 0.112773 0.009848 0.128497
v 0.113223 0.009982 0.128267
v 0.107128 0.008978 0.116815
v 0.107249 0.009480 0.116754
v 0.107577 0.009848 0.116589
v 0.108026 0.009982 0.116364
v 0.097917 0.008978 0.102830
v 0.098030 0.009480 0.102756
v 0.098337 0.009848 0.102554
v 0.098756 0.009982 0.102278
v 0.086387 0.008978 0.089196
v 0.086496 0.009480 0.089117
v 0.086793 0.009848 0.088900
v 0.087199 0.009982 0.088604
v 0.074962 0.008978 0.076978
v 0.075082 0.009480 0.076914
v 0.075409 0.009848 0.076742
v 0.075855 0.009982 0.076505
v 0.069184 0.008978 0.065076
v 0.069317 0.009480 0.065047
v 0.069681 0.009848 0.064969
v 0.070178 0.009982 0.064862
v 0.068610 0.008978 0.053674
v 0.068746 0.009480 0.053691
v 0.069116 0.009848 0.053739
v 0.069622 0.009982 0.053805
v 0.071654 0.008978 0.044128
v 0.071775 0.009480 0.044189
v 0.072109 0.009848 0.044354
v 0.072564 0.009982 0.044579
v 0.076519 0.008978 0.037173
v 0.076622 0.009480 0.037260
v 0.076904 0.009848 0.037499
v 0.077288 0.009982 0.037825
v 0.081077 0.008978 0.032704
v 0.081166 0.009480 0.032806
v 0.081407 0.009848 0.033084
v 0.081738 0.009982 0.033463
v 0.084754 0.008978 0.029871
v 0.084829 0.009480 0.029984
v 0.085032 0.009848 0.030291
v 0.085311 0.009982 0.030710
v 0.088169 0.008978 0.027934
v 0.088226 0.009480 0.028057
v 0.088381 0.009848 0.028391
v 0.088593 0.009982 0.028848
v 0.091442 0.008978 0.026730
v 0.091479 0.009480 0.026860
v 0.091583 0.009848 0.027213
v 0.091724 0.009982 0.027696
v 0.093950 0.009848 0.027207
v 0.094309 0.009480 0.027129
v 0.094440 0.008978 0.027100
v 0.094209 0.008975 0.026638
v 0.093774 0.008971 0.026357
v 0.093254 0.008968 0.026333
v 0.093283 0.009475 0.026464
v 0.093358 0.009846 0.026824
v 0.093459 0.009982 0.027315
v 0.086020 0.009982 0.157900
v 0.086085 0.009848 0.158398
v 0.086134 0.009480 0.158762
v 0.086151 0.008978 0.158895
v 0.101946 0.009982 0.155280
v 0.102069 0.009848 0.155769
v 0.102159 0.009480 0.156126
v 0.102192 0.008978 0.156257
v 0.114830 0.009982 0.150876
v 0.115094 0.009848 0.151317
v 0.115286 0.009480 0.151639
v 0.115357 0.008978 0.151757
v 0.124448 0.009982 0.141957
v 0.124941 0.009848 0.142184
v 0.125303 0.009480 0.142350
v 0.125435 0.008978 0.142411
v 0.125854 0.009982 0.127932
v 0.126361 0.009848 0.127819
v 0.126733 0.009480 0.127736
v 0.126868 0.008978 0.127706
v 0.119821 0.009982 0.112004
v 0.120283 0.009848 0.111804
v 0.120622 0.009480 0.111657
v 0.120745 0.008978 0.111603
v 0.109260 0.009982 0.095370
v 0.109678 0.009848 0.095091
v 0.109983 0.009480 0.094887
v 0.110095 0.008978 0.094812
v 0.097021 0.009982 0.080755
v 0.097427 0.009848 0.080460
v 0.097724 0.009480 0.080244
v 0.097833 0.008978 0.080165
v 0.086142 0.009982 0.069273
v 0.086593 0.009848 0.069044
v 0.086923 0.009480 0.068877
v 0.087044 0.008978 0.068816
v 0.081814 0.009982 0.060082
v 0.082321 0.009848 0.060009
v 0.082692 0.009480 0.059956
v 0.082828 0.008978 0.059936
v 0.082198 0.009982 0.053237
v 0.082694 0.009848 0.053369
v 0.083057 0.009480 0.053465
v 0.083189 0.008978 0.053500
v 0.084468 0.009982 0.048674
v 0.084889 0.009848 0.048955
v 0.085197 0.009480 0.049160
v 0.085310 0.008978 0.049236
v 0.087445 0.009982 0.045244
v 0.087804 0.009848 0.045596
v 0.088067 0.009480 0.045853
v 0.088163 0.008978 0.045948
v 0.090487 0.009982 0.042493
v 0.090805 0.009848 0.042883
v 0.091037 0.009480 0.043168
v 0.091122 0.008978 0.043273
v 0.093019 0.009982 0.040645
v 0.093277 0.009848 0.041078
v 0.093466 0.009480 0.041394
v 0.093536 0.008978 0.041510
v 0.094766 0.009982 0.039809
v 0.094928 0.009848 0.040288
v 0.095047 0.009480 0.040639
v 0.095091 0.008978 0.040767
v 0.095867 0.009982 0.039577
v 0.095955 0.009848 0.040071
v 0.096019 0.009480 0.040433
v 0.096042 0.008978 0.040566
v 0.096485 0.008808 0.040399
v 0.096795 0.008806 0.039966
v 0.096889 0.008950 0.039403
v 0.096757 0.009466 0.039430
v 0.096395 0.009844 0.039492
v 0.095899 0.009982 0.039572
v 0.095989 0.009844 0.040066
v 0.096051 0.009466 0.040428
v 0.096069 0.008950 0.040562
v 0.086151 -0.008978 0.158895
v 0.086134 -0.009480 0.158762
v 0.086085 -0.009848 0.158398
v 0.086020 -0.009982 0.157900
v 0.102192 -0.008978 0.156257
v 0.102159 -0.009480 0.156126
v 0.102069 -0.009848 0.155769
v 0.101946 -0.009982 0.155280
v 0.115357 -0.008978 0.151757
v 0.115286 -0.009480 0.151639
v 0.115094 -0.009848 0.151317
v 0.114830 -0.009982 0.150876
v 0.125435 -0.008978 0.142411
v 0.125303 -0.009480 0.142350
v 0.124941 -0.009848 0.142184
v 0.124448 -0.009982 0.141957
v 0.126868 -0.008978 0.127706
v 0.126733 -0.009480 0.127736
v 0.126361 -0.009848 0.127819
v 0.125854 -0.009982 0.127932
v 0.120745 -0.008978 0.111603
v 0.120622 -0.009480 0.111657
v 0.120283 -0.009848 0.111804
v 0.119821 -0.009982 0.112004
v 0.110095 -0.008978 0.094812
v 0.109983 -0.009480 0.094887
v 0.109678 -0.009848 0.095091
v 0.109260 -0.009982 0.095370
v 0.097833 -0.008978 0.080165
v 0.097724 -0.009480 0.080244
v 0.097427 -0.009848 0.080460
v 0.097021 -0.009982 0.080755
v 0.087044 -0.008978 0.068816
v 0.086923 -0.009480 0.068877
v 0.086593 -0.009848 0.069044
v 0.086142 -0.009982 0.069273
v 0.082828 -0.008978 0.059936
v 0.082692 -0.009480 0.059956
v 0.082321 -0.009848 0.060009
v 0.081814 -0.009982 0.060082
v 0.083189 -0.008978 0.053500
v 0.083057 -0.009480 0.053465
v 0.082694 -0.009848 0.053369
v 0.082198 -0.009982 0.053237
v 0.085310 -0.008978 0.049236
v 0.085197 -0.009480 0.049160
v 0.084889 -0.009848 0.048955
v 0.084468 -0.009982 0.048674
v 0.088163 -0.008978 0.045948
v 0.088067 -0.009480 0.045853
v 0.087804 -0.009848 0.045596
v 0.087445 -0.009982 0.045244
v 0.091122 -0.008978 0.043273
v 0.091037 -0.009480 0.043168
v 0.090805 -0.009848 0.042883
v 0.090487 -0.009982 0.042493
v 0.093536 -0.008978 0.041510
v 0.093466 -0.009480 0.041394
v 0.093277 -0.009848 0.041078
v 0.093019 -0.009982 0.040645
v 0.095091 -0.008978 0.040767
v 0.095047 -0.009480 0.040639
v 0.094928 -0.009848 0.040288
v 0.094766 -0.009982 0.039809
v 0.096042 -0.008978 0.040566
v 0.096019 -0.009480 0.040433
v 0.095955 -0.009848 0.040071
v 0.095867 -0.009982 0.039577
v 0.096397 -0.009848 0.039501
v 0.096761 -0.009480 0.039449
v 0.096895 -0.008978 0.039430
v 0.096799 -0.008825 0.039983
v 0.096486 -0.008817 0.040406
v 0.096069 -0.008950 0.040562
v 0.096051 -0.009466 0.040428
v 0.095989 -0.009844 0.040066
v 0.095899 -0.009982 0.039572
v 0.094150 -0.009412 0.026721
v 0.093798 -0.009772 0.026797
v 0.093727 -0.009412 0.026444
v 0.093796 0.009771 0.026797
v 0.094149 0.009410 0.026721
v 0.093723 0.009408 0.026445
v 0.096442 0.009325 0.040313
v 0.096735 0.009316 0.039891
v 0.096389 0.009740 0.039946
v 0.096391 -0.009743 0.039953
v 0.096738 -0.009327 0.039903
v 0.096443 -0.009331 0.040319
v 0.113246 -0.009982 0.137682
v 0.112792 -0.009848 0.137460
v 0.112459 -0.009480 0.137298
v 0.112337 -0.008978 0.137238
v 0.112337 0.008978 0.137238
v 0.112459 0.009480 0.137298
v 0.112792 0.009848 0.137460
v 0.113246 0.009982 0.137682
v 0.120638 0.009982 0.147078
v 0.121037 0.009848 0.147387
v 0.121329 0.009480 0.147614
v 0.121436 0.008978 0.147697
v 0.121436 -0.008978 0.147697
v 0.121329 -0.009480 0.147614
v 0.121037 -0.009848 0.147387
v 0.120638 -0.009982 0.147078
v 0.114124 -0.009982 0.131741
v 0.113621 -0.009848 0.131845
v 0.113252 -0.009480 0.131921
v 0.113117 -0.008978 0.131949
v 0.113117 0.008978 0.131949
v 0.113252 0.009480 0.131921
v 0.113621 0.009848 0.131845
v 0.114124 0.009982 0.131741
v 0.125570 0.009982 0.134765
v 0.126073 0.009848 0.134794
v 0.126441 0.009480 0.134816
v 0.126575 0.008978 0.134823
v 0.126575 -0.008978 0.134823
v 0.126441 -0.009480 0.134816
v 0.126073 -0.009848 0.134794
v 0.125570 -0.009982 0.134765
vn 0.0106 0.0342 0.9994
vn 0.0377 -0.0018 0.9993
vn 0.6422 0.2486 0.7251
vn 0.6963 0.2434 0.6753
vn 0.7009 0.2471 0.6691
vn 0.7197 0.2539 0.6462
vn 0.0384 0.0483 0.9981
vn -0.0534 0.0024 0.9986
vn -0.7407 -0.0551 0.6696
vn -0.7487 -0.0501 0.6611
vn -0.7447 -0.0508 0.6655
vn -0.7350 -0.0425 0.6767
vn -0.0000 -0.0000 -1.0000
vn -0.0000 -0.0000 1.0000
vn -0.0008 0.9989 0.0471
vn -0.3093 0.9498 0.0471
vn -0.3092 0.9498 0.0471
vn 0.3081 0.9502 0.0471
vn 0.3080 0.9502 0.0471
vn 0.5867 0.8084 0.0471
vn 0.5866 0.8085 0.0471
vn 0.8077 0.5877 0.0471
vn 0.9498 0.3092 0.0471
vn 0.9498 0.3093 0.0471
vn 0.9989 0.0008 0.0471
vn 0.9502 -0.3080 0.0471
vn 0.8085 -0.5866 0.0471
vn 0.5877 -0.8077 0.0471
vn 0.5875 -0.8078 0.0471
vn 0.3091 -0.9498 0.0471
vn 0.3094 -0.9498 0.0471
vn 0.0008 -0.9989 0.0471
vn -0.3081 -0.9502 0.0471
vn -0.5866 -0.8085 0.0471
vn -0.5867 -0.8084 0.0471
vn -0.8077 -0.5877 0.0471
vn -0.9498 -0.3092 0.0471
vn -0.9498 -0.3094 0.0471
vn -0.9989 -0.0008 0.0471
vn -0.9502 0.3080 0.0471
vn -0.8085 0.5866 0.0471
vn -0.5876 0.8078 0.0471
vn -0.5875 0.8078 0.0471
vn -0.0111 -0.9988 0.0479
vn 0.1532 -0.9863 0.0614
vn 0.0522 -0.9949 0.0862
vn 0.1814 -0.9789 0.0939
vn -0.3270 0.9437 0.0490
vn -0.4436 0.8937 0.0671
vn -0.2324 0.9687 0.0873
vn -0.3241 0.9376 0.1260
vn -0.0001 0.9988 0.0499
vn -0.3135 0.9483 0.0491
vn -0.0007 0.9988 0.0498
vn -0.3088 0.9498 0.0499
vn 0.3117 0.9488 0.0503
vn 0.3131 0.9485 0.0491
vn 0.5886 0.8071 0.0465
vn 0.5866 0.8085 0.0461
vn 0.8059 0.5901 0.0478
vn 0.8075 0.5879 0.0482
vn 0.9501 0.3080 0.0492
vn 0.9501 0.3082 0.0487
vn 0.9989 -0.0029 0.0476
vn 0.9989 -0.0009 0.0477
vn 0.9492 -0.3114 0.0461
vn 0.9501 -0.3086 0.0464
vn 0.8082 -0.5871 0.0461
vn 0.8082 -0.5872 0.0461
vn 0.5899 -0.8062 0.0461
vn 0.5878 -0.8077 0.0465
vn 0.3072 -0.9505 0.0471
vn 0.3087 -0.9499 0.0482
vn 0.0006 -0.9990 0.0453
vn 0.0006 -0.9989 0.0465
vn -0.3055 -0.9510 0.0476
vn -0.3086 -0.9499 0.0488
vn -0.5887 -0.8070 0.0471
vn -0.5878 -0.8076 0.0474
vn -0.8073 -0.5883 0.0475
vn -0.8073 -0.5883 0.0471
vn -0.9499 -0.3086 0.0493
vn -0.9499 -0.3087 0.0483
vn -0.9989 0.0027 0.0473
vn -0.9989 0.0010 0.0471
vn -0.9505 0.3073 0.0465
vn -0.9501 0.3084 0.0463
vn -0.8075 0.5879 0.0478
vn -0.8098 0.5847 0.0477
vn -0.5882 0.8074 0.0465
vn -0.5885 0.8071 0.0475
vn -0.0021 0.9987 0.0512
vn -0.3069 0.9505 0.0488
vn -0.0018 0.9988 0.0499
vn -0.3088 0.9499 0.0471
vn 0.3086 0.9499 0.0495
vn 0.3094 0.9497 0.0490
vn 0.5876 0.8076 0.0497
vn 0.5859 0.8088 0.0495
vn 0.8065 0.5892 0.0496
vn 0.8073 0.5880 0.0500
vn 0.9506 0.3063 0.0502
vn 0.9499 0.3082 0.0516
vn 0.9989 -0.0034 0.0471
vn 0.9988 -0.0032 0.0479
vn 0.9501 -0.3083 0.0471
vn 0.8084 -0.5867 0.0471
vn 0.3102 -0.9495 0.0471
vn 0.3098 -0.9496 0.0474
vn 0.0022 -0.9988 0.0483
vn -0.0000 -0.9988 0.0486
vn -0.3068 -0.9505 0.0486
vn -0.3072 -0.9504 0.0489
vn -0.5859 -0.8088 0.0503
vn -0.5863 -0.8086 0.0505
vn -0.8095 -0.5848 0.0515
vn -0.8092 -0.5853 0.0506
vn -0.9509 -0.3057 0.0486
vn -0.9502 -0.3080 0.0479
vn -0.9988 -0.0013 0.0484
vn -0.9988 -0.0013 0.0480
vn -0.9485 0.3130 0.0492
vn -0.9506 0.3065 0.0499
vn -0.8090 0.5861 0.0450
vn -0.8090 0.5859 0.0471
vn -0.5915 0.8047 0.0507
vn -0.5829 0.8109 0.0512
vn -0.3094 0.9498 0.0471
vn 0.8078 0.5875 0.0471
vn 0.9498 0.3094 0.0471
vn 0.9503 -0.3078 0.0471
vn 0.5876 -0.8078 0.0471
vn -0.3080 -0.9502 0.0471
vn -0.5877 0.8077 0.0471
vn -0.0039 0.2332 -0.9724
vn -0.0755 0.2321 -0.9698
vn -0.0038 0.2357 -0.9718
vn -0.0671 0.2191 -0.9734
vn -0.0695 0.2279 0.9712
vn -0.0009 0.2330 0.9725
vn -0.0707 0.2297 0.9707
vn 0.0011 0.2382 0.9712
vn 0.0238 0.1315 -0.9910
vn 0.0277 0.1436 -0.9892
vn 0.1055 0.3646 0.9252
vn 0.1099 0.3772 0.9196
vn -0.1166 -0.1988 -0.9731
vn -0.1201 -0.1973 -0.9730
vn -0.0277 -0.0381 0.9989
vn -0.0215 -0.0227 0.9995
vn 0.1884 0.1478 -0.9709
vn 0.1829 0.1392 -0.9732
vn -0.0381 -0.0277 0.9989
vn -0.0262 -0.0230 0.9994
vn 0.0488 0.0109 -0.9988
vn 0.0516 0.0136 -0.9986
vn 0.3026 0.0808 0.9497
vn 0.2998 0.0832 0.9504
vn 0.1403 0.0141 -0.9900
vn 0.1449 0.0128 -0.9894
vn -0.0369 0.0182 0.9992
vn -0.0471 0.0174 0.9987
vn -0.1500 0.0583 -0.9870
vn -0.1361 0.0557 -0.9891
vn -0.0448 0.0146 0.9989
vn -0.0395 0.0112 0.9992
vn -0.2648 0.1824 -0.9469
vn -0.2632 0.1836 -0.9471
vn 0.1116 -0.0925 0.9894
vn 0.1119 -0.0904 0.9896
vn -0.0977 0.1027 -0.9899
vn -0.1076 0.1151 -0.9875
vn -0.0172 0.0395 0.9991
vn -0.0205 0.0434 0.9988
vn 0.0962 -0.2134 -0.9722
vn 0.0930 -0.2165 -0.9718
vn -0.0146 0.0448 0.9989
vn -0.0294 0.2826 -0.9588
vn -0.0242 0.2824 -0.9590
vn -0.0000 0.0471 0.9989
vn -0.0880 -0.3124 -0.9459
vn -0.0897 -0.2998 -0.9498
vn 0.0146 0.0448 0.9989
vn -0.0277 -0.0381 -0.9989
vn -0.0315 -0.0474 -0.9984
vn 0.0277 0.0381 0.9989
vn -0.0381 -0.0277 -0.9989
vn 0.0381 0.0277 0.9989
vn 0.0261 0.0229 0.9994
vn -0.0448 -0.0146 -0.9989
vn -0.3035 -0.0809 0.9494
vn -0.3008 -0.0835 0.9500
vn -0.0422 -0.0089 -0.9991
vn -0.0471 -0.0086 -0.9989
vn 0.0368 -0.0183 0.9992
vn 0.0471 -0.0175 0.9987
vn 0.1349 -0.0346 -0.9903
vn 0.1335 -0.0360 -0.9904
vn 0.0448 -0.0146 0.9989
vn 0.0397 -0.0113 0.9991
vn -0.0403 0.0108 -0.9991
vn -0.0410 0.0138 -0.9991
vn -0.1068 0.0886 0.9903
vn -0.1111 0.0914 0.9896
vn 0.1678 -0.1908 -0.9672
vn 0.1672 -0.1959 -0.9663
vn -0.0884 0.1223 0.9886
vn -0.0896 0.1252 0.9881
vn 0.0097 0.1708 -0.9853
vn -0.0103 0.0491 -0.9987
vn 0.0103 0.1624 -0.9867
vn -0.0159 0.0561 -0.9983
vn 0.0146 -0.0448 0.9989
vn -0.0000 0.4562 0.8899
vn 0.0044 -0.0115 0.9999
vn -0.0000 0.4748 0.8801
vn 0.1076 0.3449 -0.9325
vn 0.1084 0.3418 -0.9335
vn -0.0146 -0.0448 0.9989
vn -0.0094 -0.0195 0.9998
vn 0.1527 0.2095 -0.9658
vn 0.1535 0.2128 -0.9650
vn 0.1153 0.1421 0.9831
vn 0.1180 0.1462 0.9822
vn 0.2089 0.1518 -0.9661
vn 0.2219 0.1567 -0.9624
vn 0.1419 0.1042 0.9844
vn 0.1389 0.1025 0.9850
vn 0.5317 0.1807 -0.8274
vn 0.5451 0.1849 -0.8177
vn 0.0621 0.0253 0.9977
vn 0.0565 0.0240 0.9981
vn 0.0471 -0.0000 -0.9989
vn 0.0692 0.0053 -0.9976
vn -0.0445 0.0047 0.9990
vn -0.0471 0.0045 0.9989
vn 0.0448 -0.0146 -0.9989
vn 0.0381 -0.0277 -0.9989
vn -0.0381 0.0277 0.9989
vn 0.0277 -0.0381 -0.9989
vn -0.0277 0.0381 0.9989
vn 0.0055 -0.0545 -0.9985
vn 0.0043 -0.0481 -0.9988
vn -0.0007 -0.2997 -0.9540
vn -0.0026 -0.2931 -0.9561
vn -0.0942 -0.2898 -0.9524
vn -0.0995 -0.2975 -0.9495
vn -0.3124 -0.4282 -0.8479
vn -0.3176 -0.4354 -0.8424
vn 0.0167 0.0289 0.9994
vn -0.2613 -0.1966 -0.9450
vn -0.2689 -0.2047 -0.9412
vn -0.2968 -0.2156 0.9303
vn -0.3104 -0.2255 0.9235
vn -0.1814 -0.0656 -0.9812
vn -0.1881 -0.0686 -0.9797
vn 0.0448 0.0146 0.9989
vn 0.0277 0.0066 0.9996
vn -0.0504 0.0060 -0.9987
vn -0.0515 0.0050 -0.9987
vn -0.1067 0.0067 0.9943
vn -0.1185 0.0083 0.9929
vn -0.1727 0.0315 -0.9845
vn -0.1808 0.0361 -0.9829
vn -0.3367 0.1204 0.9339
vn -0.3332 0.1160 0.9357
vn 0.2889 -0.1710 -0.9420
vn 0.2886 -0.1766 -0.9410
vn 0.0187 -0.0367 0.9992
vn 0.0170 -0.0297 0.9994
vn -0.2378 0.3032 -0.9228
vn -0.2264 0.2970 -0.9277
vn -0.2389 0.3288 0.9137
vn -0.2493 0.3431 0.9056
vn 0.4708 -0.8540 -0.2215
vn 0.4698 -0.8823 -0.0287
vn 0.2024 -0.9747 0.0953
vn 0.3090 -0.9497 -0.0508
vn 0.0633 0.9940 -0.0895
vn -0.1498 0.9880 -0.0365
vn 0.0022 0.9952 -0.0974
vn 0.0008 0.9987 -0.0513
vn 0.1329 -0.9907 -0.0286
vn 0.0810 -0.9955 -0.0484
vn -0.0007 -0.9987 -0.0512
vn 0.3078 -0.9501 -0.0512
vn -0.0006 -0.9987 -0.0512
vn 0.3080 -0.9500 -0.0512
vn -0.3094 -0.9496 -0.0512
vn -0.3093 -0.9496 -0.0512
vn -0.5876 -0.8075 -0.0512
vn -0.5876 -0.8076 -0.0512
vn -0.8084 -0.5863 -0.0512
vn -0.8084 -0.5865 -0.0512
vn -0.9500 -0.3080 -0.0512
vn -0.9987 0.0007 -0.0512
vn -0.9987 0.0006 -0.0512
vn -0.9496 0.3093 -0.0512
vn -0.8076 0.5875 -0.0512
vn -0.8076 0.5876 -0.0512
vn -0.5865 0.8084 -0.0512
vn -0.5863 0.8085 -0.0512
vn -0.3078 0.9501 -0.0512
vn -0.3080 0.9500 -0.0512
vn 0.0007 0.9987 -0.0512
vn 0.0008 0.9987 -0.0512
vn 0.3094 0.9496 -0.0512
vn 0.3093 0.9496 -0.0512
vn 0.5876 0.8076 -0.0512
vn 0.8084 0.5864 -0.0512
vn 0.8085 0.5863 -0.0512
vn 0.9500 0.3080 -0.0512
vn 0.9987 -0.0007 -0.0512
vn 0.9987 -0.0006 -0.0512
vn 0.9496 -0.3093 -0.0512
vn 0.8075 -0.5876 -0.0512
vn 0.5865 -0.8084 -0.0512
vn 0.5863 -0.8085 -0.0512
vn -0.0018 -0.9987 -0.0512
vn -0.5877 -0.8074 -0.0512
vn -0.9987 0.0008 -0.0512
vn -0.9496 0.3092 -0.0512
vn -0.8074 0.5877 -0.0512
vn -0.3086 0.9498 -0.0512
vn 0.3101 0.9493 -0.0512
vn 0.5877 0.8074 -0.0512
vn 0.9987 -0.0000 -0.0512
vn 0.9495 -0.3094 -0.0516
vn 0.8069 -0.5885 -0.0512
vn 0.5870 -0.8080 -0.0512
vn 0.1528 0.9877 -0.0337
vn 0.0526 0.9942 -0.0939
vn 0.8941 -0.4459 -0.0407
vn 0.9296 -0.3007 -0.2129
vn 0.9578 -0.1921 -0.2138
vn 0.7769 -0.5815 -0.2415
vn 0.9852 -0.1656 -0.0449
vn 0.0864 0.0849 0.9926
vn -0.0695 -0.1390 0.9878
vn 0.0680 0.7127 0.6982
vn -0.0169 0.6799 0.7331
vn -0.0382 0.6729 0.7387
vn -0.0306 0.6726 0.7394
vn -0.9397 0.3356 0.0663
vn -0.9820 0.1752 0.0701
vn -0.8594 0.2232 0.4600
vn -0.7181 0.5867 0.3744
vn -0.9957 0.0027 0.0926
vn -0.9017 0.4271 0.0671
vn -0.0942 -0.9870 0.1299
vn -0.1512 -0.9863 0.0652
vn -0.1303 0.9849 0.1138
vn -0.1607 0.9852 0.0593
vn -0.0800 -0.8601 0.5039
vn 0.0310 -0.8121 0.5828
vn 0.0734 -0.7962 0.6006
vn 0.0736 -0.7959 0.6009
vn 0.8531 0.1013 0.5118
vn 0.7972 0.1425 0.5866
vn 0.8542 0.1531 0.4969
vn 0.7909 0.1670 0.5887
vn -0.5225 -0.0901 0.8479
vn -0.1483 -0.0732 0.9862
vn -0.1604 0.0011 0.9870
vn -0.4431 -0.1669 0.8808
vn -0.0341 0.0462 0.9984
vn -0.2988 0.4043 0.8644
vn -0.0498 0.0372 0.9981
vn -0.4040 0.3008 0.8639
vn -0.5081 0.6880 0.5182
vn -0.6873 0.5095 0.5176
vn -0.5919 0.8027 0.0730
vn -0.8028 0.5918 0.0730
vn -0.0577 -0.0020 0.9983
vn -0.5020 -0.0178 0.8647
vn -0.0560 -0.0181 0.9983
vn -0.4779 -0.1549 0.8646
vn -0.8553 -0.0298 0.5172
vn -0.8131 -0.2638 0.5190
vn -0.9969 -0.0314 0.0727
vn -0.9484 -0.3084 0.0732
vn 0.0187 -0.0543 0.9983
vn 0.1637 -0.4755 0.8643
vn 0.0345 -0.0477 0.9983
vn 0.2949 -0.4066 0.8647
vn 0.2777 -0.8092 0.5177
vn 0.5021 -0.6917 0.5190
vn 0.3219 -0.9440 0.0729
vn 0.5864 -0.8067 0.0732
vn 0.6934 -0.5309 0.4872
vn 0.7875 -0.4032 0.4661
vn 0.7957 -0.6054 -0.0195
vn 0.3884 -0.2983 0.8719
vn 0.4517 -0.2320 0.8615
vn 0.0352 -0.0271 0.9990
vn 0.0268 -0.0136 0.9995
vn 0.3159 0.9228 0.2205
vn 0.1522 0.9606 0.2324
vn 0.3224 0.9464 -0.0194
vn 0.2339 0.6815 0.6934
vn 0.1147 0.7154 0.6892
vn 0.2339 0.6816 0.6934
vn 0.0862 0.2495 0.9645
vn 0.0145 0.0421 0.9990
vn 0.0441 0.2780 0.9596
vn 0.0058 0.0365 0.9993
vn -0.0240 -0.9751 0.2205
vn 0.1526 -0.9634 0.2203
vn -0.0221 -0.9996 -0.0197
vn -0.0196 -0.7204 0.6933
vn 0.1130 -0.7149 0.6900
vn 0.1130 -0.7149 0.6901
vn -0.0012 -0.0441 0.9990
vn -0.0074 -0.2640 0.9645
vn 0.0297 -0.2676 0.9631
vn 0.0250 -0.0345 0.9991
vn -0.0775 0.0397 0.9962
vn 0.0678 -0.0110 0.9976
vn -0.0464 0.0073 0.9989
vn 0.0435 0.0013 0.9991
vn 0.0415 0.0134 0.9991
vn -0.0477 -0.0345 0.9983
vn 0.0353 0.0256 0.9991
vn -0.0347 -0.0476 0.9983
vn 0.0256 0.0352 0.9991
vn -0.0195 -0.0579 0.9981
vn -0.0114 -0.0714 0.9974
vn -0.0132 0.0405 0.9991
vn -0.0256 0.0353 0.9990
vn 0.0476 -0.0346 0.9983
vn -0.0352 0.0257 0.9990
vn 0.0560 -0.0183 0.9983
vn -0.0414 0.0135 0.9991
vn 0.0589 -0.0001 0.9983
vn -0.0436 -0.0000 0.9990
vn 0.0560 0.0181 0.9983
vn -0.0415 -0.0134 0.9991
vn 0.0477 0.0345 0.9983
vn -0.0353 -0.0256 0.9991
vn 0.0347 0.0476 0.9983
vn -0.0256 -0.0352 0.9991
vn 0.0183 0.0560 0.9983
vn -0.0135 -0.0414 0.9991
vn 0.0017 0.0591 0.9982
vn 0.3083 0.9501 0.0471
vn 0.0149 0.9988 0.0471
vn 0.3082 0.9485 0.0732
vn 0.0223 0.9971 0.0728
vn 0.5868 0.8083 0.0471
vn 0.5862 0.8068 0.0732
vn 0.8081 0.5871 0.0471
vn 0.8068 0.5862 0.0732
vn 0.9500 0.3087 0.0471
vn 0.9485 0.3082 0.0732
vn 0.9989 0.0004 0.0471
vn 0.9973 -0.0000 0.0732
vn 0.9485 -0.3082 0.0732
vn 0.8081 -0.5871 0.0471
vn 0.8068 -0.5862 0.0732
vn 0.5871 -0.8081 0.0471
vn 0.3185 -0.9468 0.0472
vn -0.3134 -0.9484 0.0471
vn -0.3147 -0.9464 0.0731
vn -0.5868 -0.8084 0.0471
vn -0.5862 -0.8068 0.0732
vn -0.8081 -0.5871 0.0471
vn -0.8068 -0.5862 0.0732
vn -0.9500 -0.3087 0.0471
vn -0.9987 -0.0199 0.0473
vn -0.8052 0.5911 0.0471
vn -0.5914 0.8050 0.0472
vn 0.5930 -0.8050 -0.0193
vn 0.9996 0.0217 -0.0198
vn 0.9510 0.3086 -0.0193
vn 0.8091 0.5874 -0.0193
vn 0.5880 0.8087 -0.0193
vn -0.3221 0.9465 -0.0195
vn -0.5874 0.8091 -0.0193
vn -0.8087 0.5880 -0.0193
vn -0.9508 0.3093 -0.0193
vn -0.9998 0.0004 -0.0193
vn -0.9510 -0.3086 -0.0193
vn -0.8091 -0.5874 -0.0193
vn -0.5880 -0.8087 -0.0193
vn -0.3093 -0.9508 -0.0193
vn -0.0081 0.0510 0.9987
vn 0.0094 -0.0593 0.9982
vn 0.0219 -0.0430 0.9988
vn -0.0275 0.0538 0.9982
vn -0.0101 -0.8322 0.5543
vn -0.5933 -0.0535 0.8032
vn -0.5024 0.2563 0.8258
vn -0.7954 0.3999 0.4554
vn 0.7982 0.0604 0.5994
vn 0.0708 -0.6455 0.7605
vn -0.0849 -0.5349 0.8406
vn -0.1365 -0.8708 0.4724
vn -0.0875 0.5155 0.8524
vn 0.3406 0.8227 0.4551
vn -0.1215 0.8885 0.4424
vn 0.5802 0.7809 -0.2315
vn 0.5631 0.7455 -0.3567
vn 0.5875 0.8058 -0.0743
vn 0.5739 0.8071 0.1389
vn 0.1688 -0.6799 0.7136
vn -0.6109 0.7892 -0.0638
vn -0.4367 0.6981 0.5674
vn 0.6455 0.2675 0.7154
vn 0.7032 -0.7009 0.1196
vn 0.7400 -0.5966 0.3107
vn 0.1441 -0.8718 0.4681
vn 0.2956 -0.6894 0.6614
vn 0.0829 -0.5193 0.8506
vn -0.5943 -0.1689 0.7863
vn -0.5604 0.1319 0.8176
vn 0.3719 0.7741 0.5124
vn 0.4380 0.8980 -0.0417
vn 0.0473 0.6541 0.7550
vn 0.6122 -0.7825 0.1137
vn 0.6054 -0.7946 -0.0450
vn -0.6760 -0.6687 -0.3096
vn -0.6695 -0.6217 -0.4066
vn -0.6731 -0.7165 -0.1830
vn -0.6505 -0.7594 -0.0115
vn -0.1251 0.5642 0.8161
vn -0.3975 0.7748 0.4916
vn -0.3458 0.6050 0.7172
vn -0.2350 0.4605 0.8560
vn 0.4358 0.3489 0.8297
vn 0.5690 -0.0071 0.8223
vn -0.0593 -0.7914 0.6084
vn 0.3257 -0.6476 0.6889
vn 0.3121 -0.6551 0.6881
vn -0.1162 -0.9893 0.0876
vn -0.5223 0.0837 0.8487
vn -0.8759 0.1393 0.4620
vn -0.6918 -0.5021 0.5190
vn -0.4066 -0.2949 0.8647
vn -0.5028 -0.6913 0.5190
vn -0.2957 -0.4062 0.8646
vn -0.2716 -0.8111 0.5181
vn -0.1604 -0.4768 0.8642
vn 0.6913 -0.5027 0.5191
vn 0.4062 -0.2956 0.8646
vn 0.8128 -0.2645 0.5190
vn 0.4777 -0.1557 0.8646
vn 0.8548 -0.0004 0.5190
vn 0.5024 -0.0004 0.8647
vn 0.8131 0.2638 0.5190
vn 0.4779 0.1548 0.8647
vn 0.6918 0.5021 0.5190
vn 0.4067 0.2950 0.8646
vn 0.5028 0.6913 0.5190
vn 0.2957 0.4062 0.8646
vn 0.2646 0.8129 0.5189
vn 0.1557 0.4777 0.8646
vn 0.0226 0.8553 0.5176
vn 0.0142 0.5027 0.8643
vn 0.5790 -0.7849 0.2205
vn 0.4428 -0.8691 0.2204
vn 0.1567 -0.2125 0.9645
vn 0.1226 -0.2402 0.9630
vn 0.4278 -0.5798 0.6934
vn 0.9751 0.0237 0.2205
vn 0.9664 -0.1531 0.2063
vn 0.2637 0.0079 0.9646
vn 0.2516 -0.0408 0.9670
vn 0.7204 0.0194 0.6933
vn 0.7204 0.0193 0.6933
vn 0.7169 -0.1149 0.6877
vn 0.9276 0.3014 0.2206
vn 0.6853 0.2227 0.6934
vn 0.6854 0.2223 0.6934
vn 0.2510 0.0816 0.9645
vn 0.7891 0.5733 0.2205
vn 0.5832 0.4231 0.6934
vn 0.5833 0.4230 0.6934
vn 0.2135 0.1551 0.9645
vn 0.5733 0.7891 0.2206
vn 0.4241 0.5825 0.6934
vn 0.4238 0.5827 0.6934
vn 0.1554 0.2133 0.9645
vn -0.3157 0.9229 0.2206
vn -0.1526 0.9632 0.2211
vn -0.0857 0.2498 0.9645
vn -0.0426 0.2673 0.9627
vn -0.2339 0.6816 0.6934
vn -0.2338 0.6816 0.6934
vn -0.1136 0.7153 0.6896
vn -0.5733 0.7891 0.2206
vn -0.4231 0.5832 0.6934
vn -0.4230 0.5833 0.6934
vn -0.1552 0.2135 0.9645
vn -0.7891 0.5733 0.2205
vn -0.5829 0.4235 0.6934
vn -0.5827 0.4238 0.6934
vn -0.2135 0.1552 0.9645
vn -0.9276 0.3014 0.2206
vn -0.6852 0.2230 0.6934
vn -0.6851 0.2232 0.6934
vn -0.2510 0.0816 0.9645
vn -0.9754 -0.0000 0.2206
vn -0.7205 0.0005 0.6934
vn -0.2640 -0.0000 0.9645
vn -0.9276 -0.3014 0.2206
vn -0.6853 -0.2227 0.6934
vn -0.6854 -0.2222 0.6934
vn -0.2510 -0.0816 0.9645
vn -0.7891 -0.5733 0.2205
vn -0.5832 -0.4231 0.6934
vn -0.5829 -0.4235 0.6934
vn -0.2138 -0.1548 0.9645
vn -0.5737 -0.7888 0.2206
vn -0.4239 -0.5826 0.6934
vn -0.4238 -0.5827 0.6934
vn -0.1551 -0.2135 0.9645
vn -0.3014 -0.9276 0.2206
vn -0.2232 -0.6851 0.6934
vn -0.0816 -0.2510 0.9645
vn 0.0132 -0.0406 -0.9991
vn 0.0251 -0.0345 -0.9991
vn -0.0204 0.0629 -0.9978
vn -0.0389 0.0534 -0.9978
vn 0.0345 -0.0250 -0.9991
vn -0.0535 0.0388 -0.9978
vn 0.0406 -0.0132 -0.9991
vn -0.0629 0.0204 -0.9978
vn 0.0426 -0.0000 -0.9991
vn -0.0661 -0.0001 -0.9978
vn 0.0406 0.0132 -0.9991
vn -0.0628 -0.0205 -0.9978
vn 0.0345 0.0251 -0.9991
vn -0.0534 -0.0389 -0.9978
vn 0.0250 0.0345 -0.9991
vn -0.0388 -0.0535 -0.9978
vn 0.0132 0.0406 -0.9991
vn -0.0204 -0.0629 -0.9978
vn -0.0000 0.0427 -0.9991
vn 0.0001 -0.0661 -0.9978
vn -0.0132 0.0406 -0.9991
vn 0.0205 -0.0628 -0.9978
vn -0.0251 0.0345 -0.9991
vn 0.0389 -0.0534 -0.9978
vn -0.0345 0.0250 -0.9991
vn 0.0535 -0.0388 -0.9978
vn -0.0406 0.0132 -0.9991
vn 0.0629 -0.0204 -0.9978
vn -0.0427 -0.0000 -0.9991
vn 0.0661 0.0001 -0.9978
vn -0.0406 -0.0132 -0.9991
vn 0.0628 0.0205 -0.9978
vn -0.0345 -0.0251 -0.9991
vn 0.0534 0.0389 -0.9978
vn -0.0250 -0.0345 -0.9991
vn 0.0388 0.0535 -0.9978
vn -0.0132 -0.0406 -0.9991
vn 0.0204 0.0629 -0.9978
vn -0.0000 -0.0426 -0.9991
vn -0.0001 0.0661 -0.9978
vn -0.3093 0.9509 0.0073
vn -0.5880 0.8088 0.0073
vn -0.3090 0.9499 0.0471
vn -0.5871 0.8081 0.0471
vn -0.8092 0.5875 0.0073
vn -0.8081 0.5871 0.0471
vn -0.9511 0.3087 0.0073
vn -0.9500 0.3087 0.0471
vn -1.0000 -0.0003 0.0073
vn -0.9989 -0.0005 0.0471
vn -0.9509 -0.3093 0.0073
vn -0.8088 -0.5880 0.0073
vn -0.5875 -0.8092 0.0073
vn -0.5871 -0.8081 0.0471
vn -0.3087 -0.9511 0.0073
vn -0.3083 -0.9501 0.0471
vn 0.0003 -1.0000 0.0073
vn -0.0000 -0.9989 0.0471
vn 0.3093 -0.9509 0.0073
vn 0.3087 -0.9500 0.0471
vn 0.5880 -0.8088 0.0073
vn 0.8092 -0.5875 0.0073
vn 0.9511 -0.3087 0.0073
vn 0.9501 -0.3082 0.0471
vn 1.0000 0.0003 0.0073
vn 0.9989 -0.0000 0.0471
vn 0.9509 0.3093 0.0073
vn 0.8088 0.5880 0.0073
vn 0.8079 0.5874 0.0471
vn 0.5875 0.8092 0.0073
vn 0.5868 0.8084 0.0471
vn 0.3087 0.9511 0.0073
vn 0.3087 0.9500 0.0471
vn -0.0003 1.0000 0.0073
vn -0.0000 0.9989 0.0471
vn 0.5851 -0.8051 -0.0975
vn 0.3076 -0.9465 -0.0975
vn 0.5878 -0.8090 -0.0000
vn 0.3090 -0.9511 -0.0000
vn 0.8052 -0.5849 -0.0975
vn 0.8090 -0.5878 -0.0000
vn 0.9466 -0.3075 -0.0975
vn 0.9511 -0.3090 -0.0000
vn 0.9952 0.0001 -0.0975
vn 1.0000 -0.0000 -0.0000
vn 0.9465 0.3076 -0.0975
vn 0.9511 0.3090 -0.0000
vn 0.8051 0.5851 -0.0975
vn 0.8090 0.5878 -0.0000
vn 0.5849 0.8052 -0.0975
vn 0.5878 0.8090 -0.0000
vn 0.3075 0.9466 -0.0975
vn 0.3090 0.9511 -0.0000
vn -0.0001 0.9952 -0.0975
vn -0.0000 1.0000 -0.0000
vn -0.3076 0.9465 -0.0975
vn -0.3090 0.9511 -0.0000
vn -0.5851 0.8051 -0.0975
vn -0.5878 0.8090 -0.0000
vn -0.8052 0.5849 -0.0975
vn -0.8090 0.5878 -0.0000
vn -0.9466 0.3075 -0.0975
vn -0.9511 0.3090 -0.0000
vn -0.9952 -0.0001 -0.0975
vn -1.0000 -0.0000 -0.0000
vn -0.9465 -0.3076 -0.0975
vn -0.9511 -0.3090 -0.0000
vn -0.8051 -0.5851 -0.0975
vn -0.8090 -0.5878 -0.0000
vn -0.5849 -0.8052 -0.0975
vn -0.5878 -0.8090 -0.0000
vn -0.3075 -0.9466 -0.0975
vn -0.3090 -0.9511 -0.0000
vn 0.0001 -0.9952 -0.0975
vn -0.0000 -1.0000 -0.0000
vn 0.1170 -0.3601 -0.9255
vn 0.2226 -0.3063 -0.9255
vn 0.2854 -0.8769 -0.3867
vn 0.5420 -0.7461 -0.3867
vn 0.3063 -0.2226 -0.9255
vn 0.7461 -0.5420 -0.3867
vn 0.3601 -0.1170 -0.9255
vn 0.8771 -0.2850 -0.3867
vn 0.3786 -0.0000 -0.9255
vn 0.9222 0.0004 -0.3868
vn 0.3600 0.1175 -0.9255
vn 0.8771 0.2850 -0.3867
vn 0.3063 0.2226 -0.9255
vn 0.7461 0.5420 -0.3867
vn 0.2226 0.3063 -0.9255
vn 0.5420 0.7461 -0.3867
vn 0.1166 0.3603 -0.9255
vn 0.2845 0.8772 -0.3867
vn -0.0005 0.3786 -0.9255
vn -0.0000 0.9222 -0.3867
vn -0.1170 0.3601 -0.9255
vn -0.2850 0.8771 -0.3867
vn -0.2226 0.3063 -0.9255
vn -0.5420 0.7461 -0.3868
vn -0.3063 0.2226 -0.9255
vn -0.7463 0.5418 -0.3867
vn -0.3602 0.1167 -0.9255
vn -0.8770 0.2850 -0.3868
vn -0.3786 -0.0000 -0.9255
vn -0.9222 -0.0000 -0.3867
vn -0.3600 -0.1173 -0.9255
vn -0.8771 -0.2850 -0.3867
vn -0.3063 -0.2226 -0.9255
vn -0.7461 -0.5420 -0.3868
vn -0.2226 -0.3063 -0.9255
vn -0.5416 -0.7464 -0.3867
vn -0.1167 -0.3602 -0.9255
vn -0.2850 -0.8771 -0.3867
vn 0.0003 -0.3786 -0.9255
vn 0.0004 -0.9222 -0.3867
vn -0.1203 0.3703 -0.9211
vn -0.0000 0.3894 -0.9211
vn -0.2890 0.8894 -0.3541
vn -0.0004 0.9352 -0.3541
vn -0.5501 0.7563 -0.3541
vn -0.2291 0.3148 -0.9211
vn -0.7566 0.5497 -0.3541
vn -0.3152 0.2286 -0.9211
vn -0.8894 0.2890 -0.3541
vn -0.3703 0.1203 -0.9211
vn -0.9352 -0.0000 -0.3541
vn -0.3894 -0.0000 -0.9211
vn -0.8894 -0.2890 -0.3541
vn -0.3703 -0.1203 -0.9211
vn -0.7563 -0.5501 -0.3541
vn -0.3150 -0.2289 -0.9211
vn -0.5497 -0.7566 -0.3541
vn -0.2289 -0.3150 -0.9211
vn -0.2890 -0.8894 -0.3541
vn -0.1199 -0.3705 -0.9211
vn -0.0000 -0.9352 -0.3541
vn 0.0003 -0.3894 -0.9211
vn 0.2890 -0.8894 -0.3541
vn 0.1203 -0.3703 -0.9211
vn 0.5497 -0.7566 -0.3541
vn 0.2291 -0.3148 -0.9211
vn 0.7566 -0.5497 -0.3541
vn 0.3153 -0.2285 -0.9211
vn 0.8894 -0.2890 -0.3541
vn 0.3703 -0.1203 -0.9211
vn 0.9352 0.0004 -0.3541
vn 0.3894 -0.0000 -0.9211
vn 0.8894 0.2890 -0.3541
vn 0.3703 0.1203 -0.9211
vn 0.7564 0.5500 -0.3541
vn 0.3150 0.2289 -0.9211
vn 0.5494 0.7568 -0.3541
vn 0.2289 0.3150 -0.9211
vn 0.2890 0.8894 -0.3541
vn 0.1200 0.3704 -0.9211
vn 0.0010 -0.9999 0.0103
vn 0.0501 -0.8660 0.4975
vn 0.0502 -0.8660 0.4975
vn 0.0868 -0.5000 0.8617
vn 0.0709 -0.7071 0.7036
vn 0.1001 -0.0073 0.9949
vn 0.0969 -0.2588 0.9611
vn 0.1003 -0.0073 0.9949
vn 0.1001 0.0073 0.9950
vn 0.0868 0.5000 0.8617
vn 0.1003 0.0073 0.9949
vn 0.0969 0.2588 0.9611
vn 0.0501 0.8660 0.4975
vn 0.0709 0.7071 0.7036
vn 0.0709 0.7071 0.7035
vn 0.0010 0.9999 0.0103
vn -0.1001 -0.0073 -0.9949
vn -0.0868 -0.5000 -0.8617
vn -0.1003 -0.0073 -0.9949
vn -0.0869 -0.5000 -0.8617
vn -0.0708 -0.7071 -0.7035
vn -0.0709 -0.7071 -0.7035
vn -0.0259 -0.9659 -0.2575
vn -0.0010 -0.9999 -0.0103
vn -0.0260 -0.9659 -0.2575
vn -0.0011 -0.9999 -0.0103
vn -0.0010 0.9999 -0.0103
vn -0.0259 0.9659 -0.2575
vn -0.0260 0.9659 -0.2575
vn -0.0708 0.7071 -0.7035
vn -0.0868 0.5000 -0.8617
vn -0.0709 0.7071 -0.7035
vn -0.0869 0.5000 -0.8616
vn -0.1001 0.0073 -0.9949
vn -0.1003 0.0073 -0.9949
vn -0.0774 -0.9661 -0.2464
vn -0.0168 -0.9654 -0.2603
vn -0.0035 -0.9999 -0.0110
vn 0.0563 -0.9982 -0.0213
vn -0.2608 -0.4946 -0.8291
vn -0.1075 -0.7068 -0.6992
vn -0.2118 -0.7079 -0.6738
vn -0.1082 -0.7069 -0.6990
vn -0.3003 -0.0073 -0.9538
vn -0.1586 -0.0069 -0.9873
vn -0.1704 -0.2591 -0.9507
vn 0.2524 -0.9659 -0.0571
vn 0.2414 -0.9696 -0.0394
vn 0.2552 -0.9660 -0.0411
vn 0.6919 -0.7072 -0.1456
vn 0.6909 -0.7081 -0.1456
vn 0.6952 -0.7073 -0.1279
vn 0.8536 -0.4966 -0.1575
vn 0.9460 -0.2588 -0.1950
vn 0.9787 -0.0072 -0.2053
vn 0.9831 -0.0072 -0.1827
vn 0.8953 -0.0046 -0.4454
vn 0.9786 0.0073 -0.2054
vn 0.8942 0.0047 -0.4476
vn 0.5473 -0.0055 -0.8369
vn 0.5472 -0.0055 -0.8370
vn 0.5427 0.0057 -0.8399
vn 0.5429 0.0056 -0.8397
vn 0.0489 -0.0045 -0.9988
vn 0.0459 0.0048 -0.9989
vn -0.1587 0.0069 -0.9873
vn 0.8486 0.4989 -0.1760
vn 0.9832 0.0073 -0.1823
vn 0.8580 0.4888 -0.1582
vn 0.6923 0.7069 -0.1451
vn 0.7048 0.6975 -0.1294
vn 0.0563 0.9982 -0.0215
vn 0.2476 0.9680 -0.0401
vn 0.2525 0.9659 -0.0573
vn 0.2619 0.9642 -0.0424
vn 0.9328 0.0042 0.3604
vn 0.9293 -0.0034 0.3694
vn 0.8132 0.0048 0.5819
vn 0.8045 -0.0037 0.5940
vn 0.3444 0.0077 0.9388
vn 0.3309 -0.0074 0.9436
vn 0.3653 0.0035 0.9309
vn 0.3504 -0.0033 0.9366
vn -0.1297 -0.0074 -0.9915
vn -0.1297 0.0074 -0.9915
vn -0.2401 -0.0075 -0.9707
vn -0.2401 0.0074 -0.9707
vn -0.3470 -0.0076 -0.9378
vn -0.3470 0.0076 -0.9378
vn -0.7996 -0.0078 -0.6005
vn -0.7995 0.0078 -0.6006
vn -0.9893 -0.0087 -0.1459
vn -0.9893 0.0087 -0.1459
vn -0.9798 -0.0075 0.1999
vn -0.9798 0.0076 0.1999
vn -0.9298 -0.0073 0.3679
vn -0.9298 0.0073 0.3679
vn -0.8739 -0.0074 0.4861
vn -0.8739 0.0074 0.4861
vn -0.7996 -0.0074 0.6005
vn -0.8006 0.0074 0.5992
vn -0.7477 -0.0073 0.6639
vn -0.7470 0.0073 0.6647
vn -0.8142 -0.0071 0.5806
vn -0.8142 0.0071 0.5806
vn -0.9648 -0.0071 0.2630
vn -0.9648 0.0072 0.2629
vn -0.9931 -0.0072 -0.1171
vn -0.9931 0.0072 -0.1171
vn -0.9017 -0.0072 -0.4322
vn -0.9017 0.0072 -0.4322
vn -0.7714 -0.0072 -0.6363
vn -0.7714 0.0072 -0.6363
vn -0.6634 -0.0073 -0.7482
vn -0.6634 0.0073 -0.7482
vn -0.5581 -0.0073 -0.8298
vn -0.5581 0.0073 -0.8297
vn -0.4251 -0.0073 -0.9051
vn -0.4251 0.0072 -0.9051
vn -0.3005 0.0072 -0.9537
vn 0.0014 0.9999 0.0106
vn -0.0013 1.0000 -0.0097
vn 0.0027 0.9999 0.0112
vn -0.0021 1.0000 -0.0087
vn 0.0050 0.9999 0.0115
vn -0.0029 1.0000 -0.0075
vn 0.0095 0.9999 0.0105
vn 0.0149 0.9999 0.0059
vn -0.0050 1.0000 -0.0033
vn -0.0066 1.0000 -0.0010
vn 0.0128 0.9999 0.0013
vn 0.0142 0.9999 -0.0035
vn -0.0080 1.0000 0.0017
vn -0.0074 1.0000 0.0030
vn 0.0113 0.9999 -0.0058
vn -0.0076 1.0000 0.0042
vn 0.0095 0.9999 -0.0069
vn -0.0075 1.0000 0.0056
vn 0.0081 0.9999 -0.0072
vn -0.0076 0.9999 0.0068
vn 0.0063 1.0000 -0.0045
vn -0.0101 0.9999 0.0074
vn -0.0135 0.9999 0.0038
vn 0.0067 1.0000 -0.0016
vn -0.0143 0.9999 -0.0017
vn 0.0068 1.0000 0.0016
vn -0.0124 0.9999 -0.0060
vn 0.0064 1.0000 0.0043
vn -0.0096 0.9999 -0.0079
vn 0.0064 1.0000 0.0062
vn -0.0077 0.9999 -0.0087
vn 0.0059 1.0000 0.0071
vn -0.0065 0.9999 -0.0096
vn 0.0046 1.0000 0.0073
vn -0.0051 0.9999 -0.0108
vn 0.0029 1.0000 0.0077
vn -0.0034 0.9999 -0.0110
vn 0.0019 1.0000 0.0090
vn 0.1298 0.0073 0.9915
vn 0.1312 -0.0073 0.9913
vn 0.2374 0.0073 0.9714
vn 0.2374 -0.0072 0.9714
vn 0.4065 0.0072 0.9136
vn 0.4065 -0.0072 0.9136
vn 0.6801 0.0070 0.7331
vn 0.6801 -0.0071 0.7331
vn 0.9287 0.0076 0.3708
vn 0.9287 -0.0076 0.3708
vn 0.9953 0.0072 0.0970
vn 0.9953 -0.0072 0.0970
vn 0.9699 0.0073 -0.2435
vn 0.9699 -0.0073 -0.2435
vn 0.8909 0.0072 -0.4542
vn 0.8909 -0.0072 -0.4542
vn 0.8081 0.0072 -0.5889
vn 0.8075 -0.0072 -0.5899
vn 0.7482 0.0073 -0.6634
vn 0.7482 -0.0072 -0.6634
vn 0.8031 0.0075 -0.5958
vn 0.8031 -0.0075 -0.5958
vn 0.9697 0.0078 -0.2441
vn 0.9697 -0.0078 -0.2441
vn 0.9741 0.0077 0.2260
vn 0.9741 -0.0078 0.2260
vn 0.8351 0.0075 0.5500
vn 0.8351 -0.0075 0.5500
vn 0.7161 0.0074 0.6980
vn 0.7161 -0.0074 0.6980
vn 0.6368 0.0074 0.7710
vn 0.6368 -0.0074 0.7710
vn 0.5338 0.0075 0.8455
vn 0.5339 -0.0075 0.8455
vn 0.3526 0.0076 0.9357
vn 0.3526 -0.0076 0.9358
vn 0.2061 0.0075 0.9785
vn 0.2061 -0.0075 0.9785
vn 0.0014 -0.9999 0.0106
vn -0.0013 -1.0000 -0.0097
vn 0.0027 -0.9999 0.0112
vn -0.0022 -1.0000 -0.0087
vn 0.0050 -0.9999 0.0115
vn -0.0029 -1.0000 -0.0075
vn 0.0095 -0.9999 0.0105
vn -0.0050 -1.0000 -0.0033
vn 0.0149 -0.9999 0.0059
vn -0.0066 -1.0000 -0.0010
vn 0.0127 -0.9999 0.0013
vn -0.0080 -1.0000 0.0017
vn 0.0142 -0.9999 -0.0035
vn -0.0074 -1.0000 0.0030
vn 0.0114 -0.9999 -0.0058
vn -0.0076 -1.0000 0.0042
vn 0.0094 -0.9999 -0.0069
vn -0.0075 -1.0000 0.0056
vn 0.0081 -0.9999 -0.0072
vn -0.0076 -0.9999 0.0068
vn 0.0063 -1.0000 -0.0045
vn -0.0100 -0.9999 0.0075
vn -0.0135 -0.9999 0.0038
vn 0.0066 -1.0000 -0.0016
vn -0.0143 -0.9999 -0.0017
vn 0.0069 -1.0000 0.0016
vn -0.0124 -0.9999 -0.0060
vn 0.0065 -1.0000 0.0043
vn -0.0096 -0.9999 -0.0079
vn 0.0064 -1.0000 0.0062
vn -0.0077 -0.9999 -0.0087
vn 0.0059 -1.0000 0.0071
vn -0.0065 -0.9999 -0.0096
vn 0.0046 -1.0000 0.0073
vn -0.0051 -0.9999 -0.0108
vn 0.0029 -1.0000 0.0077
vn 0.0019 -1.0000 0.0090
vn 0.0655 -0.8638 0.4996
vn 0.1126 -0.4978 0.8600
vn 0.1126 0.4978 0.8600
vn 0.0654 0.8637 0.4997
vn -0.0643 0.8685 -0.4914
vn -0.1122 0.5026 -0.8572
vn -0.0644 -0.8685 -0.4914
vn -0.1122 -0.5026 -0.8572
vn -0.1168 -0.8737 -0.4722
vn -0.1694 -0.7085 -0.6850
vn -0.2318 -0.2598 -0.9374
vn -0.1656 -0.8828 -0.4396
vn -0.2456 -0.7080 -0.6622
vn -0.3283 -0.2588 -0.9084
vn -0.3692 -0.8901 -0.2671
vn -0.4128 -0.9087 -0.0618
vn -0.5484 -0.7055 -0.4489
vn -0.6290 -0.7417 -0.2329
vn -0.7835 -0.2592 -0.5648
vn -0.9020 -0.2871 -0.3225
vn -0.4708 -0.8767 0.0986
vn -0.4634 -0.8668 0.1842
vn -0.6842 -0.7155 0.1413
vn -0.6577 -0.7078 0.2578
vn -0.9447 -0.2651 0.1932
vn -0.8976 -0.2592 0.3566
vn -0.4273 -0.8724 0.2375
vn -0.6175 -0.7070 0.3446
vn -0.8444 -0.2586 0.4692
vn -0.3944 -0.8701 0.2957
vn -0.6906 -0.5037 0.5190
vn -0.3732 -0.8666 0.3313
vn -0.6474 -0.4999 0.5754
vn -0.4239 -0.8528 0.3050
vn -0.5793 -0.7063 0.4069
vn -0.7849 -0.2581 0.5634
vn -0.5035 -0.8528 0.1388
vn -0.8418 -0.4885 0.2295
vn -0.5140 -0.8556 -0.0606
vn -0.8644 -0.4925 -0.1017
vn -0.4651 -0.8566 -0.2235
vn -0.7850 -0.4919 -0.3766
vn -0.3942 -0.8594 -0.3256
vn -0.6705 -0.4940 -0.5535
vn -0.3371 -0.8613 -0.3802
vn -0.4688 -0.7077 -0.5286
vn -0.6408 -0.2592 -0.7227
vn -0.2845 -0.8606 -0.4225
vn -0.4852 -0.4949 -0.7209
vn -0.1097 -0.9661 -0.2335
vn -0.3001 -0.7083 -0.6390
vn -0.3694 -0.4948 -0.7866
vn -0.1168 0.8737 -0.4722
vn -0.2067 0.5084 -0.8360
vn -0.1656 0.8828 -0.4396
vn -0.3283 0.2588 -0.9084
vn -0.2456 0.7080 -0.6622
vn -0.3693 0.8901 -0.2671
vn -0.4128 0.9087 -0.0618
vn -0.7835 0.2592 -0.5648
vn -0.9020 0.2871 -0.3225
vn -0.5484 0.7055 -0.4489
vn -0.6293 0.7414 -0.2330
vn -0.4708 0.8767 0.0986
vn -0.4633 0.8668 0.1842
vn -0.9447 0.2651 0.1932
vn -0.8976 0.2592 0.3566
vn -0.6842 0.7155 0.1413
vn -0.6577 0.7078 0.2577
vn -0.4273 0.8724 0.2375
vn -0.8443 0.2588 0.4692
vn -0.6175 0.7070 0.3446
vn -0.3943 0.8701 0.2957
vn -0.6907 0.5037 0.5189
vn -0.3730 0.8667 0.3313
vn -0.6474 0.4999 0.5754
vn -0.4239 0.8528 0.3050
vn -0.7849 0.2581 0.5634
vn -0.5792 0.7063 0.4069
vn -0.5035 0.8528 0.1388
vn -0.8420 0.4883 0.2293
vn -0.5140 0.8556 -0.0606
vn -0.8643 0.4925 -0.1021
vn -0.4651 0.8566 -0.2235
vn -0.7847 0.4922 -0.3767
vn -0.3942 0.8594 -0.3256
vn -0.6705 0.4940 -0.5535
vn -0.3371 0.8613 -0.3802
vn -0.6407 0.2592 -0.7227
vn -0.4687 0.7077 -0.5286
vn -0.2845 0.8606 -0.4225
vn -0.4851 0.4949 -0.7210
vn -0.1097 0.9661 -0.2335
vn -0.3693 0.4950 -0.7865
vn -0.3001 0.7083 -0.6390
vn -0.0772 0.9661 -0.2465
vn -0.2603 0.4946 -0.8292
vn -0.2114 0.7077 -0.6742
vn -0.0173 0.9649 -0.2619
vn -0.1439 0.4955 -0.8566
vn -0.1083 0.7031 -0.7028
vn 0.2061 0.4948 0.8442
vn 0.1208 0.8603 0.4952
vn 0.3531 0.4929 0.7952
vn 0.2071 0.8569 0.4721
vn 0.6542 0.2571 0.7113
vn 0.7675 0.2718 0.5806
vn 0.1803 0.9657 0.1870
vn 0.2229 0.9706 0.0908
vn 0.4773 0.7040 0.5259
vn 0.4888 0.7054 0.5134
vn 0.5493 0.7256 0.4146
vn 0.5485 0.7264 0.4141
vn 0.8647 0.4950 0.0848
vn 0.8403 0.4989 -0.2119
vn 0.2569 0.9661 0.0253
vn 0.4950 0.8600 -0.1236
vn 0.7030 0.7078 0.0701
vn 0.7754 0.4928 -0.3949
vn 0.4567 0.8584 -0.2334
vn 0.7023 0.4948 -0.5118
vn 0.4109 0.8610 -0.2999
vn 0.6494 0.4970 -0.5755
vn 0.1946 0.9657 -0.1720
vn 0.5295 0.7056 -0.4709
vn 0.6897 0.5107 -0.5133
vn 0.3856 0.8781 -0.2833
vn 0.8253 0.5253 -0.2073
vn 0.4470 0.8878 -0.1098
vn 0.8297 0.5235 0.1939
vn 0.4523 0.8855 0.1063
vn 0.7165 0.5132 0.4724
vn 0.3998 0.8778 0.2637
vn 0.6177 0.5058 0.6022
vn 0.3510 0.8716 0.3423
vn 0.6151 0.2591 0.7447
vn 0.3130 0.8708 0.3791
vn 0.4499 0.7076 0.5449
vn 0.5157 0.2598 0.8165
vn 0.2584 0.8750 0.4094
vn 0.3769 0.7085 0.5966
vn 0.3402 0.2604 0.9036
vn 0.1678 0.8788 0.4467
vn 0.2482 0.7094 0.6596
vn 0.1838 0.5052 0.8432
vn 0.1035 0.8708 0.4807
vn 0.3862 0.4922 0.7801
vn 0.2915 0.9337 0.2081
vn 0.3528 0.6782 0.6447
vn 0.1208 -0.8603 0.4952
vn 0.2062 -0.4948 0.8442
vn 0.2071 -0.8569 0.4721
vn 0.3531 -0.4929 0.7952
vn 0.1803 -0.9657 0.1870
vn 0.2229 -0.9706 0.0908
vn 0.5968 -0.4839 0.6401
vn 0.6894 -0.5032 0.5211
vn 0.4773 -0.7040 0.5259
vn 0.5493 -0.7256 0.4146
vn 0.2569 -0.9661 0.0254
vn 0.4950 -0.8600 -0.1236
vn 0.8647 -0.4951 0.0848
vn 0.8403 -0.4989 -0.2119
vn 0.7030 -0.7078 0.0702
vn 0.4567 -0.8585 -0.2333
vn 0.7754 -0.4928 -0.3949
vn 0.4108 -0.8610 -0.3000
vn 0.7023 -0.4948 -0.5118
vn 0.3770 -0.8637 -0.3346
vn 0.6494 -0.4970 -0.5755
vn 0.3856 -0.8781 -0.2833
vn 0.7782 -0.2570 -0.5731
vn 0.5669 -0.7044 -0.4272
vn 0.4471 -0.8876 -0.1112
vn 0.8253 -0.5246 -0.2088
vn 0.4521 -0.8857 0.1051
vn 0.8294 -0.5244 0.1925
vn 0.3998 -0.8778 0.2637
vn 0.7165 -0.5132 0.4724
vn 0.3510 -0.8715 0.3423
vn 0.6176 -0.5060 0.6021
vn 0.3130 -0.8708 0.3791
vn 0.6151 -0.2590 0.7447
vn 0.4500 -0.7076 0.5449
vn 0.2584 -0.8750 0.4094
vn 0.5157 -0.2598 0.8165
vn 0.3769 -0.7085 0.5966
vn 0.1678 -0.8788 0.4467
vn 0.3402 -0.2604 0.9036
vn 0.2482 -0.7094 0.6596
vn 0.1035 -0.8708 0.4807
vn 0.1838 -0.5052 0.8432
vn 0.2824 -0.9359 0.2104
vn 0.3722 -0.4938 0.7859
vn 0.3395 -0.6805 0.6494
vn 0.8819 -0.2299 -0.4117
vn 0.5727 -0.5112 -0.6409
vn 0.3932 -0.6956 -0.6013
vn 0.1758 -0.9470 -0.2688
vn 0.3570 -0.5123 -0.7811
vn 0.0234 -0.2299 -0.9729
vn 0.1746 0.9463 -0.2722
vn 0.3899 0.6930 -0.6064
vn 0.5691 0.5108 -0.6443
vn 0.8804 0.2294 -0.4151
vn 0.3530 0.5082 -0.7856
vn 0.0205 0.2271 -0.9737
vn 0.6080 0.3685 0.7032
vn 0.8689 0.3518 0.3483
vn 0.6303 0.6372 0.4435
vn 0.2988 0.9306 0.2112
vn 0.2887 -0.9332 0.2141
vn 0.6156 -0.6453 0.4523
vn 0.8604 -0.3615 0.3592
vn 0.5933 -0.3743 0.7127
vn -0.3780 -0.2527 -0.8907
vn -0.3781 0.2524 -0.8907
vn -0.6702 -0.7347 0.1048
vn -0.9494 -0.2818 0.1390
vn -0.9494 0.2818 0.1390
vn -0.6702 0.7347 0.1048
vn 0.8613 0.4913 0.1297
vn 0.6862 0.7200 0.1037
vn 0.8613 -0.4913 0.1297
vn 0.6862 -0.7200 0.1037
vt 0.100318 0.000030
vt 0.111126 0.000027
vt 0.099255 0.004595
vt 0.111065 0.004557
vt 0.107976 0.006707
vt 0.101814 0.006643
vt 0.194540 0.012408
vt 0.194409 0.000026
vt 0.202224 0.012633
vt 0.201935 0.000396
vt 0.204084 0.003398
vt 0.204233 0.009649
vt 0.999997 0.304728
vt 1.000000 0.339202
vt 0.891168 0.321975
vt 0.989341 0.271943
vt 0.969075 0.244054
vt 0.941183 0.223794
vt 0.908395 0.213144
vt 0.873921 0.213147
vt 0.841136 0.223803
vt 0.813248 0.244069
vt 0.792987 0.271961
vt 0.782337 0.304749
vt 0.782340 0.339223
vt 0.792996 0.372008
vt 0.813262 0.399896
vt 0.841154 0.420157
vt 0.873942 0.430807
vt 0.908416 0.430804
vt 0.941201 0.420148
vt 0.969089 0.399882
vt 0.989350 0.371990
vt 0.171419 0.830630
vt 0.138057 0.841470
vt 0.120518 0.730731
vt 0.102979 0.841470
vt 0.069617 0.830630
vt 0.041238 0.810011
vt 0.020619 0.781632
vt 0.009779 0.748270
vt 0.009779 0.713192
vt 0.020619 0.679830
vt 0.041238 0.651451
vt 0.069617 0.630832
vt 0.102979 0.619992
vt 0.138057 0.619992
vt 0.171419 0.630832
vt 0.199798 0.651451
vt 0.220417 0.679830
vt 0.231257 0.713192
vt 0.231257 0.748270
vt 0.220417 0.781632
vt 0.199798 0.810011
vt 0.707818 0.447997
vt 0.743964 0.453087
vt 0.692948 0.559539
vt 0.727451 0.564398
vt 0.671601 0.443440
vt 0.658376 0.555189
vt 0.635320 0.439418
vt 0.623745 0.551349
vt 0.598984 0.435931
vt 0.589060 0.548021
vt 0.562601 0.432979
vt 0.554330 0.545203
vt 0.526178 0.430565
vt 0.519563 0.542898
vt 0.489724 0.428687
vt 0.484765 0.541106
vt 0.453246 0.427347
vt 0.449944 0.539827
vt 0.416752 0.426545
vt 0.415109 0.539062
vt 0.380250 0.426281
vt 0.380266 0.538810
vt 0.343748 0.426555
vt 0.345423 0.539071
vt 0.307255 0.427367
vt 0.310587 0.539847
vt 0.270777 0.428717
vt 0.275767 0.541135
vt 0.234323 0.430605
vt 0.240970 0.542937
vt 0.197901 0.433030
vt 0.206203 0.545252
vt 0.161518 0.435991
vt 0.171474 0.548078
vt 0.125184 0.439488
vt 0.136790 0.551417
vt 0.088904 0.443521
vt 0.102159 0.555266
vt 0.052688 0.448088
vt 0.067589 0.559625
vt 0.016543 0.453188
vt 0.033087 0.564494
vt 0.378475 0.834788
vt 0.385090 0.847093
vt 0.379681 0.843164
vt 0.385077 0.848413
vt 0.073344 0.890994
vt 0.078397 0.903053
vt 0.074461 0.901955
vt 0.077885 0.904521
vt 0.734459 0.909366
vt 0.770520 0.911646
vt 0.732967 0.935718
vt 0.767865 0.938693
vt 0.699011 0.906866
vt 0.697573 0.933318
vt 0.663754 0.903776
vt 0.661969 0.932645
vt 0.628013 0.903117
vt 0.626784 0.930651
vt 0.592468 0.901264
vt 0.591456 0.928268
vt 0.556937 0.900113
vt 0.556013 0.927933
vt 0.521270 0.898318
vt 0.520742 0.927088
vt 0.485769 0.897160
vt 0.485293 0.926028
vt 0.450285 0.897153
vt 0.449792 0.925875
vt 0.414561 0.897918
vt 0.414517 0.925529
vt 0.378955 0.896643
vt 0.379146 0.925852
vt 0.343348 0.898672
vt 0.343800 0.925986
vt 0.307634 0.898780
vt 0.308527 0.926894
vt 0.272049 0.899925
vt 0.273173 0.928031
vt 0.236579 0.901394
vt 0.237682 0.928447
vt 0.201080 0.902792
vt 0.202297 0.930905
vt 0.165448 0.904034
vt 0.167021 0.932705
vt 0.129994 0.906539
vt 0.131597 0.934085
vt 0.094520 0.908020
vt 0.096166 0.936275
vt 0.058675 0.911485
vt 0.061090 0.938569
vt 0.744558 0.598698
vt 0.783843 0.604315
vt 0.740652 0.624225
vt 0.778756 0.632475
vt 0.705707 0.593044
vt 0.701685 0.619754
vt 0.666705 0.587286
vt 0.663148 0.613735
vt 0.627798 0.582086
vt 0.624310 0.608631
vt 0.588510 0.578424
vt 0.585594 0.604088
vt 0.549436 0.572543
vt 0.546806 0.600522
vt 0.510341 0.568834
vt 0.507817 0.596910
vt 0.471178 0.565426
vt 0.468842 0.593511
vt 0.431984 0.562286
vt 0.429853 0.590353
vt 0.392742 0.559532
vt 0.390847 0.587408
vt 0.352349 0.557781
vt 0.352653 0.585657
vt 0.312118 0.561270
vt 0.314571 0.588182
vt 0.272833 0.566150
vt 0.275925 0.592267
vt 0.233665 0.570346
vt 0.237045 0.595966
vt 0.194672 0.575009
vt 0.198400 0.602389
vt 0.155627 0.580205
vt 0.159704 0.607520
vt 0.116919 0.586366
vt 0.120780 0.612544
vt 0.077843 0.590737
vt 0.082303 0.619717
vt 0.039351 0.599165
vt 0.043406 0.624133
vt 0.000000 0.604497
vt 0.005332 0.632563
vt 0.722688 0.336456
vt 0.760477 0.341777
vt 0.684825 0.331692
vt 0.646896 0.327486
vt 0.608909 0.323841
vt 0.570872 0.320755
vt 0.532794 0.318231
vt 0.494683 0.316268
vt 0.456547 0.314867
vt 0.418395 0.314029
vt 0.380235 0.313753
vt 0.342074 0.314039
vt 0.303922 0.314888
vt 0.265787 0.316300
vt 0.227676 0.318273
vt 0.189599 0.320808
vt 0.151563 0.323904
vt 0.113577 0.327560
vt 0.075649 0.331776
vt 0.037787 0.336550
vt 0.000000 0.341882
vt 0.734617 0.906167
vt 0.770118 0.908363
vt 0.767000 0.941859
vt 0.732664 0.938899
vt 0.699228 0.903721
vt 0.697381 0.936734
vt 0.663902 0.900591
vt 0.661828 0.935728
vt 0.628134 0.899897
vt 0.626605 0.933763
vt 0.592598 0.898153
vt 0.591329 0.931570
vt 0.557068 0.896962
vt 0.555944 0.931044
vt 0.521411 0.895168
vt 0.520650 0.930204
vt 0.485825 0.893870
vt 0.485233 0.929184
vt 0.450248 0.894009
vt 0.449770 0.928990
vt 0.414562 0.894687
vt 0.414508 0.928653
vt 0.378902 0.893410
vt 0.379160 0.928967
vt 0.343256 0.895355
vt 0.343840 0.929109
vt 0.307575 0.895668
vt 0.308598 0.930013
vt 0.271953 0.896810
vt 0.273243 0.931143
vt 0.236463 0.898277
vt 0.237815 0.931750
vt 0.200964 0.899675
vt 0.202467 0.934011
vt 0.165298 0.900901
vt 0.167154 0.935818
vt 0.129831 0.903417
vt 0.131755 0.937234
vt 0.094350 0.904826
vt 0.096426 0.939411
vt 0.058999 0.908206
vt 0.061912 0.941770
vt 0.744963 0.595567
vt 0.783697 0.601111
vt 0.777570 0.635430
vt 0.739998 0.627731
vt 0.706189 0.589731
vt 0.701234 0.622809
vt 0.667157 0.584092
vt 0.662696 0.616880
vt 0.628202 0.578912
vt 0.623915 0.611773
vt 0.588959 0.574598
vt 0.585262 0.607198
vt 0.549789 0.569454
vt 0.546505 0.603624
vt 0.510642 0.565732
vt 0.507525 0.600016
vt 0.471453 0.562321
vt 0.468567 0.596618
vt 0.432235 0.559181
vt 0.429601 0.593461
vt 0.392996 0.556440
vt 0.390671 0.590527
vt 0.351458 0.554562
vt 0.386758 0.538862
vt 0.352688 0.588798
vt 0.311750 0.558048
vt 0.314821 0.591295
vt 0.272409 0.562441
vt 0.276249 0.595366
vt 0.233262 0.567067
vt 0.237478 0.599348
vt 0.194260 0.571861
vt 0.198829 0.605450
vt 0.155193 0.577124
vt 0.160119 0.610627
vt 0.116478 0.583212
vt 0.121284 0.615866
vt 0.077294 0.587493
vt 0.082781 0.622778
vt 0.038817 0.595812
vt 0.044048 0.627542
vt 0.000124 0.601315
vt 0.006535 0.635510
vt 0.097792 0.004312
vt 0.043622 0.001127
vt 0.048359 0.000128
vt 0.044124 0.011266
vt 0.201181 0.013710
vt 0.317954 0.027713
vt 0.323294 0.023581
vt 0.318339 0.035204
vt 0.653754 0.010412
vt 0.644722 0.000023
vt 0.650874 0.000678
vt 0.133551 0.003469
vt 0.138944 0.000020
vt 0.140061 0.001348
vt 0.642664 0.145670
vt 0.675007 0.140658
vt 0.663955 0.290747
vt 0.698620 0.285375
vt 0.610244 0.150163
vt 0.629208 0.295562
vt 0.577757 0.154137
vt 0.594388 0.299821
vt 0.545210 0.157589
vt 0.559505 0.303521
vt 0.512612 0.160520
vt 0.524567 0.306663
vt 0.479972 0.162929
vt 0.489582 0.309244
vt 0.447297 0.164814
vt 0.454560 0.311264
vt 0.414596 0.166176
vt 0.419510 0.312723
vt 0.381878 0.167014
vt 0.384441 0.313619
vt 0.349150 0.167328
vt 0.349360 0.313953
vt 0.316420 0.167116
vt 0.314278 0.313724
vt 0.283695 0.166376
vt 0.279204 0.312931
vt 0.250990 0.165108
vt 0.244147 0.311575
vt 0.218310 0.163316
vt 0.209117 0.309656
vt 0.185663 0.161001
vt 0.174123 0.307175
vt 0.153057 0.158163
vt 0.139173 0.304133
vt 0.120500 0.154803
vt 0.104276 0.300530
vt 0.087998 0.150917
vt 0.069442 0.296368
vt 0.055566 0.146509
vt 0.034680 0.291647
vt 0.023209 0.141582
vt 0.000000 0.286370
vt 0.623499 0.015101
vt 0.593174 0.019304
vt 0.562784 0.023020
vt 0.532340 0.026250
vt 0.501847 0.028991
vt 0.471315 0.031243
vt 0.440751 0.033006
vt 0.410162 0.034280
vt 0.379558 0.035066
vt 0.348947 0.035369
vt 0.287745 0.034474
vt 0.257158 0.033279
vt 0.226591 0.031602
vt 0.196054 0.029438
vt 0.165556 0.026792
vt 0.135105 0.023676
vt 0.104720 0.020013
vt 0.074389 0.015880
vt 0.313726 0.023441
vt 0.188477 0.013712
vt 0.187647 0.012942
vt 0.129239 0.011236
vt 0.135509 0.019217
vt 0.724369 0.000019
vt 0.726400 0.009471
vt 0.726039 0.010824
vt 0.710712 0.168672
vt 0.712040 0.168079
vt 0.721950 0.168790
vt 0.143568 0.012832
vt 0.172069 0.001989
vt 0.171677 0.012367
vt 0.160381 0.001663
vt 0.157710 0.004617
vt 0.156467 0.010812
vt 0.157964 0.013757
vt 0.176224 0.878035
vt 0.190743 0.886892
vt 0.178998 0.883549
vt 0.192117 0.888058
vt 0.174698 0.891961
vt 0.174338 0.890939
vt 0.377243 0.848761
vt 0.376793 0.847747
vt 0.736423 0.906029
vt 0.737204 0.904247
vt 0.744764 0.905477
vt 0.749998 0.895823
vt 0.180980 0.013761
vt 0.183616 0.010357
vt 0.184892 0.003174
vt 0.183469 0.000019
vt 0.188341 0.000614
vt 0.186070 0.004094
vt 0.185805 0.010585
vt 0.142491 0.004065
vt 0.142491 0.010299
vt 0.132019 0.013732
vt 0.140417 0.013295
vt 0.781966 0.020194
vt 0.782308 0.021682
vt 0.749091 0.023549
vt 0.749059 0.025075
vt 0.782633 0.023169
vt 0.749028 0.026597
vt 0.109521 0.899190
vt 0.109295 0.897696
vt 0.143232 0.894960
vt 0.143082 0.893455
vt 0.690013 0.152885
vt 0.688628 0.153526
vt 0.680002 0.121408
vt 0.678503 0.121692
vt 0.687243 0.154159
vt 0.677007 0.121975
vt 0.213138 0.880963
vt 0.212666 0.879529
vt 0.245735 0.871366
vt 0.245343 0.869905
vt 0.801538 0.733593
vt 0.802254 0.732246
vt 0.828542 0.752618
vt 0.829564 0.751485
vt 0.802985 0.730911
vt 0.830585 0.750356
vt 0.413696 0.846335
vt 0.413604 0.844827
vt 0.447650 0.845156
vt 0.447635 0.843644
vt 0.749287 0.014232
vt 0.726589 0.011005
vt 0.749304 0.012707
vt 0.749261 0.015776
vt 0.726602 0.012582
vt 0.749229 0.017324
vt 0.725783 0.013939
vt 0.704918 0.030582
vt 0.720476 0.010607
vt 0.706236 0.031358
vt 0.721946 0.011162
vt 0.703592 0.029793
vt 0.719218 0.009698
vt 0.702264 0.028998
vt 0.718267 0.008485
vt 0.795077 0.967762
vt 0.773992 0.975513
vt 0.794367 0.966407
vt 0.772603 0.974399
vt 0.795785 0.969134
vt 0.775118 0.976729
vt 0.796489 0.970513
vt 0.775800 0.978093
vt 0.780556 0.014096
vt 0.721064 0.019498
vt 0.706747 0.168280
vt 0.700806 0.170343
vt 0.695694 0.150254
vt 0.686130 0.120253
vt 0.677810 0.088477
vt 0.684034 0.088823
vt 0.683559 0.055979
vt 0.689520 0.057804
vt 0.696927 0.025796
vt 0.714831 0.002851
vt 0.798605 0.739122
vt 0.824358 0.757241
vt 0.850192 0.777527
vt 0.845024 0.781014
vt 0.865255 0.806892
vt 0.859402 0.809041
vt 0.872854 0.839007
vt 0.866658 0.839693
vt 0.872550 0.872008
vt 0.866369 0.871192
vt 0.864359 0.903977
vt 0.858553 0.901706
vt 0.848758 0.933059
vt 0.843664 0.929465
vt 0.826652 0.957563
vt 0.822565 0.952855
vt 0.799305 0.976076
vt 0.685837 0.870031
vt 0.718272 0.882257
vt 0.681631 0.882079
vt 0.713488 0.894108
vt 0.652830 0.859408
vt 0.649225 0.871649
vt 0.619337 0.850432
vt 0.616343 0.862836
vt 0.585442 0.843126
vt 0.583065 0.855662
vt 0.551226 0.837506
vt 0.549473 0.850145
vt 0.516773 0.833586
vt 0.515648 0.846297
vt 0.482169 0.831378
vt 0.481675 0.844128
vt 0.447499 0.830886
vt 0.412858 0.832115
vt 0.344092 0.838014
vt 0.345571 0.850714
vt 0.309762 0.842858
vt 0.311855 0.855446
vt 0.275708 0.849384
vt 0.278421 0.861852
vt 0.242021 0.857590
vt 0.208802 0.867443
vt 0.141785 0.880735
vt 0.107397 0.885091
vt 0.076055 0.004350
vt 0.106210 0.008458
vt 0.166647 0.015194
vt 0.196968 0.017824
vt 0.227322 0.019975
vt 0.257707 0.021642
vt 0.288118 0.022830
vt 0.348913 0.023719
vt 0.379348 0.023417
vt 0.409769 0.022637
vt 0.440172 0.021371
vt 0.470550 0.019618
vt 0.500897 0.017380
vt 0.531204 0.014655
vt 0.561463 0.011446
vt 0.591667 0.007752
vt 0.621807 0.003574
vt 0.775138 0.730100
vt 0.776807 0.724156
vt 0.807128 0.004422
vt 0.809954 0.009940
vt 0.777546 0.983996
vt 0.182969 0.012071
vt 0.173226 0.894117
vt 0.173891 0.892513
vt 0.186508 0.002454
vt 0.375946 0.850854
vt 0.376460 0.849311
vt 0.142141 0.011825
vt 0.734182 0.906012
vt 0.735684 0.905245
vt 0.184685 0.001598
vt 0.187092 0.013122
vt 0.186214 0.012007
vt 0.140787 0.000855
vt 0.141818 0.002473
vt 0.385910 0.848550
vt 0.776135 0.720552
vt 0.776838 0.721039
vt 0.777067 0.722629
vt 0.203866 0.011138
vt 0.203097 0.012530
vt 0.772827 0.732534
vt 0.773661 0.732797
vt 0.772558 0.734004
vt 0.158467 0.003138
vt 0.708374 0.167973
vt 0.710202 0.168120
vt 0.192394 0.887881
vt 0.698754 0.172921
vt 0.698625 0.172559
vt 0.699570 0.171156
vt 0.156703 0.012273
vt 0.079028 0.904484
vt 0.812852 0.012058
vt 0.811770 0.012420
vt 0.810725 0.011273
vt 0.100378 0.006250
vt 0.099036 0.005552
vt 0.109614 0.900708
vt 0.079651 0.905905
vt 0.719853 0.020869
vt 0.718772 0.022222
vt 0.278741 0.863330
vt 0.676286 0.088394
vt 0.674766 0.088312
vt 0.312102 0.856939
vt 0.682099 0.055534
vt 0.680642 0.055090
vt 0.345743 0.852216
vt 0.695617 0.025012
vt 0.694310 0.024231
vt 0.714018 0.001412
vt 0.713218 0.000000
vt 0.413652 0.847854
vt 0.386598 0.850006
vt 0.481615 0.845639
vt 0.851456 0.776672
vt 0.852717 0.775819
vt 0.515513 0.847803
vt 0.866686 0.806364
vt 0.868115 0.805837
vt 0.549263 0.851642
vt 0.874371 0.838837
vt 0.875884 0.838667
vt 0.582782 0.857148
vt 0.874063 0.872205
vt 0.875573 0.872403
vt 0.615987 0.864306
vt 0.865781 0.904531
vt 0.867200 0.905084
vt 0.648796 0.873099
vt 0.850006 0.933937
vt 0.851251 0.934813
vt 0.681131 0.883506
vt 0.827654 0.958714
vt 0.828653 0.959863
vt 0.712916 0.895507
vt 0.799998 0.977436
vt 0.800693 0.978791
vt 0.777745 0.985540
vt 0.777555 0.987213
vt 0.779866 0.011083
vt 0.779529 0.009586
vt 0.806095 0.001552
vt 0.805833 0.000025
vt 0.780209 0.012588
vt 0.806520 0.003027
vt 0.698505 0.148968
vt 0.699902 0.148343
vt 0.697100 0.149607
vt 0.690666 0.119390
vt 0.689161 0.119676
vt 0.687647 0.119964
vt 0.688645 0.089072
vt 0.687115 0.088989
vt 0.685577 0.088906
vt 0.693937 0.059149
vt 0.692472 0.058702
vt 0.690998 0.058254
vt 0.797148 0.741848
vt 0.796417 0.743196
vt 0.797878 0.740488
vt 0.774558 0.731501
vt 0.821266 0.760670
vt 0.822293 0.759533
vt 0.823324 0.758389
vt 0.841201 0.783603
vt 0.842470 0.782744
vt 0.843745 0.781880
vt 0.855071 0.810639
vt 0.856508 0.810109
vt 0.857953 0.809576
vt 0.862070 0.840209
vt 0.863592 0.840039
vt 0.865123 0.839866
vt 0.861791 0.870595
vt 0.863310 0.870793
vt 0.864837 0.870993
vt 0.854250 0.900032
vt 0.855678 0.900588
vt 0.857114 0.901146
vt 0.839887 0.926809
vt 0.841140 0.927691
vt 0.842400 0.928577
vt 0.819534 0.949372
vt 0.820539 0.950528
vt 0.821551 0.951690
vt 0.467742 0.729797
vt 0.467747 0.694655
vt 0.477365 0.731323
vt 0.477371 0.693133
vt 0.456893 0.661232
vt 0.465574 0.656810
vt 0.436240 0.632798
vt 0.443131 0.625910
vt 0.407813 0.612138
vt 0.412237 0.603458
vt 0.374392 0.601274
vt 0.375917 0.591651
vt 0.339249 0.601269
vt 0.337726 0.591646
vt 0.305826 0.612125
vt 0.301404 0.603443
vt 0.277393 0.632777
vt 0.270505 0.625887
vt 0.256733 0.661204
vt 0.248053 0.656779
vt 0.245869 0.694625
vt 0.236246 0.693099
vt 0.245863 0.729767
vt 0.236240 0.731289
vt 0.256718 0.763191
vt 0.248037 0.767612
vt 0.277370 0.791624
vt 0.270480 0.798512
vt 0.305798 0.812284
vt 0.301374 0.820965
vt 0.339219 0.823148
vt 0.337694 0.832771
vt 0.374361 0.823153
vt 0.375884 0.832776
vt 0.407785 0.812298
vt 0.412206 0.820980
vt 0.436218 0.791646
vt 0.443107 0.798536
vt 0.456878 0.763218
vt 0.465559 0.767642
vt 0.854220 0.005112
vt 0.839692 0.040878
vt 0.841578 0.000024
vt 0.827014 0.035985
vt 0.826526 0.076995
vt 0.813674 0.072607
vt 0.814852 0.113609
vt 0.801832 0.109755
vt 0.804695 0.150674
vt 0.791528 0.147358
vt 0.796070 0.188124
vt 0.782778 0.185353
vt 0.788993 0.225898
vt 0.775598 0.223675
vt 0.783475 0.263930
vt 0.770000 0.262261
vt 0.779526 0.302158
vt 0.765993 0.301043
vt 0.777152 0.340515
vt 0.763585 0.339958
vt 0.776357 0.378938
vt 0.762778 0.378939
vt 0.777142 0.417360
vt 0.763576 0.417920
vt 0.779507 0.455718
vt 0.765975 0.456836
vt 0.783448 0.493947
vt 0.769973 0.495619
vt 0.788957 0.531981
vt 0.775562 0.534206
vt 0.796025 0.569756
vt 0.782733 0.572530
vt 0.804640 0.607208
vt 0.791474 0.610527
vt 0.814789 0.644275
vt 0.801770 0.648132
vt 0.826453 0.680893
vt 0.813604 0.685282
vt 0.839599 0.717013
vt 0.826957 0.721905
vt 0.854081 0.752824
vt 0.841486 0.757849
vt 0.707736 0.707920
vt 0.707725 0.743851
vt 0.702973 0.708663
vt 0.702966 0.743099
vt 0.696626 0.673710
vt 0.692331 0.675898
vt 0.675474 0.644603
vt 0.672074 0.648019
vt 0.646374 0.623468
vt 0.644195 0.627766
vt 0.612165 0.612373
vt 0.611419 0.617136
vt 0.576194 0.612397
vt 0.576967 0.617156
vt 0.542010 0.623543
vt 0.544225 0.627824
vt 0.512986 0.644682
vt 0.516398 0.648085
vt 0.491852 0.673714
vt 0.496141 0.675917
vt 0.480717 0.707902
vt 0.485478 0.708662
vt 0.480703 0.743874
vt 0.485463 0.743114
vt 0.491806 0.778077
vt 0.496098 0.775886
vt 0.512950 0.807173
vt 0.516357 0.803762
vt 0.542063 0.828316
vt 0.544239 0.824014
vt 0.576277 0.839416
vt 0.577005 0.834651
vt 0.612204 0.839395
vt 0.611439 0.834637
vt 0.646388 0.828290
vt 0.644203 0.823993
vt 0.675491 0.807144
vt 0.672078 0.803740
vt 0.696629 0.778035
vt 0.692326 0.775863
vt 0.466211 0.729554
vt 0.466216 0.694897
vt 0.709246 0.744094
vt 0.709259 0.707686
vt 0.455511 0.661935
vt 0.698000 0.673013
vt 0.435144 0.633894
vt 0.676563 0.643513
vt 0.407108 0.613519
vt 0.647073 0.622095
vt 0.374149 0.602805
vt 0.612406 0.610852
vt 0.339492 0.602801
vt 0.575949 0.610877
vt 0.306530 0.613506
vt 0.541304 0.622174
vt 0.278490 0.633874
vt 0.511897 0.643593
vt 0.258115 0.661909
vt 0.490484 0.673008
vt 0.247400 0.694868
vt 0.479196 0.707657
vt 0.247395 0.729525
vt 0.479181 0.744114
vt 0.258100 0.762487
vt 0.490433 0.778775
vt 0.278467 0.790528
vt 0.511860 0.808261
vt 0.306503 0.810903
vt 0.541366 0.829690
vt 0.339462 0.821616
vt 0.576041 0.840938
vt 0.374119 0.821621
vt 0.612446 0.840916
vt 0.407081 0.810916
vt 0.647084 0.829664
vt 0.435122 0.790549
vt 0.676580 0.808234
vt 0.455497 0.762514
vt 0.698003 0.778732
vt 0.478904 0.731567
vt 0.466947 0.768350
vt 0.855474 0.752158
vt 0.841036 0.716457
vt 0.855613 0.005782
vt 0.841128 0.041438
vt 0.478910 0.692890
vt 0.827984 0.077495
vt 0.466963 0.656103
vt 0.816330 0.114049
vt 0.444233 0.624808
vt 0.806189 0.151052
vt 0.412945 0.602069
vt 0.797579 0.188441
vt 0.376161 0.590112
vt 0.790514 0.226152
vt 0.337483 0.590107
vt 0.785005 0.264122
vt 0.300696 0.602055
vt 0.781062 0.302287
vt 0.269404 0.624785
vt 0.778692 0.340581
vt 0.246665 0.656071
vt 0.777898 0.378940
vt 0.234707 0.692854
vt 0.778683 0.417299
vt 0.234701 0.731533
vt 0.781044 0.455594
vt 0.246648 0.768319
vt 0.784978 0.493759
vt 0.269378 0.799614
vt 0.790478 0.531730
vt 0.300666 0.822353
vt 0.797535 0.569443
vt 0.337450 0.834310
vt 0.806136 0.606834
vt 0.376127 0.834315
vt 0.816268 0.643839
vt 0.412913 0.822368
vt 0.827913 0.680398
vt 0.444208 0.799638
vt 0.913769 0.748159
vt 0.914705 0.748215
vt 0.913877 0.757745
vt 0.914853 0.757783
vt 0.915642 0.748268
vt 0.915830 0.757820
vt 0.916582 0.748316
vt 0.916808 0.757854
vt 0.949164 0.747393
vt 0.950091 0.747317
vt 0.949804 0.756875
vt 0.950758 0.756803
vt 0.951017 0.747238
vt 0.951708 0.756730
vt 0.951941 0.747155
vt 0.952657 0.756654
vt 0.888575 0.746092
vt 0.889476 0.746176
vt 0.888287 0.755756
vt 0.889220 0.755829
vt 0.890378 0.746261
vt 0.890154 0.755903
vt 0.891281 0.746347
vt 0.891089 0.755978
vt 0.973914 0.744689
vt 0.974789 0.744579
vt 0.974746 0.754312
vt 0.975622 0.754218
vt 0.856144 0.743561
vt 0.857021 0.743606
vt 0.855687 0.753227
vt 0.856565 0.753275
vt 0.857899 0.743656
vt 0.857444 0.753323
vt 0.898011 0.441960
vt 0.899168 0.439171
vt 0.898814 0.442377
vt 0.900053 0.439684
vt 0.897201 0.441558
vt 0.898274 0.438683
vt 0.896386 0.441172
vt 0.897360 0.438223
vt 0.023715 0.000026
vt 0.023643 0.000883
vt 0.002315 0.000362
vt 0.002446 0.001213
vt 0.023607 0.001741
vt 0.002537 0.002065
vt 0.023615 0.002602
vt 0.002578 0.002919
vt 0.024470 0.002578
vt 0.023613 0.032709
vt 0.024468 0.032733
vt 0.025324 0.002498
vt 0.025323 0.032815
vt 0.026177 0.002367
vt 0.026177 0.032946
vt 0.023631 0.033568
vt 0.002770 0.032653
vt 0.002750 0.033531
vt 0.023700 0.034428
vt 0.002682 0.034395
vt 0.023808 0.035281
vt 0.002578 0.035256
vt 0.001819 0.032447
vt 0.001652 0.003123
vt 0.000936 0.032507
vt 0.000780 0.003065
vt 0.000203 0.032836
vt 0.000045 0.002746
vt 0.889119 0.714868
vt 0.859099 0.712139
vt 0.890171 0.686445
vt 0.860422 0.683958
vt 0.891916 0.663601
vt 0.861310 0.662632
vt 0.892427 0.659345
vt 0.861303 0.658980
vt 0.892210 0.652128
vt 0.861328 0.652799
vt 0.891695 0.647367
vt 0.861325 0.648613
vt 0.891112 0.640405
vt 0.861185 0.642326
vt 0.890222 0.615218
vt 0.860480 0.617917
vt 0.890071 0.584829
vt 0.859910 0.588060
vt 0.889782 0.554446
vt 0.858917 0.558219
vt 0.887778 0.528805
vt 0.857207 0.531365
vt 0.887101 0.509875
vt 0.856559 0.510389
vt 0.887525 0.494229
vt 0.857101 0.492365
vt 0.888692 0.480545
vt 0.858581 0.476520
vt 0.890377 0.468701
vt 0.860556 0.463028
vt 0.891957 0.459498
vt 0.862462 0.452770
vt 0.893298 0.452591
vt 0.864084 0.445236
vt 0.894741 0.446602
vt 0.865591 0.438828
vt 0.866979 0.433132
vt 0.867729 0.430076
vt 0.950232 0.718268
vt 0.971690 0.714005
vt 0.948583 0.693601
vt 0.968938 0.686511
vt 0.946799 0.674433
vt 0.964985 0.664132
vt 0.945607 0.665274
vt 0.945291 0.656928
vt 0.963601 0.659352
vt 0.963883 0.651468
vt 0.946243 0.647351
vt 0.946362 0.638089
vt 0.965325 0.646243
vt 0.966580 0.638948
vt 0.947847 0.613516
vt 0.968309 0.614301
vt 0.948184 0.582680
vt 0.968707 0.584292
vt 0.948688 0.550887
vt 0.969133 0.553974
vt 0.950874 0.522973
vt 0.972531 0.528796
vt 0.973827 0.510061
vt 0.952258 0.504410
vt 0.973618 0.495194
vt 0.951981 0.491543
vt 0.972669 0.482364
vt 0.951072 0.482112
vt 0.971102 0.471220
vt 0.950036 0.473864
vt 0.969635 0.462423
vt 0.949171 0.466529
vt 0.968322 0.455788
vt 0.948422 0.461041
vt 0.966627 0.450147
vt 0.947602 0.457806
vt 0.964339 0.445241
vt 0.946762 0.456126
vt 0.946731 0.456081
vt 0.962754 0.442729
vt 0.947530 0.718599
vt 0.916022 0.719190
vt 0.945965 0.694020
vt 0.915648 0.694183
vt 0.944276 0.674783
vt 0.915763 0.674418
vt 0.943294 0.665379
vt 0.916230 0.664976
vt 0.942926 0.656937
vt 0.916377 0.656560
vt 0.943769 0.647023
vt 0.915598 0.647022
vt 0.943875 0.637805
vt 0.915752 0.637667
vt 0.945242 0.613269
vt 0.915327 0.613519
vt 0.945601 0.582494
vt 0.915746 0.582562
vt 0.946127 0.550740
vt 0.916144 0.550695
vt 0.948133 0.522766
vt 0.915455 0.523074
vt 0.949254 0.504227
vt 0.914856 0.504372
vt 0.948997 0.491691
vt 0.915274 0.491461
vt 0.948267 0.482504
vt 0.915998 0.481964
vt 0.947409 0.474308
vt 0.916747 0.473501
vt 0.946640 0.466999
vt 0.917316 0.465978
vt 0.946020 0.461692
vt 0.917713 0.460527
vt 0.945578 0.458735
vt 0.917991 0.457498
vt 0.945341 0.457097
vt 0.918130 0.455834
vt 0.945297 0.457049
vt 0.000000 0.002692
vt 0.913315 0.718929
vt 0.891728 0.715208
vt 0.913042 0.693796
vt 0.892673 0.686951
vt 0.913237 0.674094
vt 0.894475 0.663899
vt 0.913900 0.664884
vt 0.895407 0.659218
vt 0.913984 0.656630
vt 0.895222 0.651640
vt 0.913119 0.647379
vt 0.894219 0.646620
vt 0.913289 0.638062
vt 0.893549 0.639529
vt 0.912748 0.613806
vt 0.892737 0.614855
vt 0.913162 0.582765
vt 0.892662 0.584557
vt 0.913540 0.550885
vt 0.892477 0.554065
vt 0.912679 0.523272
vt 0.890411 0.528521
vt 0.889791 0.509703
vt 0.911823 0.504449
vt 0.890243 0.494358
vt 0.912260 0.491180
vt 0.891359 0.480986
vt 0.913183 0.481424
vt 0.892995 0.469361
vt 0.914121 0.472908
vt 0.894501 0.460250
vt 0.914802 0.465327
vt 0.895738 0.453414
vt 0.915343 0.459625
vt 0.897106 0.447567
vt 0.916006 0.456256
vt 0.916752 0.454521
vt 0.002309 0.000308
vt 0.914216 0.719020
vt 0.915119 0.719107
vt 0.948432 0.718493
vt 0.949333 0.718382
vt 0.972558 0.713860
vt 0.858222 0.712088
vt 0.856144 0.743556
vt 0.973425 0.713716
vt 0.890858 0.715092
vt 0.889988 0.714979
vt 0.891840 0.686779
vt 0.891006 0.686611
vt 0.893614 0.663868
vt 0.892760 0.663789
vt 0.894454 0.659346
vt 0.894179 0.651816
vt 0.893458 0.659404
vt 0.893171 0.651979
vt 0.893372 0.646885
vt 0.892741 0.639865
vt 0.892532 0.647136
vt 0.891930 0.640166
vt 0.891900 0.614967
vt 0.891062 0.615086
vt 0.891800 0.584632
vt 0.890937 0.584719
vt 0.891580 0.554169
vt 0.890681 0.554291
vt 0.889538 0.528586
vt 0.888660 0.528675
vt 0.888897 0.509752
vt 0.888001 0.509808
vt 0.889335 0.494315
vt 0.888428 0.494272
vt 0.890469 0.480836
vt 0.889580 0.480689
vt 0.892123 0.469136
vt 0.891250 0.468916
vt 0.893656 0.459995
vt 0.892808 0.459744
vt 0.894926 0.453134
vt 0.894113 0.452859
vt 0.896319 0.447236
vt 0.895530 0.446915
vt 0.969789 0.686317
vt 0.859545 0.683913
vt 0.970643 0.686126
vt 0.965867 0.664105
vt 0.860435 0.662551
vt 0.966741 0.664032
vt 0.964464 0.659489
vt 0.964853 0.651657
vt 0.860426 0.658935
vt 0.860437 0.652791
vt 0.965346 0.659561
vt 0.965777 0.651840
vt 0.966172 0.646515
vt 0.967422 0.639241
vt 0.860450 0.648612
vt 0.860306 0.642322
vt 0.967014 0.646778
vt 0.968271 0.639496
vt 0.969175 0.614389
vt 0.859602 0.617966
vt 0.970043 0.614484
vt 0.969573 0.584363
vt 0.859034 0.588133
vt 0.970441 0.584447
vt 0.969995 0.554085
vt 0.858042 0.558308
vt 0.970856 0.554214
vt 0.973386 0.528896
vt 0.856332 0.531440
vt 0.974244 0.529022
vt 0.974697 0.510119
vt 0.855681 0.510403
vt 0.975568 0.510184
vt 0.974501 0.495165
vt 0.856225 0.492316
vt 0.975381 0.495135
vt 0.973542 0.482242
vt 0.857709 0.476422
vt 0.974413 0.482121
vt 0.971963 0.471038
vt 0.859689 0.462892
vt 0.972824 0.470860
vt 0.970487 0.462214
vt 0.861599 0.452603
vt 0.971341 0.462011
vt 0.969164 0.455534
vt 0.863226 0.445047
vt 0.970009 0.455287
vt 0.967439 0.449807
vt 0.864736 0.438630
vt 0.968253 0.449474
vt 0.965101 0.444806
vt 0.866124 0.432934
vt 0.965870 0.444378
vt 0.963484 0.442242
vt 0.866862 0.429878
vt 0.964226 0.441762
vt 0.946838 0.693886
vt 0.947711 0.693747
vt 0.945113 0.674649
vt 0.945954 0.674535
vt 0.944071 0.665308
vt 0.943693 0.656943
vt 0.944843 0.665278
vt 0.944482 0.656938
vt 0.944598 0.647116
vt 0.944698 0.637882
vt 0.945423 0.647226
vt 0.945528 0.637978
vt 0.946112 0.613364
vt 0.946981 0.613444
vt 0.946464 0.582565
vt 0.947325 0.582624
vt 0.946981 0.550817
vt 0.947834 0.550860
vt 0.949054 0.522887
vt 0.949969 0.522947
vt 0.950264 0.504315
vt 0.951267 0.504371
vt 0.949998 0.491651
vt 0.950993 0.491600
vt 0.949205 0.482381
vt 0.950140 0.482250
vt 0.948286 0.474169
vt 0.949161 0.474020
vt 0.947485 0.466851
vt 0.948328 0.466694
vt 0.946819 0.461490
vt 0.947619 0.461272
vt 0.946252 0.458475
vt 0.946925 0.458162
vt 0.945824 0.456865
vt 0.946300 0.456531
vt 0.945800 0.456817
vt 0.946276 0.456478
vt 0.913909 0.693930
vt 0.914778 0.694059
vt 0.914081 0.674188
vt 0.914923 0.674292
vt 0.914668 0.664885
vt 0.914803 0.656614
vt 0.915445 0.664910
vt 0.915601 0.656592
vt 0.913941 0.647243
vt 0.914115 0.637913
vt 0.914767 0.647122
vt 0.914936 0.637781
vt 0.913605 0.613720
vt 0.914464 0.613627
vt 0.914021 0.582704
vt 0.914883 0.582639
vt 0.914408 0.550845
vt 0.915275 0.550787
vt 0.913595 0.523248
vt 0.914520 0.523191
vt 0.912822 0.504442
vt 0.913834 0.504421
vt 0.913262 0.491279
vt 0.914268 0.491374
vt 0.914118 0.481611
vt 0.915057 0.481792
vt 0.914996 0.473114
vt 0.915871 0.473313
vt 0.915639 0.465551
vt 0.916476 0.465768
vt 0.916134 0.459937
vt 0.916923 0.460239
vt 0.916674 0.456709
vt 0.917334 0.457126
vt 0.917213 0.455024
vt 0.917679 0.455471
vt 0.001272 0.000827
vt 0.001301 0.000877
vt 0.000472 0.001636
vt 0.000505 0.001687
vt 0.024314 0.001878
vt 0.024418 0.001067
vt 0.024794 0.000501
vt 0.025644 0.001284
vt 0.025096 0.001730
vt 0.024854 0.034794
vt 0.024457 0.034237
vt 0.024322 0.033430
vt 0.025115 0.033574
vt 0.025674 0.034014
vt 0.000712 0.033940
vt 0.001185 0.033416
vt 0.002006 0.033283
vt 0.001882 0.034178
vt 0.001533 0.034748
vt 0.001664 0.001439
vt 0.001819 0.002314
vt 0.001004 0.002185
s 1
usemtl initialShadingGroup
f 4/1/1 1/2/2 440/3/3
f 1/2/2 435/4/4 440/3/3
f 435/4/4 434/5/5 440/3/3
f 434/5/5 441/6/6 440/3/3
f 6/7/7 3/8/8 420/9/9
f 3/8/8 415/10/10 420/9/9
f 415/10/10 414/11/11 420/9/9
f 414/11/11 421/12/12 420/9/9
f 445/13/13 444/14/13 446/15/13
f 447/16/13 445/13/13 446/15/13
f 448/17/13 447/16/13 446/15/13
f 449/18/13 448/17/13 446/15/13
f 450/19/13 449/18/13 446/15/13
f 451/20/13 450/19/13 446/15/13
f 452/21/13 451/20/13 446/15/13
f 453/22/13 452/21/13 446/15/13
f 454/23/13 453/22/13 446/15/13
f 455/24/13 454/23/13 446/15/13
f 456/25/13 455/24/13 446/15/13
f 457/26/13 456/25/13 446/15/13
f 458/27/13 457/26/13 446/15/13
f 459/28/13 458/27/13 446/15/13
f 460/29/13 459/28/13 446/15/13
f 461/30/13 460/29/13 446/15/13
f 462/31/13 461/30/13 446/15/13
f 463/32/13 462/31/13 446/15/13
f 464/33/13 463/32/13 446/15/13
f 444/14/13 464/33/13 446/15/13
f 187/34/14 188/35/14 189/36/14
f 188/35/14 190/37/14 189/36/14
f 190/37/14 191/38/14 189/36/14
f 191/38/14 192/39/14 189/36/14
f 192/39/14 193/40/14 189/36/14
f 193/40/14 194/41/14 189/36/14
f 194/41/14 195/42/14 189/36/14
f 195/42/14 196/43/14 189/36/14
f 196/43/14 197/44/14 189/36/14
f 197/44/14 198/45/14 189/36/14
f 198/45/14 199/46/14 189/36/14
f 199/46/14 200/47/14 189/36/14
f 200/47/14 201/48/14 189/36/14
f 201/48/14 202/49/14 189/36/14
f 202/49/14 203/50/14 189/36/14
f 203/50/14 204/51/14 189/36/14
f 204/51/14 205/52/14 189/36/14
f 205/52/14 206/53/14 189/36/14
f 206/53/14 207/54/14 189/36/14
f 207/54/14 187/34/14 189/36/14
f 8/55/15 7/56/16 48/57/15
f 48/57/15 7/56/16 47/58/17
f 9/59/18 8/55/15 49/60/19
f 49/60/19 8/55/15 48/57/15
f 10/61/20 9/59/18 50/62/21
f 50/62/21 9/59/18 49/60/19
f 11/63/22 10/61/20 51/64/22
f 51/64/22 10/61/20 50/62/21
f 12/65/23 11/63/22 52/66/24
f 52/66/24 11/63/22 51/64/22
f 13/67/25 12/65/23 53/68/25
f 53/68/25 12/65/23 52/66/24
f 14/69/26 13/67/25 54/70/26
f 54/70/26 13/67/25 53/68/25
f 15/71/27 14/69/26 55/72/27
f 55/72/27 14/69/26 54/70/26
f 16/73/28 15/71/27 56/74/29
f 56/74/29 15/71/27 55/72/27
f 17/75/30 16/73/28 57/76/31
f 57/76/31 16/73/28 56/74/29
f 18/77/32 17/75/30 58/78/32
f 58/78/32 17/75/30 57/76/31
f 19/79/33 18/77/32 59/80/33
f 59/80/33 18/77/32 58/78/32
f 20/81/34 19/79/33 60/82/35
f 60/82/35 19/79/33 59/80/33
f 21/83/36 20/81/34 61/84/36
f 61/84/36 20/81/34 60/82/35
f 22/85/37 21/83/36 62/86/38
f 62/86/38 21/83/36 61/84/36
f 23/87/39 22/85/37 63/88/39
f 63/88/39 22/85/37 62/86/38
f 24/89/40 23/87/39 64/90/40
f 64/90/40 23/87/39 63/88/39
f 25/91/41 24/89/40 65/92/41
f 65/92/41 24/89/40 64/90/40
f 26/93/42 25/91/41 66/94/43
f 66/94/43 25/91/41 65/92/41
f 7/95/16 26/93/42 47/96/17
f 47/96/17 26/93/42 66/94/43
f 38/97/44 416/98/45 3/99/46
f 3/99/46 416/98/45 415/100/47
f 27/101/48 436/102/49 1/103/50
f 1/103/50 436/102/49 435/104/51
f 108/105/52 107/106/53 110/107/54
f 110/107/54 107/106/53 109/108/55
f 111/109/56 108/105/52 112/110/57
f 112/110/57 108/105/52 110/107/54
f 111/109/56 112/110/57 113/111/58
f 113/111/58 112/110/57 114/112/59
f 113/111/58 114/112/59 115/113/60
f 115/113/60 114/112/59 116/114/61
f 117/115/62 115/113/60 118/116/63
f 118/116/63 115/113/60 116/114/61
f 117/115/62 118/116/63 119/117/64
f 119/117/64 118/116/63 120/118/65
f 121/119/66 119/117/64 122/120/67
f 122/120/67 119/117/64 120/118/65
f 123/121/68 121/119/66 124/122/69
f 124/122/69 121/119/66 122/120/67
f 123/121/68 124/122/69 125/123/70
f 125/123/70 124/122/69 126/124/71
f 125/123/70 126/124/71 127/125/72
f 127/125/72 126/124/71 128/126/73
f 129/127/74 127/125/72 130/128/75
f 130/128/75 127/125/72 128/126/73
f 129/127/74 130/128/75 131/129/76
f 131/129/76 130/128/75 132/130/77
f 133/131/78 131/129/76 134/132/79
f 134/132/79 131/129/76 132/130/77
f 135/133/80 133/131/78 136/134/81
f 136/134/81 133/131/78 134/132/79
f 137/135/82 135/133/80 138/136/83
f 138/136/83 135/133/80 136/134/81
f 137/135/82 138/136/83 139/137/84
f 139/137/84 138/136/83 140/138/85
f 141/139/86 139/137/84 142/140/87
f 142/140/87 139/137/84 140/138/85
f 143/141/88 141/139/86 144/142/89
f 144/142/89 141/139/86 142/140/87
f 145/143/90 143/141/88 146/144/91
f 146/144/91 143/141/88 144/142/89
f 145/143/90 146/144/91 107/145/53
f 107/145/53 146/144/91 109/146/55
f 148/147/92 147/148/93 150/149/94
f 150/149/94 147/148/93 149/150/95
f 148/147/92 150/149/94 151/151/96
f 151/151/96 150/149/94 152/152/97
f 153/153/98 151/151/96 154/154/99
f 154/154/99 151/151/96 152/152/97
f 155/155/100 153/153/98 156/156/101
f 156/156/101 153/153/98 154/154/99
f 155/155/100 156/156/101 157/157/102
f 157/157/102 156/156/101 158/158/103
f 159/159/104 157/157/102 160/160/105
f 160/160/105 157/157/102 158/158/103
f 161/161/106 159/159/104 162/162/106
f 162/162/106 159/159/104 160/160/105
f 163/163/107 161/161/106 164/164/107
f 164/164/107 161/161/106 162/162/106
f 165/165/29 163/163/107 166/166/29
f 166/166/29 163/163/107 164/164/107
f 167/167/108 165/165/29 168/168/109
f 168/168/109 165/165/29 166/166/29
f 167/167/108 168/168/109 169/169/110
f 169/169/110 168/168/109 170/170/111
f 171/171/112 169/169/110 172/172/113
f 172/172/113 169/169/110 170/170/111
f 171/171/112 172/172/113 173/173/114
f 173/173/114 172/172/113 174/174/115
f 175/175/116 173/173/114 176/176/117
f 176/176/117 173/173/114 174/174/115
f 175/175/116 176/176/117 177/177/118
f 177/177/118 176/176/117 178/178/119
f 179/179/120 177/177/118 180/180/121
f 180/180/121 177/177/118 178/178/119
f 181/181/122 179/179/120 182/182/123
f 182/182/123 179/179/120 180/180/121
f 183/183/124 181/181/122 184/184/125
f 184/184/125 181/181/122 182/182/123
f 183/183/124 184/184/125 185/185/126
f 185/185/126 184/184/125 186/186/127
f 185/185/126 186/186/127 147/187/93
f 147/187/93 186/186/127 149/188/95
f 88/189/15 87/190/128 8/55/15
f 8/55/15 87/190/128 7/56/16
f 89/191/18 88/189/15 9/59/18
f 9/59/18 88/189/15 8/55/15
f 90/192/21 89/191/18 10/61/20
f 10/61/20 89/191/18 9/59/18
f 91/193/129 90/192/21 11/63/22
f 11/63/22 90/192/21 10/61/20
f 92/194/130 91/193/129 12/65/23
f 12/65/23 91/193/129 11/63/22
f 93/195/25 92/194/130 13/67/25
f 13/67/25 92/194/130 12/65/23
f 94/196/131 93/195/25 14/69/26
f 14/69/26 93/195/25 13/67/25
f 95/197/27 94/196/131 15/71/27
f 15/71/27 94/196/131 14/69/26
f 96/198/132 95/197/27 16/73/28
f 16/73/28 95/197/27 15/71/27
f 97/199/31 96/198/132 17/75/30
f 17/75/30 96/198/132 16/73/28
f 98/200/32 97/199/31 18/77/32
f 18/77/32 97/199/31 17/75/30
f 99/201/133 98/200/32 19/79/33
f 19/79/33 98/200/32 18/77/32
f 100/202/35 99/201/133 20/81/34
f 20/81/34 99/201/133 19/79/33
f 101/203/36 100/202/35 21/83/36
f 21/83/36 100/202/35 20/81/34
f 102/204/37 101/203/36 22/85/37
f 22/85/37 101/203/36 21/83/36
f 103/205/39 102/204/37 23/87/39
f 23/87/39 102/204/37 22/85/37
f 104/206/40 103/205/39 24/89/40
f 24/89/40 103/205/39 23/87/39
f 105/207/41 104/206/40 25/91/41
f 25/91/41 104/206/40 24/89/40
f 106/208/134 105/207/41 26/93/42
f 26/93/42 105/207/41 25/91/41
f 87/209/128 106/208/134 7/95/16
f 7/95/16 106/208/134 26/93/42
f 48/210/135 47/211/136 108/105/137
f 108/105/137 47/211/136 107/106/138
f 27/212/139 28/213/140 109/108/141
f 109/108/141 28/213/140 110/107/142
f 49/214/143 48/210/135 111/109/144
f 111/109/144 48/210/135 108/105/137
f 28/213/140 29/215/145 110/107/142
f 110/107/142 29/215/145 112/110/146
f 50/216/147 49/214/143 113/111/148
f 113/111/148 49/214/143 111/109/144
f 30/217/149 114/112/150 29/215/145
f 29/215/145 114/112/150 112/110/146
f 51/218/151 50/216/147 115/113/152
f 115/113/152 50/216/147 113/111/148
f 30/217/149 31/219/153 114/112/150
f 114/112/150 31/219/153 116/114/154
f 52/220/155 51/218/151 117/115/156
f 117/115/156 51/218/151 115/113/152
f 31/219/153 32/221/157 116/114/154
f 116/114/154 32/221/157 118/116/158
f 53/222/159 52/220/155 119/117/160
f 119/117/160 52/220/155 117/115/156
f 32/221/157 33/223/161 118/116/158
f 118/116/158 33/223/161 120/118/162
f 54/224/163 53/222/159 121/119/164
f 121/119/164 53/222/159 119/117/160
f 33/223/161 34/225/165 120/118/162
f 120/118/162 34/225/165 122/120/166
f 55/226/167 54/224/163 123/121/168
f 123/121/168 54/224/163 121/119/164
f 34/225/165 35/227/169 122/120/166
f 122/120/166 35/227/169 124/122/170
f 56/228/171 55/226/167 125/123/172
f 125/123/172 55/226/167 123/121/168
f 35/227/169 36/229/173 124/122/170
f 124/122/170 36/229/173 126/124/174
f 57/230/175 56/228/171 127/125/176
f 127/125/176 56/228/171 125/123/172
f 36/229/173 37/231/177 126/124/174
f 126/124/174 37/231/177 128/126/177
f 58/232/178 57/230/175 129/127/179
f 129/127/179 57/230/175 127/125/176
f 37/231/177 38/233/180 128/126/177
f 128/126/177 38/233/180 130/128/180
f 59/234/181 58/232/178 131/129/182
f 131/129/182 58/232/178 129/127/179
f 38/233/180 39/235/183 130/128/180
f 130/128/180 39/235/183 132/130/183
f 60/236/184 59/234/181 133/131/185
f 133/131/185 59/234/181 131/129/182
f 39/235/183 40/237/186 132/130/183
f 132/130/183 40/237/186 134/132/186
f 61/238/187 60/236/184 135/133/187
f 135/133/187 60/236/184 133/131/185
f 40/237/186 41/239/188 134/132/186
f 134/132/186 41/239/188 136/134/189
f 62/240/190 61/238/187 137/135/190
f 137/135/190 61/238/187 135/133/187
f 41/239/188 42/241/191 136/134/189
f 136/134/189 42/241/191 138/136/192
f 63/242/193 62/240/190 139/137/194
f 139/137/194 62/240/190 137/135/190
f 42/241/191 43/243/195 138/136/192
f 138/136/192 43/243/195 140/138/196
f 64/244/197 63/242/193 141/139/198
f 141/139/198 63/242/193 139/137/194
f 43/243/195 44/245/199 140/138/196
f 140/138/196 44/245/199 142/140/200
f 65/246/201 64/244/197 143/141/202
f 143/141/202 64/244/197 141/139/198
f 44/245/199 45/247/203 142/140/200
f 142/140/200 45/247/203 144/142/204
f 66/248/205 65/246/201 145/143/206
f 145/143/206 65/246/201 143/141/202
f 45/247/203 46/249/207 144/142/204
f 144/142/204 46/249/207 146/144/208
f 47/250/136 66/248/205 107/145/138
f 107/145/138 66/248/205 145/143/206
f 46/249/207 27/251/139 146/144/208
f 146/144/208 27/251/139 109/146/141
f 68/252/209 67/253/210 148/147/211
f 148/147/211 67/253/210 147/148/212
f 87/254/213 88/255/214 149/150/215
f 149/150/215 88/255/214 150/149/216
f 69/256/217 68/252/209 151/151/218
f 151/151/218 68/252/209 148/147/211
f 89/257/219 152/152/220 88/255/214
f 88/255/214 152/152/220 150/149/216
f 70/258/221 69/256/217 153/153/222
f 153/153/222 69/256/217 151/151/218
f 89/257/219 90/259/223 152/152/220
f 152/152/220 90/259/223 154/154/224
f 71/260/225 70/258/221 155/155/226
f 155/155/226 70/258/221 153/153/222
f 90/259/223 91/261/227 154/154/224
f 154/154/224 91/261/227 156/156/228
f 71/260/225 155/155/226 72/262/229
f 72/262/229 155/155/226 157/157/230
f 91/261/227 92/263/231 156/156/228
f 156/156/228 92/263/231 158/158/232
f 73/264/233 72/262/229 159/159/234
f 159/159/234 72/262/229 157/157/230
f 92/263/231 93/265/235 158/158/232
f 158/158/232 93/265/235 160/160/236
f 74/266/237 73/264/233 161/161/237
f 161/161/237 73/264/233 159/159/234
f 93/265/235 94/267/165 160/160/236
f 160/160/236 94/267/165 162/162/165
f 75/268/238 74/266/237 163/163/238
f 163/163/238 74/266/237 161/161/237
f 94/267/165 95/269/239 162/162/165
f 162/162/165 95/269/239 164/164/239
f 76/270/240 75/268/238 165/165/240
f 165/165/240 75/268/238 163/163/238
f 95/269/239 96/271/241 164/164/239
f 164/164/239 96/271/241 166/166/241
f 77/272/242 76/270/240 167/167/243
f 167/167/243 76/270/240 165/165/240
f 96/271/241 97/273/177 166/166/241
f 166/166/241 97/273/177 168/168/177
f 78/274/244 77/275/242 169/169/245
f 169/169/245 77/272/242 167/167/243
f 97/273/177 98/276/180 168/168/177
f 168/168/177 98/276/180 170/170/180
f 79/277/246 78/274/244 171/171/247
f 171/171/247 78/274/244 169/169/245
f 98/276/180 99/278/183 170/170/180
f 170/170/180 99/278/183 172/172/183
f 79/277/246 171/171/247 80/279/248
f 80/279/248 171/171/247 173/173/249
f 99/278/183 100/280/186 172/172/183
f 172/172/183 100/280/186 174/174/250
f 81/281/251 80/279/248 175/175/252
f 175/175/252 80/279/248 173/173/249
f 100/280/186 101/282/253 174/174/250
f 174/174/250 101/282/253 176/176/254
f 82/283/255 81/281/251 177/177/256
f 177/177/256 81/281/251 175/175/252
f 102/284/257 178/178/258 101/282/253
f 101/282/253 178/178/258 176/176/254
f 83/285/259 82/283/255 179/179/260
f 179/179/260 82/283/255 177/177/256
f 102/284/257 103/286/261 178/178/258
f 178/178/258 103/286/261 180/180/262
f 84/287/263 83/285/259 181/181/264
f 181/181/264 83/285/259 179/179/260
f 103/286/261 104/288/265 180/180/262
f 180/180/262 104/288/265 182/182/266
f 85/289/267 84/287/263 183/183/268
f 183/183/268 84/287/263 181/181/264
f 104/288/265 105/290/269 182/182/266
f 182/182/266 105/290/269 184/184/270
f 86/291/271 85/289/267 185/185/272
f 185/185/272 85/289/267 183/183/268
f 105/290/269 106/292/273 184/184/270
f 184/184/270 106/292/273 186/186/274
f 67/293/210 86/291/271 147/187/212
f 147/187/212 86/291/271 185/185/272
f 87/294/213 149/188/215 106/292/273
f 106/292/273 149/188/215 186/186/274
f 440/3/275 439/295/276 4/1/277
f 4/296/277 439/297/276 228/298/278
f 420/9/279 419/299/280 6/7/281
f 6/300/281 419/301/280 239/302/282
f 228/303/278 411/304/283 4/305/277
f 4/306/277 411/307/283 410/308/284
f 209/309/285 208/310/286 207/311/287
f 207/311/287 208/310/286 187/312/288
f 210/313/289 209/309/285 206/314/290
f 206/314/290 209/309/285 207/311/287
f 211/315/291 210/313/289 205/316/292
f 205/316/292 210/313/289 206/314/290
f 212/317/293 211/315/291 204/318/294
f 204/318/294 211/315/291 205/316/292
f 213/319/295 212/317/293 203/320/295
f 203/320/295 212/317/293 204/318/294
f 214/321/296 213/319/295 202/322/297
f 202/322/297 213/319/295 203/320/295
f 215/323/298 214/321/296 201/324/298
f 201/324/298 214/321/296 202/322/297
f 216/325/299 215/323/298 200/326/300
f 200/326/300 215/323/298 201/324/298
f 217/327/301 216/325/299 199/328/302
f 199/328/302 216/325/299 200/326/300
f 218/329/303 217/327/301 198/330/304
f 198/330/304 217/327/301 199/328/302
f 219/331/305 218/329/303 197/332/306
f 197/332/306 218/329/303 198/330/304
f 220/333/307 219/331/305 196/334/308
f 196/334/308 219/331/305 197/332/306
f 221/335/309 220/333/307 195/336/309
f 195/336/309 220/333/307 196/334/308
f 222/337/310 221/335/309 194/338/311
f 194/338/311 221/335/309 195/336/309
f 223/339/312 222/337/310 193/340/312
f 193/340/312 222/337/310 194/338/311
f 224/341/313 223/339/312 192/342/314
f 192/342/314 223/339/312 193/340/312
f 225/343/315 224/341/313 191/344/315
f 191/344/315 224/341/313 192/342/314
f 226/345/316 225/343/315 190/346/316
f 190/346/316 225/343/315 191/344/315
f 227/347/317 226/345/316 188/348/318
f 188/348/318 226/345/316 190/346/316
f 208/349/286 227/347/317 187/350/288
f 187/350/288 227/347/317 188/348/318
f 229/351/319 228/303/278 209/309/285
f 209/309/285 228/303/278 208/310/286
f 230/352/290 229/351/319 210/313/289
f 210/313/289 229/351/319 209/309/285
f 231/353/320 230/352/290 211/315/291
f 211/315/291 230/352/290 210/313/289
f 232/354/294 231/353/320 212/317/293
f 212/317/293 231/353/320 211/315/291
f 233/355/295 232/354/294 213/319/295
f 213/319/295 232/354/294 212/317/293
f 234/356/321 233/355/295 214/321/296
f 214/321/296 233/355/295 213/319/295
f 235/357/322 234/356/321 215/323/298
f 215/323/298 234/356/321 214/321/296
f 236/358/323 235/357/322 216/325/299
f 216/325/299 235/357/322 215/323/298
f 237/359/301 236/358/323 217/327/301
f 217/327/301 236/358/323 216/325/299
f 238/360/324 237/359/301 218/329/303
f 218/329/303 237/359/301 217/327/301
f 239/302/282 238/360/324 219/331/305
f 219/331/305 238/360/324 218/329/303
f 240/361/325 239/302/282 220/333/307
f 220/333/307 239/302/282 219/331/305
f 241/362/326 240/361/325 221/335/309
f 221/335/309 240/361/325 220/333/307
f 242/363/310 241/362/326 222/337/310
f 222/337/310 241/362/326 221/335/309
f 243/364/312 242/363/310 223/339/312
f 223/339/312 242/363/310 222/337/310
f 244/365/327 243/364/312 224/341/313
f 224/341/313 243/364/312 223/339/312
f 245/366/328 244/365/327 225/343/315
f 225/343/315 244/365/327 224/341/313
f 246/367/329 245/366/328 226/345/316
f 226/345/316 245/366/328 225/343/315
f 247/368/330 246/367/329 227/347/317
f 227/347/317 246/367/329 226/345/316
f 228/298/278 247/368/330 208/349/286
f 208/349/286 247/368/330 227/347/317
f 239/302/282 364/369/331 6/300/281
f 6/7/281 364/370/331 368/371/332
f 245/366/328 339/372/333 5/373/334
f 5/374/334 339/375/333 343/376/335
f 428/377/336 427/378/337 5/379/334
f 5/373/334 427/380/337 245/366/328
f 5/381/338 2/382/339 428/383/340
f 428/383/340 2/382/339 424/384/341
f 424/384/341 2/382/339 432/385/342
f 2/382/339 433/386/343 432/385/342
f 44/387/344 429/388/345 2/389/346
f 2/389/346 429/388/345 433/390/347
f 260/391/348 259/392/349 2/389/346
f 2/389/346 259/392/349 44/387/344
f 285/393/350 284/394/351 3/99/46
f 3/99/46 284/394/351 38/97/44
f 327/395/352 326/396/353 1/397/50
f 1/397/50 326/396/353 27/398/48
f 2/382/339 5/381/338 260/399/354
f 260/399/354 5/381/338 256/400/355
f 256/400/355 5/381/338 342/401/356
f 343/402/357 342/401/356 5/381/338
f 3/8/8 6/7/7 285/403/358
f 6/7/7 368/371/359 285/403/358
f 285/403/358 368/371/359 281/404/360
f 368/371/359 367/405/361 281/404/360
f 410/308/362 409/406/363 4/306/1
f 409/406/363 328/407/364 4/306/1
f 1/408/2 4/306/1 327/409/365
f 328/407/364 327/409/365 4/306/1
f 251/410/366 250/411/367 252/412/368
f 252/412/368 250/411/367 253/413/369
f 250/411/367 249/414/370 253/413/369
f 253/413/369 249/414/370 254/415/371
f 249/416/370 248/417/372 254/418/371
f 254/418/371 248/417/372 255/419/373
f 264/420/374 263/421/375 265/422/376
f 265/422/376 263/421/375 266/423/377
f 263/421/375 262/424/378 266/423/377
f 266/423/377 262/424/378 267/425/379
f 262/426/378 261/427/380 267/428/379
f 267/428/379 261/427/380 268/429/381
f 289/430/382 288/431/383 290/432/384
f 290/432/384 288/431/383 291/433/385
f 288/431/383 287/434/386 291/433/385
f 291/433/385 287/434/386 292/435/387
f 287/436/386 286/437/388 292/438/387
f 292/438/387 286/437/388 293/439/389
f 337/440/390 340/441/391 338/442/392
f 338/442/392 340/441/391 339/375/333
f 336/443/393 341/444/394 337/440/390
f 337/440/390 341/444/394 340/441/391
f 336/443/393 335/445/395 341/444/394
f 341/444/394 335/445/395 342/446/396
f 362/447/397 365/448/398 363/449/399
f 363/449/399 365/448/398 364/450/331
f 361/451/400 366/452/401 362/447/402
f 362/447/402 366/452/401 365/448/401
f 361/451/403 360/453/404 366/452/405
f 366/452/405 360/453/404 367/454/406
f 407/455/407 412/456/408 408/457/409
f 408/457/409 412/456/408 411/458/283
f 406/459/410 413/460/411 407/455/410
f 407/455/410 413/460/411 412/456/412
f 405/461/413 409/462/363 406/459/414
f 406/459/414 409/462/363 413/460/415
f 251/410/366 252/412/368 331/463/416
f 331/463/416 252/412/368 335/445/395
f 256/464/417 342/446/396 252/412/368
f 252/412/368 342/446/396 335/445/395
f 424/465/418 432/466/419 344/467/420
f 344/467/420 432/466/419 264/420/374
f 264/420/374 265/422/376 344/467/420
f 344/467/420 265/422/376 348/468/421
f 265/422/376 269/469/422 348/468/421
f 348/468/421 269/469/422 352/470/423
f 269/469/422 273/471/424 352/470/423
f 352/470/423 273/471/424 356/472/425
f 273/471/424 277/473/426 356/472/425
f 356/472/425 277/473/426 360/453/404
f 281/474/427 367/454/406 277/473/426
f 277/473/426 367/454/406 360/453/404
f 289/430/382 290/432/384 369/475/428
f 369/475/428 290/432/384 373/476/429
f 290/432/384 294/477/430 373/476/429
f 373/476/429 294/477/430 377/478/431
f 294/477/430 298/479/432 377/478/431
f 377/478/431 298/479/432 381/480/433
f 298/479/432 302/481/434 381/480/433
f 381/480/433 302/481/434 385/482/435
f 302/481/434 306/483/436 385/482/435
f 385/482/435 306/483/436 389/484/437
f 306/483/436 310/485/438 389/484/437
f 389/484/437 310/485/438 393/486/439
f 310/485/438 314/487/440 393/486/439
f 393/486/439 314/487/440 397/488/441
f 314/487/440 318/489/442 397/488/441
f 397/488/441 318/489/442 401/490/443
f 318/489/442 322/491/444 401/490/443
f 401/490/443 322/491/444 405/461/413
f 29/492/445 28/493/446 321/494/447
f 321/494/447 28/493/446 325/495/448
f 30/496/449 29/492/445 317/497/450
f 317/497/450 29/492/445 321/494/447
f 31/498/451 30/496/449 313/499/452
f 313/499/452 30/496/449 317/497/450
f 32/500/453 31/498/451 309/501/454
f 309/501/454 31/498/451 313/499/452
f 33/502/455 32/500/453 305/503/456
f 305/503/456 32/500/453 309/501/454
f 34/504/106 33/502/455 301/505/457
f 301/505/457 33/502/455 305/503/456
f 35/506/458 34/504/106 297/507/459
f 297/507/459 34/504/106 301/505/457
f 36/508/460 35/506/458 293/439/389
f 293/439/389 35/506/458 297/507/459
f 37/509/461 36/508/460 286/437/388
f 286/437/388 36/508/460 293/439/389
f 38/97/44 284/394/351 39/510/462
f 39/510/462 284/394/351 280/511/463
f 40/512/464 39/510/462 276/513/465
f 276/513/465 39/510/462 280/511/463
f 41/514/466 40/512/464 272/515/467
f 272/515/467 40/512/464 276/513/465
f 42/516/468 41/514/466 268/429/381
f 268/429/381 41/514/466 272/515/467
f 43/517/469 42/516/468 261/427/380
f 261/427/380 42/516/468 268/429/381
f 44/387/344 43/517/469 429/388/345
f 429/388/345 43/517/469 261/427/380
f 44/387/344 259/392/349 45/518/470
f 45/518/470 259/392/349 255/419/373
f 46/519/471 45/518/470 248/417/372
f 248/417/372 45/518/470 255/419/373
f 334/520/472 338/521/392 247/368/330
f 247/368/330 338/521/392 246/367/329
f 338/521/392 339/372/333 246/367/329
f 246/367/329 339/372/333 245/366/328
f 245/366/328 427/380/337 244/365/327
f 244/365/327 427/380/337 347/522/473
f 347/522/473 351/523/474 244/365/327
f 244/365/327 351/523/474 243/364/312
f 351/523/474 355/524/475 243/364/312
f 243/364/312 355/524/475 242/363/310
f 355/524/475 359/525/476 242/363/310
f 242/363/310 359/525/476 241/362/326
f 359/525/476 363/526/399 241/362/326
f 241/362/326 363/526/399 240/361/325
f 363/526/399 364/369/331 240/361/325
f 240/361/325 364/369/331 239/302/282
f 372/527/477 376/528/478 238/360/324
f 238/360/324 376/528/478 237/359/301
f 376/528/478 380/529/479 237/359/301
f 237/359/301 380/529/479 236/358/323
f 380/529/479 384/530/480 236/358/323
f 236/358/323 384/530/480 235/357/322
f 384/530/480 388/531/481 235/357/322
f 235/357/322 388/531/481 234/356/321
f 388/531/481 392/532/482 234/356/321
f 234/356/321 392/532/482 233/355/295
f 392/532/482 396/533/483 233/355/295
f 233/355/295 396/533/483 232/354/294
f 396/533/483 400/534/484 232/354/294
f 232/354/294 400/534/484 231/353/320
f 400/534/484 404/535/485 231/353/320
f 231/353/320 404/535/485 230/352/290
f 404/535/485 408/536/409 230/352/290
f 230/352/290 408/536/409 229/351/319
f 38/97/44 37/509/461 416/98/45
f 416/98/45 37/509/461 286/437/388
f 421/537/486 414/538/487 369/475/428
f 369/475/428 414/538/487 289/430/382
f 239/302/282 419/301/280 238/360/324
f 238/360/324 419/301/280 372/527/477
f 27/101/48 46/519/471 436/102/49
f 436/102/49 46/519/471 248/417/372
f 441/539/488 434/540/489 331/463/416
f 331/463/416 434/540/489 251/410/366
f 228/298/278 439/297/276 247/368/330
f 247/368/330 439/297/276 334/520/472
f 408/536/409 411/304/283 229/351/319
f 229/351/319 411/304/283 228/303/278
f 322/491/444 328/541/364 405/461/413
f 405/461/413 328/541/364 409/462/363
f 27/398/48 326/396/353 28/493/446
f 28/493/446 326/396/353 325/495/448
f 260/399/354 256/400/355 257/542/490
f 260/391/491 257/543/492 258/544/493
f 260/391/348 258/544/493 259/392/349
f 285/403/358 281/404/360 282/545/494
f 285/393/495 282/546/496 283/547/497
f 285/393/350 283/547/497 284/394/351
f 327/409/365 328/407/364 329/548/498
f 327/395/352 329/549/499 330/550/500
f 327/395/352 330/550/500 326/396/353
f 343/376/501 339/375/502 340/441/503
f 343/376/501 340/441/503 341/444/504
f 343/402/357 341/551/505 342/401/356
f 368/371/506 364/370/506 365/552/506
f 368/371/507 365/552/507 366/553/507
f 368/371/359 366/553/508 367/405/361
f 410/308/284 411/307/283 412/554/509
f 410/308/284 412/554/509 413/555/510
f 410/308/362 413/555/415 409/406/363
f 415/100/47 416/98/45 417/556/511
f 415/557/512 417/558/511 418/559/513
f 415/557/10 418/559/514 414/538/11
f 420/9/9 421/12/12 422/560/515
f 420/9/516 422/560/516 423/561/516
f 420/562/279 423/563/517 419/564/280
f 428/383/340 424/384/341 425/565/518
f 428/377/336 425/566/519 426/567/520
f 428/377/336 426/567/520 427/378/337
f 433/390/521 429/388/522 430/568/523
f 433/569/521 430/570/523 431/571/524
f 433/386/343 431/572/525 432/385/342
f 435/104/51 436/102/49 437/573/526
f 435/574/527 437/575/526 438/576/528
f 435/574/4 438/576/529 434/540/5
f 440/3/3 441/6/6 442/577/530
f 440/3/531 442/577/532 443/578/533
f 440/3/275 443/578/534 439/295/276
f 251/410/366 434/540/489 250/411/367
f 250/411/367 434/540/489 438/576/528
f 249/416/370 437/573/526 248/417/372
f 248/417/372 437/573/526 436/102/49
f 250/579/367 438/580/528 249/416/370
f 249/416/370 438/580/528 437/573/526
f 254/418/371 255/419/373 258/544/493
f 258/544/493 255/419/373 259/392/349
f 252/412/368 253/413/369 256/464/417
f 256/464/417 253/413/369 257/581/492
f 253/413/369 254/415/371 257/581/492
f 257/581/492 254/415/371 258/582/493
f 263/421/375 264/420/374 431/571/535
f 431/571/535 264/420/374 432/466/419
f 262/426/378 430/568/536 261/427/380
f 261/427/380 430/568/536 429/388/345
f 263/421/375 431/571/535 262/424/378
f 262/424/378 431/571/535 430/570/536
f 267/428/379 268/429/381 271/583/537
f 271/583/537 268/429/381 272/515/467
f 265/422/376 266/423/377 269/469/422
f 269/469/422 266/423/377 270/584/538
f 266/423/377 267/425/379 270/584/538
f 270/584/538 267/425/379 271/585/537
f 271/583/537 272/515/467 275/586/539
f 275/586/539 272/515/467 276/513/465
f 269/469/422 270/584/538 273/471/424
f 273/471/424 270/584/538 274/587/540
f 270/584/538 271/585/537 274/587/540
f 274/587/540 271/585/537 275/588/539
f 275/586/539 276/513/465 279/589/541
f 279/589/541 276/513/465 280/511/463
f 273/471/424 274/587/540 277/473/426
f 277/473/426 274/587/540 278/590/542
f 274/587/540 275/588/539 278/590/542
f 278/590/542 275/588/539 279/591/541
f 279/589/541 280/511/463 283/547/497
f 283/547/497 280/511/463 284/394/351
f 277/473/426 278/590/542 281/474/427
f 281/474/427 278/590/542 282/592/496
f 278/590/542 279/591/541 282/592/496
f 282/592/496 279/591/541 283/593/497
f 289/430/382 414/538/487 288/431/383
f 288/431/383 414/538/487 418/559/513
f 287/436/386 417/556/511 286/437/388
f 286/437/388 417/556/511 416/98/45
f 288/594/383 418/595/513 287/436/386
f 287/436/386 418/595/513 417/556/511
f 292/438/387 293/439/389 296/596/543
f 296/596/543 293/439/389 297/507/459
f 290/432/384 291/433/385 294/477/430
f 294/477/430 291/433/385 295/597/544
f 291/433/385 292/435/387 295/597/544
f 295/597/544 292/435/387 296/598/543
f 296/596/543 297/507/459 300/599/545
f 300/599/545 297/507/459 301/505/457
f 294/477/430 295/597/544 298/479/432
f 298/479/432 295/597/544 299/600/546
f 295/597/544 296/598/543 299/600/546
f 299/600/546 296/598/543 300/601/545
f 300/599/545 301/505/457 304/602/547
f 304/602/547 301/505/457 305/503/456
f 298/479/432 299/600/546 302/481/434
f 302/481/434 299/600/546 303/603/548
f 299/600/546 300/601/545 303/603/548
f 303/603/548 300/601/545 304/604/547
f 304/602/547 305/503/456 308/605/549
f 308/605/549 305/503/456 309/501/454
f 302/481/434 303/603/548 306/483/436
f 306/483/436 303/603/548 307/606/550
f 303/603/548 304/604/547 307/606/550
f 307/606/550 304/604/547 308/607/549
f 308/605/549 309/501/454 312/608/551
f 312/608/551 309/501/454 313/499/452
f 306/483/436 307/606/550 310/485/438
f 310/485/438 307/606/550 311/609/552
f 307/606/550 308/607/549 311/609/552
f 311/609/552 308/607/549 312/610/551
f 312/608/551 313/499/452 316/611/553
f 316/611/553 313/499/452 317/497/450
f 310/485/438 311/609/552 314/487/440
f 314/487/440 311/609/552 315/612/554
f 311/609/552 312/610/551 315/612/554
f 315/612/554 312/610/551 316/613/553
f 316/611/553 317/497/450 320/614/555
f 320/614/555 317/497/450 321/494/447
f 314/487/440 315/612/554 318/489/442
f 318/489/442 315/612/554 319/615/556
f 315/612/554 316/613/553 319/615/556
f 319/615/556 316/613/553 320/616/555
f 320/614/555 321/494/447 324/617/557
f 324/617/557 321/494/447 325/495/448
f 318/489/442 319/615/556 322/491/444
f 322/491/444 319/615/556 323/618/558
f 319/615/556 320/616/555 323/618/558
f 323/618/558 320/616/555 324/619/557
f 324/617/557 325/495/448 330/550/500
f 330/550/500 325/495/448 326/396/353
f 322/491/444 323/618/558 328/541/364
f 328/541/364 323/618/558 329/620/498
f 323/618/558 324/619/557 329/620/498
f 329/620/498 324/619/557 330/621/500
f 333/622/559 334/623/472 443/624/560
f 443/624/560 334/623/472 439/625/276
f 331/463/416 332/626/561 441/539/488
f 441/539/488 332/626/561 442/627/562
f 332/626/563 333/622/563 442/627/532
f 442/627/532 333/622/563 443/624/533
f 334/623/472 333/622/559 338/442/392
f 338/442/392 333/622/559 337/440/390
f 333/622/563 332/626/563 337/440/390
f 337/440/390 332/626/563 336/443/393
f 332/626/561 331/463/416 336/443/393
f 336/443/393 331/463/416 335/445/395
f 346/628/564 347/629/473 426/567/565
f 426/567/565 347/629/473 427/378/337
f 344/467/420 345/630/566 424/465/418
f 424/465/418 345/630/566 425/566/567
f 345/630/568 346/628/569 425/566/570
f 425/566/570 346/628/569 426/567/570
f 347/629/473 346/628/564 351/631/474
f 351/631/474 346/628/564 350/632/571
f 346/628/569 345/630/568 350/632/572
f 350/632/572 345/630/568 349/633/573
f 345/630/566 344/467/420 349/633/574
f 349/633/574 344/467/420 348/468/421
f 351/631/474 350/632/571 355/634/475
f 355/634/475 350/632/571 354/635/575
f 350/632/572 349/633/573 354/635/576
f 354/635/576 349/633/573 353/636/577
f 349/633/574 348/468/421 353/636/578
f 353/636/578 348/468/421 352/470/423
f 355/634/475 354/635/575 359/637/476
f 359/637/476 354/635/575 358/638/579
f 354/635/576 353/636/577 358/638/580
f 358/638/580 353/636/577 357/639/581
f 353/636/578 352/470/423 357/639/582
f 357/639/582 352/470/423 356/472/425
f 359/637/476 358/638/579 363/449/399
f 363/449/399 358/638/579 362/447/397
f 358/638/580 357/639/581 362/447/402
f 362/447/402 357/639/581 361/451/400
f 357/639/582 356/472/425 361/451/403
f 361/451/403 356/472/425 360/453/404
f 371/640/583 372/641/477 423/563/584
f 423/563/584 372/641/477 419/564/280
f 369/475/428 370/642/585 421/537/486
f 421/537/486 370/642/585 422/643/586
f 370/642/587 371/640/588 422/643/589
f 422/643/589 371/640/588 423/563/589
f 372/641/477 371/640/583 376/644/478
f 376/644/478 371/640/583 375/645/590
f 371/640/588 370/642/587 375/645/591
f 375/645/591 370/642/587 374/646/592
f 370/642/585 369/475/428 374/646/593
f 374/646/593 369/475/428 373/476/429
f 376/644/478 375/645/590 380/647/479
f 380/647/479 375/645/590 379/648/594
f 375/645/591 374/646/592 379/648/595
f 379/648/595 374/646/592 378/649/596
f 374/646/593 373/476/429 378/649/597
f 378/649/597 373/476/429 377/478/431
f 380/647/479 379/648/594 384/650/480
f 384/650/480 379/648/594 383/651/598
f 379/648/595 378/649/596 383/651/599
f 383/651/599 378/649/596 382/652/600
f 378/649/597 377/478/431 382/652/601
f 382/652/601 377/478/431 381/480/433
f 384/650/480 383/651/598 388/653/481
f 388/653/481 383/651/598 387/654/602
f 383/651/599 382/652/600 387/654/603
f 387/654/603 382/652/600 386/655/603
f 382/652/601 381/480/433 386/655/604
f 386/655/604 381/480/433 385/482/435
f 388/653/481 387/654/602 392/656/482
f 392/656/482 387/654/602 391/657/605
f 387/654/603 386/655/603 391/657/606
f 391/657/606 386/655/603 390/658/607
f 386/655/604 385/482/435 390/658/608
f 390/658/608 385/482/435 389/484/437
f 392/656/482 391/657/605 396/659/483
f 396/659/483 391/657/605 395/660/609
f 391/657/606 390/658/607 395/660/610
f 395/660/610 390/658/607 394/661/611
f 390/658/608 389/484/437 394/661/612
f 394/661/612 389/484/437 393/486/439
f 396/659/483 395/660/609 400/662/484
f 400/662/484 395/660/609 399/663/613
f 395/660/610 394/661/611 399/663/614
f 399/663/614 394/661/611 398/664/615
f 394/661/612 393/486/439 398/664/616
f 398/664/616 393/486/439 397/488/441
f 400/662/484 399/663/613 404/665/485
f 404/665/485 399/663/613 403/666/617
f 399/663/614 398/664/615 403/666/618
f 403/666/618 398/664/615 402/667/618
f 398/664/616 397/488/441 402/667/619
f 402/667/619 397/488/441 401/490/443
f 404/665/485 403/666/617 408/457/409
f 408/457/409 403/666/617 407/455/407
f 403/666/618 402/667/618 407/455/410
f 407/455/410 402/667/618 406/459/410
f 402/667/619 401/490/443 406/459/414
f 406/459/414 401/490/443 405/461/413
f 465/668/620 468/669/621 525/670/622
f 525/670/622 468/669/621 528/671/623
f 468/669/621 471/672/624 528/671/623
f 528/671/623 471/672/624 531/673/625
f 471/672/624 474/674/626 531/673/625
f 531/673/625 474/674/626 534/675/627
f 474/674/626 477/676/628 534/675/627
f 534/675/627 477/676/628 537/677/629
f 477/676/628 480/678/630 537/677/629
f 537/677/629 480/678/630 540/679/631
f 480/678/630 483/680/632 540/679/631
f 540/679/631 483/680/632 543/681/633
f 483/680/632 486/682/634 543/681/633
f 543/681/633 486/682/634 546/683/635
f 486/682/634 489/684/636 546/683/635
f 546/683/635 489/684/636 549/685/637
f 489/684/636 492/686/638 549/685/637
f 549/685/637 492/686/638 552/687/639
f 492/686/638 495/688/640 552/687/639
f 552/687/639 495/688/640 555/689/641
f 495/688/640 498/690/642 555/689/641
f 555/689/641 498/690/642 558/691/643
f 498/690/642 501/692/644 558/691/643
f 558/691/643 501/692/644 561/693/645
f 501/692/644 504/694/646 561/693/645
f 561/693/645 504/694/646 564/695/647
f 504/694/646 507/696/648 564/695/647
f 564/695/647 507/696/648 567/697/649
f 507/696/648 510/698/650 567/697/649
f 567/697/649 510/698/650 570/699/651
f 510/698/650 513/700/652 570/699/651
f 570/699/651 513/700/652 573/701/653
f 513/700/652 516/702/654 573/701/653
f 573/701/653 516/702/654 576/703/655
f 516/702/654 519/704/656 576/703/655
f 576/703/655 519/704/656 579/705/657
f 519/704/656 522/706/658 579/705/657
f 579/705/657 522/706/658 582/707/659
f 522/706/658 465/668/620 582/707/659
f 582/707/659 465/668/620 525/670/622
f 527/708/660 530/709/661 67/710/662
f 67/710/662 530/709/661 86/711/663
f 530/709/661 533/712/664 86/711/663
f 86/711/663 533/712/664 85/713/665
f 533/712/664 536/714/666 85/713/665
f 85/713/665 536/714/666 84/715/667
f 536/714/666 539/716/668 84/715/667
f 84/715/667 539/716/668 83/717/669
f 539/716/668 542/718/670 83/717/669
f 83/717/669 542/718/670 82/719/468
f 542/718/670 545/720/671 82/719/468
f 82/719/468 545/720/671 81/721/466
f 545/720/671 548/722/672 81/721/466
f 81/721/466 548/722/672 80/723/673
f 548/722/672 551/724/674 80/723/673
f 80/723/673 551/724/674 79/725/675
f 551/724/674 554/726/676 79/725/675
f 79/725/675 554/726/676 78/727/677
f 554/726/676 557/728/678 78/727/677
f 78/727/677 557/728/678 77/729/679
f 557/728/678 560/730/680 77/729/679
f 77/729/679 560/730/680 76/731/460
f 560/730/680 563/732/681 76/731/460
f 76/731/460 563/732/681 75/733/458
f 563/732/681 566/734/682 75/733/458
f 75/733/458 566/734/682 74/735/683
f 566/734/682 569/736/684 74/735/683
f 74/735/683 569/736/684 73/737/685
f 569/736/684 572/738/686 73/737/685
f 73/737/685 572/738/686 72/739/453
f 572/738/686 575/740/687 72/739/453
f 72/739/453 575/740/687 71/741/688
f 575/740/687 578/742/689 71/741/688
f 71/741/688 578/742/689 70/743/690
f 578/742/689 581/744/691 70/743/690
f 70/743/690 581/744/691 69/745/692
f 581/744/691 584/746/693 69/745/692
f 69/745/692 584/746/693 68/747/694
f 584/746/693 527/748/660 68/747/694
f 68/747/694 527/748/660 67/749/662
f 470/750/695 467/751/696 445/752/697
f 445/752/697 467/751/696 444/753/698
f 473/754/699 470/750/695 447/755/700
f 447/755/700 470/750/695 445/752/697
f 476/756/701 473/754/699 448/757/702
f 448/757/702 473/754/699 447/755/700
f 479/758/703 476/756/701 449/759/704
f 449/759/704 476/756/701 448/757/702
f 482/760/705 479/758/703 450/761/706
f 450/761/706 479/758/703 449/759/704
f 485/762/707 482/760/705 451/763/708
f 451/763/708 482/760/705 450/761/706
f 488/764/709 485/762/707 452/765/710
f 452/765/710 485/762/707 451/763/708
f 491/766/711 488/764/709 453/767/712
f 453/767/712 488/764/709 452/765/710
f 494/768/713 491/766/711 454/769/714
f 454/769/714 491/766/711 453/767/712
f 497/770/715 494/768/713 455/771/716
f 455/771/716 494/768/713 454/769/714
f 500/772/717 497/770/715 456/773/718
f 456/773/718 497/770/715 455/771/716
f 503/774/719 500/772/717 457/775/720
f 457/775/720 500/772/717 456/773/718
f 506/776/721 503/774/719 458/777/722
f 458/777/722 503/774/719 457/775/720
f 509/778/723 506/776/721 459/779/724
f 459/779/724 506/776/721 458/777/722
f 512/780/725 509/778/723 460/781/726
f 460/781/726 509/778/723 459/779/724
f 515/782/727 512/780/725 461/783/728
f 461/783/728 512/780/725 460/781/726
f 518/784/729 515/782/727 462/785/730
f 462/785/730 515/782/727 461/783/728
f 521/786/731 518/784/729 463/787/732
f 463/787/732 518/784/729 462/785/730
f 524/788/733 521/786/731 464/789/734
f 464/789/734 521/786/731 463/787/732
f 467/751/696 524/788/733 444/753/698
f 444/753/698 524/788/733 464/789/734
f 465/668/620 466/790/735 468/669/621
f 468/669/621 466/790/735 469/791/736
f 466/792/737 467/751/696 469/793/738
f 469/793/738 467/751/696 470/750/695
f 468/669/621 469/791/736 471/672/624
f 471/672/624 469/791/736 472/794/739
f 469/793/738 470/750/695 472/795/740
f 472/795/740 470/750/695 473/754/699
f 471/672/624 472/794/739 474/674/626
f 474/674/626 472/794/739 475/796/741
f 472/795/740 473/754/699 475/797/742
f 475/797/742 473/754/699 476/756/701
f 474/674/626 475/796/741 477/676/628
f 477/676/628 475/796/741 478/798/743
f 475/797/742 476/756/701 478/799/744
f 478/799/744 476/756/701 479/758/703
f 477/676/628 478/798/743 480/678/630
f 480/678/630 478/798/743 481/800/745
f 478/799/744 479/758/703 481/801/746
f 481/801/746 479/758/703 482/760/705
f 480/678/630 481/800/745 483/680/632
f 483/680/632 481/800/745 484/802/747
f 481/801/746 482/760/705 484/803/748
f 484/803/748 482/760/705 485/762/707
f 483/680/632 484/802/747 486/682/634
f 486/682/634 484/802/747 487/804/749
f 484/803/748 485/762/707 487/805/750
f 487/805/750 485/762/707 488/764/709
f 486/682/634 487/804/749 489/684/636
f 489/684/636 487/804/749 490/806/751
f 487/805/750 488/764/709 490/807/752
f 490/807/752 488/764/709 491/766/711
f 489/684/636 490/806/751 492/686/638
f 492/686/638 490/806/751 493/808/753
f 490/807/752 491/766/711 493/809/754
f 493/809/754 491/766/711 494/768/713
f 492/686/638 493/808/753 495/688/640
f 495/688/640 493/808/753 496/810/755
f 493/809/754 494/768/713 496/811/756
f 496/811/756 494/768/713 497/770/715
f 495/688/640 496/810/755 498/690/642
f 498/690/642 496/810/755 499/812/757
f 496/811/756 497/770/715 499/813/758
f 499/813/758 497/770/715 500/772/717
f 498/690/642 499/812/757 501/692/644
f 501/692/644 499/812/757 502/814/759
f 499/813/758 500/772/717 502/815/760
f 502/815/760 500/772/717 503/774/719
f 501/692/644 502/814/759 504/694/646
f 504/694/646 502/814/759 505/816/761
f 502/815/760 503/774/719 505/817/762
f 505/817/762 503/774/719 506/776/721
f 504/694/646 505/816/761 507/696/648
f 507/696/648 505/816/761 508/818/763
f 505/817/762 506/776/721 508/819/764
f 508/819/764 506/776/721 509/778/723
f 507/696/648 508/818/763 510/698/650
f 510/698/650 508/818/763 511/820/765
f 508/819/764 509/778/723 511/821/766
f 511/821/766 509/778/723 512/780/725
f 510/698/650 511/820/765 513/700/652
f 513/700/652 511/820/765 514/822/767
f 511/821/766 512/780/725 514/823/768
f 514/823/768 512/780/725 515/782/727
f 513/700/652 514/822/767 516/702/654
f 516/702/654 514/822/767 517/824/769
f 514/823/768 515/782/727 517/825/770
f 517/825/770 515/782/727 518/784/729
f 516/702/654 517/824/769 519/704/656
f 519/704/656 517/824/769 520/826/771
f 517/825/770 518/784/729 520/827/772
f 520/827/772 518/784/729 521/786/731
f 519/704/656 520/826/771 522/706/658
f 522/706/658 520/826/771 523/828/773
f 520/827/772 521/786/731 523/829/774
f 523/829/774 521/786/731 524/788/733
f 467/751/696 466/792/737 524/788/733
f 524/788/733 466/792/737 523/829/774
f 466/790/735 465/668/620 523/828/773
f 523/828/773 465/668/620 522/706/658
f 525/670/622 526/830/775 582/707/659
f 582/707/659 526/830/775 583/831/776
f 526/832/777 527/748/660 583/833/778
f 583/833/778 527/748/660 584/746/693
f 527/708/660 526/834/777 530/709/661
f 530/709/661 526/834/777 529/835/779
f 526/830/775 525/670/622 529/836/780
f 529/836/780 525/670/622 528/671/623
f 530/709/661 529/835/779 533/712/664
f 533/712/664 529/835/779 532/837/781
f 529/836/780 528/671/623 532/838/782
f 532/838/782 528/671/623 531/673/625
f 533/712/664 532/837/781 536/714/666
f 536/714/666 532/837/781 535/839/783
f 532/838/782 531/673/625 535/840/784
f 535/840/784 531/673/625 534/675/627
f 536/714/666 535/839/783 539/716/668
f 539/716/668 535/839/783 538/841/785
f 535/840/784 534/675/627 538/842/786
f 538/842/786 534/675/627 537/677/629
f 539/716/668 538/841/785 542/718/670
f 542/718/670 538/841/785 541/843/787
f 538/842/786 537/677/629 541/844/788
f 541/844/788 537/677/629 540/679/631
f 542/718/670 541/843/787 545/720/671
f 545/720/671 541/843/787 544/845/789
f 541/844/788 540/679/631 544/846/790
f 544/846/790 540/679/631 543/681/633
f 545/720/671 544/845/789 548/722/672
f 548/722/672 544/845/789 547/847/791
f 544/846/790 543/681/633 547/848/792
f 547/848/792 543/681/633 546/683/635
f 548/722/672 547/847/791 551/724/674
f 551/724/674 547/847/791 550/849/793
f 547/848/792 546/683/635 550/850/794
f 550/850/794 546/683/635 549/685/637
f 551/724/674 550/849/793 554/726/676
f 554/726/676 550/849/793 553/851/795
f 550/850/794 549/685/637 553/852/796
f 553/852/796 549/685/637 552/687/639
f 554/726/676 553/851/795 557/728/678
f 557/728/678 553/851/795 556/853/797
f 553/852/796 552/687/639 556/854/798
f 556/854/798 552/687/639 555/689/641
f 557/728/678 556/853/797 560/730/680
f 560/730/680 556/853/797 559/855/799
f 556/854/798 555/689/641 559/856/800
f 559/856/800 555/689/641 558/691/643
f 560/730/680 559/855/799 563/732/681
f 563/732/681 559/855/799 562/857/801
f 559/856/800 558/691/643 562/858/802
f 562/858/802 558/691/643 561/693/645
f 563/732/681 562/857/801 566/734/682
f 566/734/682 562/857/801 565/859/803
f 562/858/802 561/693/645 565/860/804
f 565/860/804 561/693/645 564/695/647
f 566/734/682 565/859/803 569/736/684
f 569/736/684 565/859/803 568/861/805
f 565/860/804 564/695/647 568/862/806
f 568/862/806 564/695/647 567/697/649
f 569/736/684 568/861/805 572/738/686
f 572/738/686 568/861/805 571/863/807
f 568/862/806 567/697/649 571/864/808
f 571/864/808 567/697/649 570/699/651
f 572/738/686 571/863/807 575/740/687
f 575/740/687 571/863/807 574/865/809
f 571/864/808 570/699/651 574/866/810
f 574/866/810 570/699/651 573/701/653
f 575/740/687 574/865/809 578/742/689
f 578/742/689 574/865/809 577/867/811
f 574/866/810 573/701/653 577/868/812
f 577/868/812 573/701/653 576/703/655
f 578/742/689 577/867/811 581/744/691
f 581/744/691 577/867/811 580/869/813
f 577/868/812 576/703/655 580/870/814
f 580/870/814 576/703/655 579/705/657
f 581/744/691 580/869/813 584/746/693
f 584/746/693 580/869/813 583/833/778
f 580/870/814 579/705/657 583/831/776
f 583/831/776 579/705/657 582/707/659
f 588/871/815 587/872/816 589/873/815
f 589/873/815 587/872/816 590/874/817
f 587/872/816 586/875/818 590/874/817
f 590/874/817 586/875/818 591/876/819
f 586/875/818 585/877/820 591/876/821
f 591/876/821 585/877/820 592/878/822
f 596/879/823 595/880/824 598/881/825
f 598/881/825 595/880/824 599/882/826
f 595/880/824 594/883/827 599/882/828
f 599/882/829 594/883/827 600/884/827
f 594/883/827 593/885/830 600/884/827
f 600/884/827 593/885/830 597/886/830
f 604/887/831 603/888/832 608/889/833
f 608/889/833 603/888/832 605/890/834
f 603/888/832 602/891/835 605/890/834
f 605/890/834 602/891/835 606/892/836
f 602/891/837 601/893/838 606/892/839
f 606/892/839 601/893/838 607/894/840
f 612/895/841 611/896/842 616/897/841
f 616/897/841 611/896/842 613/898/843
f 611/899/844 610/900/845 613/901/846
f 613/901/846 610/900/845 614/902/847
f 610/900/845 609/903/848 614/902/847
f 614/902/847 609/903/848 615/904/849
f 683/905/850 688/906/851 684/907/852
f 684/907/852 688/906/851 687/908/853
f 682/909/854 689/910/855 683/905/856
f 683/905/856 689/910/855 688/906/857
f 681/911/858 690/912/859 682/909/854
f 682/909/854 690/912/859 689/910/860
f 687/913/853 686/914/861 924/915/862
f 924/915/862 686/914/861 916/916/863
f 686/914/864 685/917/865 916/916/866
f 916/916/866 685/917/865 917/918/867
f 685/917/868 693/919/869 917/918/867
f 917/918/867 693/919/869 918/920/870
f 693/919/869 692/921/871 764/922/872
f 764/922/872 692/921/871 765/923/873
f 692/921/874 691/924/875 765/923/876
f 765/923/876 691/924/875 766/925/877
f 691/924/878 690/926/859 766/925/879
f 766/925/879 690/926/859 767/927/880
f 764/922/872 763/928/881 841/929/882
f 841/929/882 763/928/881 842/930/883
f 763/928/881 762/931/884 842/930/883
f 842/930/883 762/931/884 843/932/885
f 770/933/886 844/934/887 762/931/888
f 762/931/888 844/934/887 843/932/889
f 841/929/882 840/935/890 918/920/870
f 918/920/870 840/935/890 919/936/891
f 839/937/892 920/938/893 840/935/890
f 840/935/890 920/938/893 919/936/891
f 847/939/894 921/940/895 839/937/896
f 839/937/896 921/940/895 920/938/897
f 764/922/872 841/929/882 693/919/869
f 693/919/869 841/929/882 918/920/870
f 585/877/820 596/879/823 592/878/822
f 592/878/822 596/879/823 598/881/825
f 604/887/831 608/889/833 609/903/848
f 609/903/848 608/889/833 615/904/849
f 612/895/841 616/897/841 593/885/830
f 593/885/830 616/897/841 597/886/830
f 607/894/840 601/893/838 589/873/815
f 589/873/815 601/893/838 588/871/815
f 604/887/831 609/903/848 617/941/898
f 617/941/898 609/903/848 694/942/899
f 617/941/898 694/942/899 621/943/900
f 621/943/900 694/942/899 698/944/901
f 621/943/900 698/944/901 625/945/902
f 625/945/902 698/944/901 702/946/903
f 940/947/904 941/948/905 629/949/906
f 629/949/906 941/948/905 706/950/907
f 956/951/908 957/952/909 633/953/910
f 633/953/910 957/952/909 710/954/911
f 633/953/910 710/954/911 637/955/912
f 637/955/912 710/954/911 714/956/913
f 637/955/912 714/956/913 641/957/914
f 641/957/914 714/956/913 718/958/915
f 641/957/914 718/958/915 645/959/916
f 645/959/916 718/958/915 722/960/917
f 645/959/916 722/960/917 649/961/918
f 649/961/918 722/960/917 726/962/919
f 649/961/918 726/962/919 653/963/920
f 653/963/920 726/962/919 730/964/921
f 653/963/920 730/964/921 657/965/922
f 657/965/922 730/964/921 734/966/923
f 657/965/922 734/966/923 661/967/924
f 661/967/924 734/966/923 738/968/925
f 661/967/924 738/968/925 665/969/926
f 665/969/926 738/968/925 742/970/927
f 665/969/926 742/970/927 669/971/928
f 669/971/928 742/970/927 746/972/929
f 669/971/928 746/972/929 673/973/930
f 673/973/930 746/972/929 750/974/931
f 673/973/930 750/974/931 677/975/932
f 677/975/932 750/974/931 754/976/933
f 677/975/932 754/976/933 681/911/858
f 681/911/858 754/976/933 758/977/934
f 758/977/934 767/978/880 681/911/858
f 681/911/858 767/978/880 690/912/859
f 593/885/830 771/979/935 612/895/841
f 612/895/841 771/979/935 697/980/936
f 771/979/935 775/981/937 697/980/936
f 697/980/936 775/981/937 701/982/938
f 775/981/937 779/983/939 701/982/938
f 701/982/938 779/983/939 705/984/940
f 945/985/941 783/986/942 944/987/943
f 944/987/943 783/986/942 709/988/944
f 961/989/945 787/990/946 960/991/947
f 960/991/947 787/990/946 713/992/948
f 787/990/946 791/993/949 713/992/948
f 713/992/948 791/993/949 717/994/950
f 791/993/949 795/995/951 717/994/950
f 717/994/950 795/995/951 721/996/952
f 795/995/951 799/997/953 721/996/952
f 721/996/952 799/997/953 725/998/954
f 799/997/953 803/999/955 725/998/954
f 725/998/954 803/999/955 729/1000/956
f 729/1000/956 803/999/955 733/1001/957
f 733/1001/957 803/999/955 807/1002/958
f 733/1001/957 807/1002/958 737/1003/959
f 737/1003/959 807/1002/958 811/1004/960
f 737/1003/959 811/1004/960 741/1005/961
f 741/1005/961 811/1004/960 815/1006/962
f 741/1005/961 815/1006/962 745/1007/963
f 745/1007/963 815/1006/962 819/1008/964
f 745/1007/963 819/1008/964 749/1009/965
f 749/1009/965 819/1008/964 823/1010/966
f 749/1009/965 823/1010/966 753/1011/967
f 753/1011/967 823/1010/966 827/1012/968
f 753/1011/967 827/1012/968 757/1013/969
f 757/1013/969 827/1012/968 831/1014/970
f 757/1013/969 831/1014/970 761/1015/971
f 761/1015/971 831/1014/970 835/1016/972
f 844/1017/887 770/1018/886 835/1016/972
f 761/1015/971 835/1016/972 770/1018/886
f 596/879/823 585/877/820 774/1019/973
f 774/1019/973 585/877/820 848/1020/974
f 774/1019/973 848/1020/974 778/1021/975
f 778/1021/975 848/1020/974 852/1022/976
f 778/1021/975 852/1022/976 782/1023/977
f 782/1023/977 852/1022/976 856/1024/978
f 948/1025/979 949/1026/980 786/1027/981
f 786/1027/981 949/1026/980 860/1028/982
f 964/1029/983 965/1030/984 790/1031/985
f 790/1031/985 965/1030/984 864/1032/986
f 790/1031/985 864/1032/986 794/1033/987
f 794/1033/987 864/1032/986 868/1034/988
f 794/1033/987 868/1034/988 798/1035/989
f 798/1035/989 868/1034/988 872/1036/990
f 798/1035/989 872/1036/990 802/1037/991
f 802/1037/991 872/1036/990 876/1038/992
f 802/1037/991 876/1038/992 806/1039/993
f 806/1039/993 876/1038/992 880/1040/994
f 806/1039/993 880/1040/994 810/1041/995
f 810/1041/995 880/1040/994 884/1042/996
f 810/1041/995 884/1042/996 814/1043/997
f 814/1043/997 884/1042/996 888/1044/998
f 814/1043/997 888/1044/998 818/1045/999
f 818/1045/999 888/1044/998 892/1046/1000
f 818/1045/999 892/1046/1000 822/1047/1001
f 822/1047/1001 892/1046/1000 896/1048/1002
f 822/1047/1001 896/1048/1002 826/1049/1003
f 826/1049/1003 896/1048/1002 900/1050/1004
f 826/1049/1003 900/1050/1004 830/1051/1005
f 830/1051/1005 900/1050/1004 904/1052/1006
f 830/1051/1005 904/1052/1006 834/1053/1007
f 834/1053/1007 904/1052/1006 908/1054/1008
f 834/1053/1007 908/1054/1008 838/1055/1009
f 838/1055/1009 908/1054/1008 912/1056/1010
f 838/1055/1009 912/1056/1010 847/1057/894
f 847/939/894 912/1058/1010 921/940/895
f 588/871/815 601/893/838 851/1059/1011
f 851/1059/1011 601/893/838 620/1060/1012
f 851/1059/1011 620/1060/1012 855/1061/1013
f 855/1061/1013 620/1060/1012 624/1062/1014
f 855/1061/1013 624/1062/1014 859/1063/1015
f 859/1063/1015 624/1062/1014 628/1064/1016
f 952/1065/1017 937/1066/1018 863/1067/1019
f 863/1067/1019 937/1066/1018 632/1068/1020
f 968/1069/1021 953/1070/1022 867/1071/1023
f 867/1071/1023 953/1070/1022 636/1072/1024
f 867/1071/1023 636/1072/1024 871/1073/1025
f 871/1073/1025 636/1072/1024 640/1074/1026
f 871/1073/1025 640/1074/1026 875/1075/1027
f 875/1075/1027 640/1074/1026 644/1076/1028
f 875/1075/1027 644/1076/1028 879/1077/1029
f 879/1077/1029 644/1076/1028 648/1078/1030
f 879/1077/1029 648/1078/1030 883/1079/1031
f 883/1079/1031 648/1078/1030 652/1080/1032
f 652/1080/1032 656/1081/1033 883/1079/1031
f 883/1079/1031 656/1081/1033 887/1082/1034
f 656/1081/1033 660/1083/1035 887/1082/1034
f 887/1082/1034 660/1083/1035 891/1084/1036
f 660/1083/1035 664/1085/1037 891/1084/1036
f 891/1084/1036 664/1085/1037 895/1086/1038
f 664/1085/1037 668/1087/1039 895/1086/1038
f 895/1086/1038 668/1087/1039 899/1088/1040
f 668/1087/1039 672/1089/1041 899/1088/1040
f 899/1088/1040 672/1089/1041 903/1090/1042
f 672/1089/1041 676/1091/1043 903/1090/1042
f 903/1090/1042 676/1091/1043 907/1092/1044
f 676/1091/1043 680/1093/1045 907/1092/1044
f 907/1092/1044 680/1093/1045 911/1094/1046
f 680/1093/1045 684/907/852 911/1094/1046
f 911/1094/1046 684/907/852 915/1095/1047
f 924/915/862 915/1096/1047 687/913/853
f 915/1095/1047 684/907/852 687/908/853
f 588/871/815 851/1059/1011 587/872/816
f 587/872/816 851/1059/1011 850/1097/1048
f 585/877/820 586/875/818 848/1020/974
f 848/1020/974 586/875/818 849/1098/1049
f 587/872/816 850/1097/1048 586/875/818
f 586/875/818 850/1097/1048 849/1098/1049
f 595/880/824 596/879/823 773/1099/1050
f 773/1099/1050 596/879/823 774/1019/973
f 593/885/830 594/883/827 771/979/935
f 771/979/935 594/883/827 772/1100/1051
f 594/883/827 595/880/824 772/1100/1051
f 772/1100/1051 595/880/824 773/1099/1050
f 611/896/842 612/895/841 696/1101/1052
f 696/1101/1052 612/895/841 697/980/936
f 609/903/848 610/900/845 694/942/899
f 694/942/899 610/900/845 695/1102/1053
f 610/900/845 611/1103/844 695/1102/1053
f 695/1104/1053 611/896/844 696/1101/1052
f 602/891/837 619/1105/1054 601/893/838
f 601/893/838 619/1105/1054 620/1060/1012
f 603/888/832 618/1106/1055 602/891/835
f 602/891/835 618/1106/1055 619/1105/1054
f 603/888/832 604/887/831 618/1106/1055
f 618/1106/1055 604/887/831 617/941/898
f 619/1105/1054 623/1107/1056 620/1060/1012
f 620/1060/1012 623/1107/1056 624/1062/1014
f 618/1106/1055 622/1108/1057 619/1105/1054
f 619/1105/1054 622/1108/1057 623/1107/1056
f 617/941/898 621/943/900 618/1106/1055
f 618/1106/1055 621/943/900 622/1108/1058
f 623/1107/1056 627/1109/1059 624/1062/1014
f 624/1062/1014 627/1109/1059 628/1064/1016
f 622/1108/1057 626/1110/1060 623/1107/1056
f 623/1107/1056 626/1110/1060 627/1109/1059
f 621/943/900 625/945/902 622/1108/1058
f 622/1108/1058 625/945/902 626/1110/1061
f 938/1111/1062 631/1112/1063 937/1066/1018
f 937/1066/1018 631/1112/1063 632/1068/1020
f 939/1113/1064 630/1114/1065 938/1111/1062
f 938/1111/1062 630/1114/1065 631/1112/1063
f 940/947/904 629/949/906 939/1113/1066
f 939/1113/1066 629/949/906 630/1114/1067
f 954/1115/1068 635/1116/1069 953/1070/1022
f 953/1070/1022 635/1116/1069 636/1072/1024
f 955/1117/1070 634/1118/1071 954/1115/1068
f 954/1115/1068 634/1118/1071 635/1116/1069
f 956/951/908 633/953/910 955/1117/1072
f 955/1117/1072 633/953/910 634/1118/1073
f 635/1116/1069 639/1119/1074 636/1072/1024
f 636/1072/1024 639/1119/1074 640/1074/1026
f 634/1118/1071 638/1120/1075 635/1116/1069
f 635/1116/1069 638/1120/1075 639/1119/1074
f 633/953/910 637/955/912 634/1118/1073
f 634/1118/1073 637/955/912 638/1120/1076
f 640/1074/1026 639/1119/1074 644/1076/1028
f 644/1076/1028 639/1119/1074 643/1121/1077
f 639/1119/1074 638/1120/1075 643/1121/1077
f 643/1121/1077 638/1120/1075 642/1122/1078
f 638/1120/1076 637/955/912 642/1122/1078
f 642/1122/1078 637/955/912 641/957/914
f 644/1076/1028 643/1121/1077 648/1078/1030
f 648/1078/1030 643/1121/1077 647/1123/1079
f 643/1121/1077 642/1122/1078 647/1123/1079
f 647/1123/1079 642/1122/1078 646/1124/1080
f 642/1122/1078 641/957/914 646/1124/1080
f 646/1124/1080 641/957/914 645/959/916
f 648/1078/1030 647/1123/1079 652/1080/1032
f 652/1080/1032 647/1123/1079 651/1125/1081
f 647/1123/1079 646/1124/1080 651/1125/1081
f 651/1125/1081 646/1124/1080 650/1126/1082
f 646/1124/1080 645/959/916 650/1126/1083
f 650/1126/1083 645/959/916 649/961/918
f 652/1080/1032 651/1125/1081 656/1081/1033
f 656/1081/1033 651/1125/1081 655/1127/1084
f 651/1125/1081 650/1126/1082 655/1127/1084
f 655/1127/1084 650/1126/1082 654/1128/1085
f 650/1126/1083 649/961/918 654/1128/1085
f 654/1128/1085 649/961/918 653/963/920
f 656/1081/1033 655/1127/1084 660/1083/1035
f 660/1083/1035 655/1127/1084 659/1129/1086
f 655/1127/1084 654/1128/1085 659/1129/1086
f 659/1129/1086 654/1128/1085 658/1130/1087
f 654/1128/1085 653/963/920 658/1130/1087
f 658/1130/1087 653/963/920 657/965/922
f 659/1129/1086 663/1131/1088 660/1083/1035
f 660/1083/1035 663/1131/1088 664/1085/1037
f 658/1130/1087 662/1132/1089 659/1129/1086
f 659/1129/1086 662/1132/1089 663/1131/1088
f 658/1130/1087 657/965/922 662/1132/1089
f 662/1132/1089 657/965/922 661/967/924
f 663/1131/1088 667/1133/1090 664/1085/1037
f 664/1085/1037 667/1133/1090 668/1087/1039
f 662/1132/1089 666/1134/1091 663/1131/1088
f 663/1131/1088 666/1134/1091 667/1133/1090
f 661/967/924 665/969/926 662/1132/1089
f 662/1132/1089 665/969/926 666/1134/1091
f 667/1133/1090 671/1135/1092 668/1087/1039
f 668/1087/1039 671/1135/1092 672/1089/1041
f 666/1134/1091 670/1136/1093 667/1133/1090
f 667/1133/1090 670/1136/1093 671/1135/1092
f 665/969/926 669/971/928 666/1134/1091
f 666/1134/1091 669/971/928 670/1136/1094
f 672/1089/1041 671/1135/1092 676/1091/1043
f 676/1091/1043 671/1135/1092 675/1137/1095
f 671/1135/1092 670/1136/1093 675/1137/1095
f 675/1137/1095 670/1136/1093 674/1138/1096
f 670/1136/1094 669/971/928 674/1138/1096
f 674/1138/1096 669/971/928 673/973/930
f 676/1091/1043 675/1137/1095 680/1093/1045
f 680/1093/1045 675/1137/1095 679/1139/1097
f 675/1137/1095 674/1138/1096 679/1139/1098
f 679/1139/1098 674/1138/1096 678/1140/1099
f 674/1138/1096 673/973/930 678/1140/1099
f 678/1140/1099 673/973/930 677/975/932
f 679/1139/1097 683/905/850 680/1093/1045
f 680/1093/1045 683/905/850 684/907/852
f 678/1140/1099 682/909/854 679/1139/1098
f 679/1139/1098 682/909/854 683/905/856
f 677/975/932 681/911/858 678/1140/1099
f 678/1140/1099 681/911/858 682/909/854
f 696/1101/1052 697/980/936 700/1141/1100
f 700/1141/1100 697/980/936 701/982/938
f 694/942/899 695/1102/1053 698/944/901
f 698/944/901 695/1102/1053 699/1142/1101
f 695/1104/1053 696/1101/1052 699/1143/1101
f 699/1143/1101 696/1101/1052 700/1141/1100
f 700/1141/1100 701/982/938 704/1144/1102
f 704/1144/1102 701/982/938 705/984/940
f 698/944/901 699/1142/1101 702/946/903
f 702/946/903 699/1142/1101 703/1145/1103
f 699/1143/1101 700/1141/1100 703/1146/1104
f 703/1146/1104 700/1141/1100 704/1144/1102
f 943/1147/1105 944/987/943 708/1148/1106
f 708/1148/1106 944/987/943 709/988/944
f 941/948/905 942/1149/1107 706/950/907
f 706/950/907 942/1149/1107 707/1150/1108
f 942/1151/1109 943/1147/1105 707/1152/1110
f 707/1152/1110 943/1147/1105 708/1148/1106
f 959/1153/1111 960/991/947 712/1154/1112
f 712/1154/1112 960/991/947 713/992/948
f 957/952/909 958/1155/1113 710/954/911
f 710/954/911 958/1155/1113 711/1156/1114
f 958/1157/1115 959/1153/1111 711/1158/1116
f 711/1158/1116 959/1153/1111 712/1154/1112
f 712/1154/1112 713/992/948 716/1159/1117
f 716/1159/1117 713/992/948 717/994/950
f 710/954/911 711/1156/1114 714/956/913
f 714/956/913 711/1156/1114 715/1160/1118
f 711/1158/1116 712/1154/1112 715/1161/1119
f 715/1161/1119 712/1154/1112 716/1159/1117
f 717/994/950 721/996/952 716/1159/1117
f 716/1159/1117 721/996/952 720/1162/1120
f 715/1160/1118 719/1163/1121 714/956/913
f 714/956/913 719/1163/1121 718/958/915
f 716/1159/1117 720/1162/1120 715/1161/1119
f 715/1161/1119 720/1162/1120 719/1164/1121
f 721/996/952 725/998/954 720/1162/1120
f 720/1162/1120 725/998/954 724/1165/1122
f 719/1163/1121 723/1166/1123 718/958/915
f 718/958/915 723/1166/1123 722/960/917
f 720/1162/1120 724/1165/1122 719/1164/1121
f 719/1164/1121 724/1165/1122 723/1167/1123
f 725/998/954 729/1000/956 724/1165/1122
f 724/1165/1122 729/1000/956 728/1168/1124
f 723/1166/1123 727/1169/1125 722/960/917
f 722/960/917 727/1169/1125 726/962/919
f 724/1165/1122 728/1168/1124 723/1167/1123
f 723/1167/1123 728/1168/1124 727/1170/1126
f 729/1000/956 733/1001/957 728/1168/1124
f 728/1168/1124 733/1001/957 732/1171/1127
f 727/1169/1125 731/1172/1128 726/962/919
f 726/962/919 731/1172/1128 730/964/921
f 728/1168/1124 732/1171/1127 727/1170/1126
f 727/1170/1126 732/1171/1127 731/1173/1128
f 733/1001/957 737/1003/959 732/1171/1127
f 732/1171/1127 737/1003/959 736/1174/1129
f 730/964/921 731/1172/1128 734/966/923
f 734/966/923 731/1172/1128 735/1175/1130
f 732/1171/1127 736/1174/1129 731/1173/1128
f 731/1173/1128 736/1174/1129 735/1176/1130
f 736/1174/1129 737/1003/959 740/1177/1131
f 740/1177/1131 737/1003/959 741/1005/961
f 734/966/923 735/1175/1130 738/968/925
f 738/968/925 735/1175/1130 739/1178/1132
f 735/1176/1130 736/1174/1129 739/1179/1132
f 739/1179/1132 736/1174/1129 740/1177/1131
f 740/1177/1131 741/1005/961 744/1180/1133
f 744/1180/1133 741/1005/961 745/1007/963
f 738/968/925 739/1178/1132 742/970/927
f 742/970/927 739/1178/1132 743/1181/1134
f 739/1179/1132 740/1177/1131 743/1182/1134
f 743/1182/1134 740/1177/1131 744/1180/1133
f 744/1180/1133 745/1007/963 748/1183/1135
f 748/1183/1135 745/1007/963 749/1009/965
f 742/970/927 743/1181/1134 746/972/929
f 746/972/929 743/1181/1134 747/1184/1136
f 743/1182/1134 744/1180/1133 747/1185/1137
f 747/1185/1137 744/1180/1133 748/1183/1135
f 749/1009/965 753/1011/967 748/1183/1135
f 748/1183/1135 753/1011/967 752/1186/1138
f 746/972/929 747/1184/1136 750/974/931
f 750/974/931 747/1184/1136 751/1187/1139
f 748/1183/1135 752/1186/1138 747/1185/1137
f 747/1185/1137 752/1186/1138 751/1188/1139
f 753/1011/967 757/1013/969 752/1186/1138
f 752/1186/1138 757/1013/969 756/1189/1140
f 750/974/931 751/1187/1139 754/976/933
f 754/976/933 751/1187/1139 755/1190/1141
f 752/1186/1138 756/1189/1142 751/1188/1139
f 751/1188/1139 756/1189/1142 755/1191/1141
f 756/1189/1140 757/1013/969 760/1192/1143
f 760/1192/1143 757/1013/969 761/1015/971
f 754/976/933 755/1190/1141 758/977/934
f 758/977/934 755/1190/1141 759/1193/1144
f 755/1191/1141 756/1189/1142 759/1194/1144
f 759/1194/1144 756/1189/1142 760/1192/1145
f 760/1192/1143 761/1015/971 769/1195/1146
f 769/1195/1146 761/1015/971 770/1018/886
f 758/977/934 759/1193/1144 767/978/880
f 767/978/880 759/1193/1144 768/1196/1147
f 759/1194/1144 760/1192/1145 768/1197/1147
f 768/1197/1147 760/1192/1145 769/1195/1148
f 773/1099/1050 774/1019/973 777/1198/1149
f 777/1198/1149 774/1019/973 778/1021/975
f 771/979/935 772/1100/1051 775/981/937
f 775/981/937 772/1100/1051 776/1199/1150
f 772/1100/1051 773/1099/1050 776/1199/1150
f 776/1199/1150 773/1099/1050 777/1198/1149
f 777/1198/1149 778/1021/975 781/1200/1151
f 781/1200/1151 778/1021/975 782/1023/977
f 775/981/937 776/1199/1150 779/983/939
f 779/983/939 776/1199/1150 780/1201/1152
f 776/1199/1150 777/1198/1149 780/1201/1152
f 780/1201/1152 777/1198/1149 781/1200/1151
f 947/1202/1153 948/1025/979 785/1203/1154
f 785/1203/1154 948/1025/979 786/1027/981
f 945/985/941 946/1204/1155 783/986/942
f 783/986/942 946/1204/1155 784/1205/1156
f 946/1204/1157 947/1202/1158 784/1205/1159
f 784/1205/1159 947/1202/1158 785/1203/1160
f 963/1206/1161 964/1029/983 789/1207/1162
f 789/1207/1162 964/1029/983 790/1031/985
f 961/989/945 962/1208/1163 787/990/946
f 787/990/946 962/1208/1163 788/1209/1164
f 962/1208/1165 963/1206/1161 788/1209/1164
f 788/1209/1164 963/1206/1161 789/1207/1162
f 790/1031/985 794/1033/987 789/1207/1162
f 789/1207/1162 794/1033/987 793/1210/1166
f 788/1209/1164 792/1211/1167 787/990/946
f 787/990/946 792/1211/1167 791/993/949
f 789/1207/1162 793/1210/1166 788/1209/1164
f 788/1209/1164 793/1210/1166 792/1211/1167
f 794/1033/987 798/1035/989 793/1210/1166
f 793/1210/1166 798/1035/989 797/1212/1168
f 792/1211/1167 796/1213/1169 791/993/949
f 791/993/949 796/1213/1169 795/995/951
f 793/1210/1166 797/1212/1168 792/1211/1167
f 792/1211/1167 797/1212/1168 796/1213/1169
f 798/1035/989 802/1037/991 797/1212/1168
f 797/1212/1168 802/1037/991 801/1214/1170
f 796/1213/1169 800/1215/1171 795/995/951
f 795/995/951 800/1215/1171 799/997/953
f 797/1212/1168 801/1214/1170 796/1213/1169
f 796/1213/1169 801/1214/1170 800/1215/1172
f 802/1037/991 806/1039/993 801/1214/1170
f 801/1214/1170 806/1039/993 805/1216/1173
f 800/1215/1171 804/1217/1174 799/997/953
f 799/997/953 804/1217/1174 803/999/955
f 801/1214/1170 805/1216/1173 800/1215/1172
f 800/1215/1172 805/1216/1173 804/1217/1174
f 806/1039/993 810/1041/995 805/1216/1173
f 805/1216/1173 810/1041/995 809/1218/1175
f 804/1217/1174 808/1219/1176 803/999/955
f 803/999/955 808/1219/1176 807/1002/958
f 805/1216/1173 809/1218/1175 804/1217/1174
f 804/1217/1174 809/1218/1175 808/1219/1176
f 809/1218/1175 810/1041/995 813/1220/1177
f 813/1220/1177 810/1041/995 814/1043/997
f 807/1002/958 808/1219/1176 811/1004/960
f 811/1004/960 808/1219/1176 812/1221/1178
f 808/1219/1176 809/1218/1175 812/1221/1178
f 812/1221/1178 809/1218/1175 813/1220/1177
f 813/1220/1177 814/1043/997 817/1222/1179
f 817/1222/1179 814/1043/997 818/1045/999
f 811/1004/960 812/1221/1178 815/1006/962
f 815/1006/962 812/1221/1178 816/1223/1180
f 812/1221/1178 813/1220/1177 816/1223/1180
f 816/1223/1180 813/1220/1177 817/1222/1179
f 817/1222/1179 818/1045/999 821/1224/1181
f 821/1224/1181 818/1045/999 822/1047/1001
f 815/1006/962 816/1223/1180 819/1008/964
f 819/1008/964 816/1223/1180 820/1225/1182
f 816/1223/1180 817/1222/1179 820/1225/1182
f 820/1225/1182 817/1222/1179 821/1224/1181
f 821/1224/1181 822/1047/1001 825/1226/1183
f 825/1226/1183 822/1047/1001 826/1049/1003
f 819/1008/964 820/1225/1182 823/1010/966
f 823/1010/966 820/1225/1182 824/1227/1184
f 820/1225/1182 821/1224/1181 824/1227/1184
f 824/1227/1184 821/1224/1181 825/1226/1185
f 826/1049/1003 830/1051/1005 825/1226/1183
f 825/1226/1183 830/1051/1005 829/1228/1186
f 824/1227/1184 828/1229/1187 823/1010/966
f 823/1010/966 828/1229/1187 827/1012/968
f 825/1226/1185 829/1228/1188 824/1227/1184
f 824/1227/1184 829/1228/1188 828/1229/1187
f 830/1051/1005 834/1053/1007 829/1228/1186
f 829/1228/1186 834/1053/1007 833/1230/1189
f 828/1229/1187 832/1231/1190 827/1012/968
f 827/1012/968 832/1231/1190 831/1014/970
f 829/1228/1188 833/1230/1191 828/1229/1187
f 828/1229/1187 833/1230/1191 832/1231/1190
f 833/1230/1189 834/1053/1007 837/1232/1192
f 837/1232/1192 834/1053/1007 838/1055/1009
f 831/1014/970 832/1231/1190 835/1016/972
f 835/1016/972 832/1231/1190 836/1233/1193
f 832/1231/1190 833/1230/1191 836/1233/1193
f 836/1233/1193 833/1230/1191 837/1232/1192
f 837/1232/1192 838/1055/1009 846/1234/1194
f 846/1234/1194 838/1055/1009 847/1057/894
f 835/1016/972 836/1233/1193 844/1017/887
f 844/1017/887 836/1233/1193 845/1235/1195
f 836/1233/1193 837/1232/1192 845/1235/1196
f 845/1235/1196 837/1232/1192 846/1234/1194
f 851/1059/1011 855/1061/1013 850/1097/1048
f 850/1097/1048 855/1061/1013 854/1236/1197
f 848/1020/974 849/1098/1049 852/1022/976
f 852/1022/976 849/1098/1049 853/1237/1198
f 850/1097/1048 854/1236/1197 849/1098/1049
f 849/1098/1049 854/1236/1197 853/1237/1198
f 855/1061/1013 859/1063/1015 854/1236/1197
f 854/1236/1197 859/1063/1015 858/1238/1199
f 853/1237/1198 857/1239/1200 852/1022/976
f 852/1022/976 857/1239/1200 856/1024/978
f 854/1236/1197 858/1238/1199 853/1237/1198
f 853/1237/1198 858/1238/1199 857/1239/1200
f 952/1065/1017 863/1067/1019 951/1240/1201
f 951/1240/1201 863/1067/1019 862/1241/1202
f 950/1242/1203 861/1243/1204 949/1026/980
f 949/1026/980 861/1243/1204 860/1028/982
f 951/1240/1205 862/1241/1206 950/1242/1203
f 950/1242/1203 862/1241/1206 861/1243/1204
f 968/1069/1021 867/1071/1023 967/1244/1207
f 967/1244/1207 867/1071/1023 866/1245/1208
f 966/1246/1209 865/1247/1210 965/1030/984
f 965/1030/984 865/1247/1210 864/1032/986
f 967/1244/1211 866/1245/1208 966/1246/1209
f 966/1246/1209 866/1245/1208 865/1247/1210
f 866/1245/1208 867/1071/1023 870/1248/1212
f 870/1248/1212 867/1071/1023 871/1073/1025
f 864/1032/986 865/1247/1210 868/1034/988
f 868/1034/988 865/1247/1210 869/1249/1213
f 865/1247/1210 866/1245/1208 869/1249/1213
f 869/1249/1213 866/1245/1208 870/1248/1212
f 870/1248/1212 871/1073/1025 874/1250/1214
f 874/1250/1214 871/1073/1025 875/1075/1027
f 868/1034/988 869/1249/1213 872/1036/990
f 872/1036/990 869/1249/1213 873/1251/1215
f 869/1249/1213 870/1248/1212 873/1251/1215
f 873/1251/1215 870/1248/1212 874/1250/1214
f 874/1250/1214 875/1075/1027 878/1252/1216
f 878/1252/1216 875/1075/1027 879/1077/1029
f 872/1036/990 873/1251/1215 876/1038/992
f 876/1038/992 873/1251/1215 877/1253/1217
f 873/1251/1215 874/1250/1214 877/1253/1217
f 877/1253/1217 874/1250/1214 878/1252/1216
f 878/1252/1216 879/1077/1029 882/1254/1218
f 882/1254/1218 879/1077/1029 883/1079/1031
f 876/1038/992 877/1253/1217 880/1040/994
f 880/1040/994 877/1253/1217 881/1255/1219
f 877/1253/1217 878/1252/1216 881/1255/1220
f 881/1255/1220 878/1252/1216 882/1254/1218
f 882/1254/1218 883/1079/1031 886/1256/1221
f 886/1256/1221 883/1079/1031 887/1082/1034
f 880/1040/994 881/1255/1219 884/1042/996
f 884/1042/996 881/1255/1219 885/1257/1222
f 881/1255/1220 882/1254/1218 885/1257/1222
f 885/1257/1222 882/1254/1218 886/1256/1221
f 886/1256/1221 887/1082/1034 890/1258/1223
f 890/1258/1223 887/1082/1034 891/1084/1036
f 884/1042/996 885/1257/1222 888/1044/998
f 888/1044/998 885/1257/1222 889/1259/1224
f 885/1257/1222 886/1256/1221 889/1259/1224
f 889/1259/1224 886/1256/1221 890/1258/1223
f 891/1084/1036 895/1086/1038 890/1258/1223
f 890/1258/1223 895/1086/1038 894/1260/1225
f 889/1259/1224 893/1261/1226 888/1044/998
f 888/1044/998 893/1261/1226 892/1046/1000
f 890/1258/1223 894/1260/1225 889/1259/1224
f 889/1259/1224 894/1260/1225 893/1261/1226
f 895/1086/1038 899/1088/1040 894/1260/1225
f 894/1260/1225 899/1088/1040 898/1262/1227
f 893/1261/1226 897/1263/1228 892/1046/1000
f 892/1046/1000 897/1263/1228 896/1048/1002
f 894/1260/1225 898/1262/1227 893/1261/1226
f 893/1261/1226 898/1262/1227 897/1263/1228
f 899/1088/1040 903/1090/1042 898/1262/1227
f 898/1262/1227 903/1090/1042 902/1264/1229
f 896/1048/1002 897/1263/1228 900/1050/1004
f 900/1050/1004 897/1263/1228 901/1265/1230
f 898/1262/1227 902/1264/1229 897/1263/1228
f 897/1263/1228 902/1264/1229 901/1265/1231
f 902/1264/1229 903/1090/1042 906/1266/1232
f 906/1266/1232 903/1090/1042 907/1092/1044
f 900/1050/1004 901/1265/1230 904/1052/1006
f 904/1052/1006 901/1265/1230 905/1267/1233
f 901/1265/1231 902/1264/1229 905/1267/1234
f 905/1267/1234 902/1264/1229 906/1266/1232
f 906/1266/1232 907/1092/1044 910/1268/1235
f 910/1268/1235 907/1092/1044 911/1094/1046
f 904/1052/1006 905/1267/1233 908/1054/1008
f 908/1054/1008 905/1267/1233 909/1269/1236
f 905/1267/1234 906/1266/1232 909/1269/1237
f 909/1269/1237 906/1266/1232 910/1268/1235
f 911/1094/1046 915/1095/1047 910/1268/1235
f 910/1268/1235 915/1095/1047 914/1270/1238
f 909/1269/1236 913/1271/1239 908/1054/1008
f 908/1054/1008 913/1271/1239 912/1056/1010
f 910/1268/1235 914/1270/1238 909/1269/1237
f 909/1269/1237 914/1270/1238 913/1271/1239
f 915/1096/1047 924/915/862 914/1272/1238
f 914/1272/1238 924/915/862 923/1273/1240
f 913/1274/1239 922/1275/1241 912/1058/1010
f 912/1058/1010 922/1275/1241 921/940/895
f 914/1272/1238 923/1273/1242 913/1274/1239
f 913/1274/1239 923/1273/1242 922/1275/1241
f 692/921/871 693/919/869 925/1276/1243
f 925/1276/1243 693/919/869 685/917/868
f 925/1276/1244 685/917/865 926/1277/1245
f 926/1277/1245 685/917/865 686/914/864
f 686/914/861 687/913/853 926/1277/1246
f 926/1277/1246 687/913/853 688/1278/851
f 688/1278/857 689/1279/855 926/1277/1245
f 926/1277/1245 689/1279/855 927/1280/1247
f 689/1279/860 690/926/859 927/1280/1248
f 927/1280/1248 690/926/859 691/924/878
f 927/1280/1247 691/924/875 925/1276/1244
f 925/1276/1244 691/924/875 692/921/874
f 925/1276/1244 926/1277/1245 927/1280/1247
f 769/1281/1146 770/933/886 928/1282/1249
f 928/1282/1249 770/933/886 762/931/888
f 762/931/884 763/928/881 928/1282/1250
f 928/1282/1250 763/928/881 929/1283/1251
f 763/928/881 764/922/872 929/1283/1252
f 929/1283/1252 764/922/872 765/923/873
f 929/1283/1251 765/923/876 930/1284/1253
f 930/1284/1253 765/923/876 766/925/877
f 766/925/879 767/927/880 930/1284/1254
f 930/1284/1254 767/927/880 768/1285/1147
f 930/1284/1253 768/1285/1147 928/1282/1250
f 928/1282/1250 768/1285/1147 769/1281/1148
f 928/1282/1250 929/1283/1251 930/1284/1253
f 846/1286/1194 847/939/894 931/1287/1255
f 931/1287/1255 847/939/894 839/937/896
f 839/937/892 840/935/890 931/1287/1255
f 931/1287/1255 840/935/890 932/1288/1256
f 840/935/890 841/929/882 932/1288/1256
f 932/1288/1256 841/929/882 842/930/883
f 932/1288/1256 842/930/883 933/1289/1257
f 933/1289/1257 842/930/883 843/932/885
f 843/932/889 844/934/887 933/1289/1258
f 933/1289/1258 844/934/887 845/1290/1195
f 845/1290/1196 846/1286/1194 933/1289/1257
f 933/1289/1257 846/1286/1194 931/1287/1255
f 931/1287/1255 932/1288/1256 933/1289/1257
f 923/1273/1240 924/915/862 934/1291/1259
f 934/1291/1259 924/915/862 916/916/863
f 916/916/866 917/918/867 934/1291/1260
f 934/1291/1260 917/918/867 935/1292/1261
f 917/918/867 918/920/870 935/1292/1261
f 935/1292/1261 918/920/870 919/936/891
f 935/1292/1261 919/936/891 936/1293/1262
f 936/1293/1262 919/936/891 920/938/893
f 920/938/897 921/940/895 936/1293/1262
f 936/1293/1262 921/940/895 922/1275/1241
f 936/1293/1262 922/1275/1241 934/1291/1260
f 934/1291/1260 922/1275/1241 923/1273/1242
f 934/1291/1260 935/1292/1261 936/1293/1262
f 627/1109/1059 938/1111/1062 628/1064/1016
f 628/1064/1016 938/1111/1062 937/1066/1018
f 626/1110/1060 939/1113/1064 627/1109/1059
f 627/1109/1059 939/1113/1064 938/1111/1062
f 625/945/902 940/947/904 626/1110/1263
f 626/1110/1263 940/947/904 939/1113/1066
f 625/945/902 702/946/903 940/947/904
f 940/947/904 702/946/903 941/948/905
f 702/946/903 703/1145/1264 941/948/905
f 941/948/905 703/1145/1264 942/1149/1107
f 703/1146/1104 704/1144/1102 942/1151/1109
f 942/1151/1109 704/1144/1102 943/1147/1105
f 704/1144/1102 705/984/940 943/1147/1105
f 943/1147/1105 705/984/940 944/987/943
f 779/983/939 945/985/941 705/984/940
f 705/984/940 945/985/941 944/987/943
f 779/983/939 780/1201/1152 945/985/941
f 945/985/941 780/1201/1152 946/1204/1155
f 780/1201/1152 781/1200/1151 946/1204/1157
f 946/1204/1157 781/1200/1151 947/1202/1158
f 781/1200/1151 782/1023/977 947/1202/1153
f 947/1202/1153 782/1023/977 948/1025/979
f 782/1023/977 856/1024/978 948/1025/979
f 948/1025/979 856/1024/978 949/1026/980
f 857/1239/1200 950/1242/1203 856/1024/978
f 856/1024/978 950/1242/1203 949/1026/980
f 858/1238/1199 951/1240/1205 857/1239/1200
f 857/1239/1200 951/1240/1205 950/1242/1203
f 859/1063/1015 952/1065/1017 858/1238/1199
f 858/1238/1199 952/1065/1017 951/1240/1201
f 859/1063/1015 628/1064/1016 952/1065/1017
f 952/1065/1017 628/1064/1016 937/1066/1018
f 632/1068/1020 631/1112/1063 953/1070/1022
f 953/1070/1022 631/1112/1063 954/1115/1068
f 631/1112/1063 630/1114/1265 954/1115/1068
f 954/1115/1068 630/1114/1265 955/1117/1070
f 630/1114/1266 629/949/906 955/1117/1072
f 955/1117/1072 629/949/906 956/951/908
f 629/949/906 706/950/907 956/951/908
f 956/951/908 706/950/907 957/952/909
f 707/1150/1267 958/1155/1113 706/950/907
f 706/950/907 958/1155/1113 957/952/909
f 708/1148/1106 959/1153/1111 707/1152/1268
f 707/1152/1268 959/1153/1111 958/1157/1115
f 709/988/944 960/991/947 708/1148/1106
f 708/1148/1106 960/991/947 959/1153/1111
f 783/986/942 961/989/945 709/988/944
f 709/988/944 961/989/945 960/991/947
f 784/1205/1156 962/1208/1163 783/986/942
f 783/986/942 962/1208/1163 961/989/945
f 785/1203/1269 963/1206/1161 784/1205/1270
f 784/1205/1270 963/1206/1161 962/1208/1165
f 786/1027/981 964/1029/983 785/1203/1269
f 785/1203/1269 964/1029/983 963/1206/1161
f 786/1027/981 860/1028/982 964/1029/983
f 964/1029/983 860/1028/982 965/1030/984
f 860/1028/982 861/1243/1271 965/1030/984
f 965/1030/984 861/1243/1271 966/1246/1209
f 861/1243/1271 862/1241/1272 966/1246/1209
f 966/1246/1209 862/1241/1272 967/1244/1211
f 862/1241/1202 863/1067/1019 967/1244/1207
f 967/1244/1207 863/1067/1019 968/1069/1021
f 863/1067/1019 632/1068/1020 968/1069/1021
f 968/1069/1021 632/1068/1020 953/1070/1022
