# Blender 5.0.0
# www.blender.org
mtllib mug_2_m.mtl
o Mug
v 0.021545 0.002070 -0.024103
v 0.019769 0.006709 -0.026765
v 0.021307 0.004390 -0.024459
v 0.020657 0.006088 -0.025434
v 0.019769 -0.006709 -0.026765
v 0.021545 -0.002070 -0.024103
v 0.020657 -0.006088 -0.025434
v 0.021307 -0.004389 -0.024459
v 0.016339 -0.002070 -0.031907
v 0.018150 -0.006709 -0.029193
v 0.016581 -0.004389 -0.031544
v 0.017244 -0.006088 -0.030550
v 0.018150 0.006709 -0.029193
v 0.016339 0.002070 -0.031907
v 0.017244 0.006088 -0.030550
v 0.016581 0.004390 -0.031544
v 0.024400 0.006709 -0.029401
v 0.024973 0.002070 -0.026054
v 0.024687 0.006088 -0.027727
v 0.024897 0.004390 -0.026502
v 0.024973 -0.002070 -0.026054
v 0.024400 -0.006709 -0.029401
v 0.024897 -0.004389 -0.026502
v 0.024687 -0.006088 -0.027727
v 0.023957 -0.006709 -0.031988
v 0.023389 -0.002070 -0.035301
v 0.023673 -0.006088 -0.033644
v 0.023465 -0.004389 -0.034857
v 0.023389 0.002070 -0.035301
v 0.023957 0.006709 -0.031988
v 0.023465 0.004390 -0.034857
v 0.023673 0.006088 -0.033644
v 0.034880 0.006709 -0.028603
v 0.033706 0.002070 -0.025389
v 0.034293 0.006088 -0.026996
v 0.033863 0.004390 -0.025819
v 0.034880 -0.006709 -0.028603
v 0.033706 -0.002070 -0.025389
v 0.034293 -0.006088 -0.026996
v 0.033863 -0.004389 -0.025819
v 0.035766 -0.006709 -0.031029
v 0.036924 -0.002070 -0.034201
v 0.036345 -0.006088 -0.032615
v 0.036769 -0.004389 -0.033776
v 0.035766 0.006709 -0.031029
v 0.036924 0.002070 -0.034201
v 0.036345 0.006088 -0.032615
v 0.036769 0.004390 -0.033776
v 0.039930 0.002070 -0.020822
v 0.042336 0.006709 -0.023132
v 0.040252 0.004390 -0.021131
v 0.041133 0.006088 -0.021977
v 0.042336 -0.006709 -0.023132
v 0.039930 -0.002070 -0.020822
v 0.041133 -0.006088 -0.021977
v 0.040252 -0.004389 -0.021131
v 0.044301 -0.006709 -0.025019
v 0.046697 -0.002070 -0.027320
v 0.045499 -0.006088 -0.026169
v 0.046376 -0.004389 -0.027011
v 0.046697 0.002070 -0.027320
v 0.044301 0.006709 -0.025019
v 0.046376 0.004390 -0.027011
v 0.045499 0.006088 -0.026169
v 0.044628 0.002070 -0.013568
v 0.047565 0.006709 -0.015058
v 0.045021 0.004390 -0.013768
v 0.046096 0.006088 -0.014313
v 0.044628 -0.002070 -0.013568
v 0.047565 -0.006709 -0.015058
v 0.045021 -0.004389 -0.013768
v 0.046096 -0.006088 -0.014313
v 0.052995 -0.002070 -0.017813
v 0.050060 -0.006709 -0.016324
v 0.052601 -0.004389 -0.017614
v 0.051527 -0.006088 -0.017069
v 0.052995 0.002070 -0.017813
v 0.050060 0.006709 -0.016324
v 0.052601 0.004390 -0.017614
v 0.051527 0.006088 -0.017069
v 0.050973 0.006709 -0.005913
v 0.047821 0.002070 -0.005000
v 0.049397 0.006088 -0.005456
v 0.048243 0.004390 -0.005122
v 0.047821 -0.002070 -0.005000
v 0.050973 -0.006709 -0.005913
v 0.048243 -0.004389 -0.005122
v 0.049397 -0.006088 -0.005456
v 0.053681 -0.006709 -0.006698
v 0.056832 -0.002070 -0.007611
v 0.055257 -0.006088 -0.007154
v 0.056410 -0.004389 -0.007488
v 0.056832 0.002070 -0.007611
v 0.053681 0.006709 -0.006698
v 0.056410 0.004390 -0.007488
v 0.055257 0.006088 -0.007154
v 0.049616 0.002070 0.003624
v 0.052863 0.006709 0.003167
v 0.050051 0.004389 0.003563
v 0.051240 0.006088 0.003396
v 0.052863 -0.006709 0.003167
v 0.049616 -0.002070 0.003624
v 0.051240 -0.006088 0.003396
v 0.050051 -0.004390 0.003563
v 0.058906 -0.002070 0.002315
v 0.055660 -0.006709 0.002773
v 0.058471 -0.004389 0.002376
v 0.057283 -0.006088 0.002544
v 0.055660 0.006709 0.002773
v 0.058906 0.002070 0.002315
v 0.057283 0.006088 0.002544
v 0.058471 0.004389 0.002377
v 0.053489 0.006709 0.011562
v 0.050210 0.002070 0.011581
v 0.051849 0.006088 0.011572
v 0.050649 0.004389 0.011578
v 0.053489 -0.006709 0.011562
v 0.050210 -0.002070 0.011581
v 0.051849 -0.006088 0.011572
v 0.050649 -0.004390 0.011578
v 0.056312 -0.006709 0.011546
v 0.059591 -0.002070 0.011528
v 0.057952 -0.006088 0.011537
v 0.059152 -0.004390 0.011530
v 0.056312 0.006709 0.011547
v 0.059591 0.002070 0.011528
v 0.057952 0.006088 0.011537
v 0.059152 0.004389 0.011530
v 0.049766 0.002070 0.018687
v 0.053014 0.006709 0.019164
v 0.050201 0.004389 0.018751
v 0.051390 0.006088 0.018925
v 0.049766 -0.002070 0.018687
v 0.053014 -0.006709 0.019164
v 0.050201 -0.004390 0.018751
v 0.051390 -0.006088 0.018925
v 0.059048 -0.002070 0.020051
v 0.055801 -0.006709 0.019573
v 0.058613 -0.004390 0.019987
v 0.057425 -0.006088 0.019812
v 0.059048 0.002070 0.020051
v 0.055801 0.006709 0.019573
v 0.058613 0.004389 0.019987
v 0.057425 0.006088 0.019812
v 0.051450 0.006709 0.025969
v 0.048350 0.002070 0.024846
v 0.049900 0.006088 0.025408
v 0.048765 0.004389 0.024997
v 0.051450 -0.006709 0.025969
v 0.048350 -0.002070 0.024846
v 0.049900 -0.006088 0.025408
v 0.048765 -0.004390 0.024997
v 0.054075 -0.006709 0.026920
v 0.057171 -0.002070 0.028041
v 0.055623 -0.006088 0.027481
v 0.056756 -0.004390 0.027891
v 0.054075 0.006709 0.026920
v 0.057171 0.002070 0.028041
v 0.055623 0.006088 0.027481
v 0.056756 0.004389 0.027891
v 0.048617 0.006709 0.031716
v 0.045959 0.002070 0.029697
v 0.047288 0.006088 0.030706
v 0.046315 0.004389 0.029967
v 0.045959 -0.002070 0.029697
v 0.048617 -0.006709 0.031716
v 0.046315 -0.004390 0.029967
v 0.047288 -0.006088 0.030706
v 0.050786 -0.006709 0.033364
v 0.053430 -0.002070 0.035371
v 0.052108 -0.006088 0.034367
v 0.053076 -0.004390 0.035102
v 0.053430 0.002070 0.035371
v 0.050786 0.006709 0.033364
v 0.053076 0.004389 0.035102
v 0.052108 0.006088 0.034367
v 0.042427 0.002070 0.032975
v 0.044064 0.006709 0.035942
v 0.042646 0.004389 0.033373
v 0.043245 0.006088 0.034459
v 0.042427 -0.002070 0.032975
v 0.044064 -0.006709 0.035942
v 0.042646 -0.004390 0.033373
v 0.043245 -0.006088 0.034459
v 0.045342 -0.006709 0.038259
v 0.046960 -0.002070 0.041189
v 0.046151 -0.006088 0.039724
v 0.046743 -0.004390 0.040797
v 0.046960 0.002070 0.041189
v 0.045342 0.006709 0.038259
v 0.046743 0.004389 0.040797
v 0.046151 0.006088 0.039724
v 0.036894 0.006709 0.037884
v 0.036654 0.002070 0.034539
v 0.036774 0.006088 0.036212
v 0.036686 0.004389 0.034988
v 0.036894 -0.006709 0.037884
v 0.036654 -0.002070 0.034539
v 0.036774 -0.006088 0.036212
v 0.036686 -0.004390 0.034988
v 0.037088 -0.006709 0.040579
v 0.037326 -0.002070 0.043897
v 0.037207 -0.006088 0.042238
v 0.037294 -0.004390 0.043452
v 0.037326 0.002070 0.043897
v 0.037088 0.006709 0.040579
v 0.037294 0.004389 0.043452
v 0.037207 0.006088 0.042238
v 0.026744 0.002070 0.033219
v 0.025915 0.006709 0.036421
v 0.026633 0.004389 0.033648
v 0.026329 0.006088 0.034820
v 0.026744 -0.002070 0.033219
v 0.025915 -0.006709 0.036421
v 0.026633 -0.004390 0.033648
v 0.026329 -0.006088 0.034820
v 0.024392 -0.002070 0.042301
v 0.025218 -0.006709 0.039114
v 0.024503 -0.004390 0.041874
v 0.024805 -0.006088 0.040707
v 0.024392 0.002070 0.042301
v 0.025218 0.006709 0.039114
v 0.024503 0.004389 0.041874
v 0.024805 0.006088 0.040707
v 0.019594 0.006709 0.033197
v 0.021035 0.002070 0.030307
v 0.020315 0.006088 0.031752
v 0.020842 0.004389 0.030694
v 0.021035 -0.002070 0.030307
v 0.019594 -0.006709 0.033197
v 0.020842 -0.004390 0.030694
v 0.020315 -0.006088 0.031752
v 0.018291 -0.006709 0.035810
v 0.016849 -0.002070 0.038703
v 0.017570 -0.006088 0.037256
v 0.017042 -0.004390 0.038315
v 0.016849 0.002070 0.038703
v 0.018291 0.006709 0.035810
v 0.017042 0.004389 0.038315
v 0.017570 0.006088 0.037256
v -0.018247 0.037153 -0.047448
v -0.018247 0.041344 -0.042662
v -0.018247 0.039249 -0.046807
v -0.018247 0.040783 -0.045055
v -0.010999 0.036439 -0.047448
v -0.010181 0.040550 -0.042662
v -0.010590 0.038495 -0.046807
v -0.010291 0.039999 -0.045055
v -0.004029 0.034325 -0.047448
v -0.002425 0.038197 -0.042662
v -0.003227 0.036261 -0.046807
v -0.002640 0.037678 -0.045055
v 0.002394 0.030892 -0.047448
v 0.004722 0.034376 -0.042662
v 0.003558 0.032634 -0.046807
v 0.004410 0.033910 -0.045055
v 0.008024 0.026271 -0.047448
v 0.010988 0.029235 -0.042662
v 0.009506 0.027753 -0.046807
v 0.010591 0.028838 -0.045055
v 0.012644 0.020641 -0.047448
v 0.016129 0.022970 -0.042662
v 0.014387 0.021805 -0.046807
v 0.015662 0.022658 -0.045055
v 0.016078 0.014218 -0.047448
v 0.019950 0.015822 -0.042662
v 0.018014 0.015020 -0.046807
v 0.019431 0.015607 -0.045055
v 0.018192 0.007248 -0.047448
v 0.022303 0.008066 -0.042662
v 0.020247 0.007657 -0.046807
v 0.021752 0.007956 -0.045055
v 0.018906 0.000000 -0.047448
v 0.023097 0.000000 -0.042662
v 0.021001 0.000000 -0.046807
v 0.022536 0.000000 -0.045055
v 0.018192 -0.007248 -0.047448
v 0.022303 -0.008066 -0.042662
v 0.020247 -0.007657 -0.046807
v 0.021752 -0.007956 -0.045055
v 0.016078 -0.014218 -0.047448
v 0.019950 -0.015822 -0.042662
v 0.018014 -0.015020 -0.046807
v 0.019431 -0.015607 -0.045055
v 0.012644 -0.020641 -0.047448
v 0.016129 -0.022970 -0.042662
v 0.014387 -0.021805 -0.046807
v 0.015662 -0.022658 -0.045055
v 0.008024 -0.026271 -0.047448
v 0.010988 -0.029235 -0.042662
v 0.009506 -0.027753 -0.046807
v 0.010591 -0.028838 -0.045055
v 0.002394 -0.030892 -0.047448
v 0.004722 -0.034376 -0.042662
v 0.003558 -0.032634 -0.046807
v 0.004410 -0.033910 -0.045055
v -0.004029 -0.034325 -0.047448
v -0.002425 -0.038197 -0.042662
v -0.003227 -0.036261 -0.046807
v -0.002640 -0.037678 -0.045055
v -0.010999 -0.036439 -0.047448
v -0.010181 -0.040550 -0.042662
v -0.010590 -0.038494 -0.046807
v -0.010291 -0.039999 -0.045055
v -0.018247 -0.037153 -0.047448
v -0.018247 -0.041344 -0.042662
v -0.018247 -0.039249 -0.046807
v -0.018247 -0.040783 -0.045055
v -0.025495 -0.036439 -0.047448
v -0.026313 -0.040550 -0.042662
v -0.025904 -0.038494 -0.046807
v -0.026204 -0.039999 -0.045055
v -0.032465 -0.034325 -0.047448
v -0.034069 -0.038197 -0.042662
v -0.033267 -0.036261 -0.046807
v -0.033854 -0.037678 -0.045055
v -0.038888 -0.030892 -0.047448
v -0.041217 -0.034376 -0.042662
v -0.040053 -0.032634 -0.046807
v -0.040905 -0.033910 -0.045055
v -0.044518 -0.026271 -0.047448
v -0.047482 -0.029235 -0.042662
v -0.046000 -0.027753 -0.046807
v -0.047085 -0.028838 -0.045055
v -0.049139 -0.020641 -0.047448
v -0.052624 -0.022970 -0.042662
v -0.050881 -0.021805 -0.046807
v -0.052157 -0.022658 -0.045055
v -0.052572 -0.014218 -0.047448
v -0.056444 -0.015822 -0.042662
v -0.054508 -0.015020 -0.046807
v -0.055925 -0.015607 -0.045055
v -0.054686 -0.007248 -0.047448
v -0.058797 -0.008066 -0.042662
v -0.056742 -0.007657 -0.046807
v -0.058246 -0.007956 -0.045055
v -0.055400 0.000000 -0.047448
v -0.059591 0.000000 -0.042662
v -0.057496 0.000000 -0.046807
v -0.059030 0.000000 -0.045055
v -0.054686 0.007248 -0.047448
v -0.058797 0.008066 -0.042662
v -0.056742 0.007657 -0.046807
v -0.058246 0.007956 -0.045055
v -0.052572 0.014218 -0.047448
v -0.056444 0.015822 -0.042662
v -0.054508 0.015020 -0.046807
v -0.055925 0.015607 -0.045055
v -0.049139 0.020641 -0.047448
v -0.052624 0.022970 -0.042662
v -0.050881 0.021805 -0.046807
v -0.052157 0.022658 -0.045055
v -0.044518 0.026271 -0.047448
v -0.047482 0.029235 -0.042662
v -0.046000 0.027753 -0.046807
v -0.047085 0.028838 -0.045055
v -0.038888 0.030892 -0.047448
v -0.041217 0.034376 -0.042662
v -0.040053 0.032634 -0.046807
v -0.040905 0.033910 -0.045055
v -0.032465 0.034325 -0.047448
v -0.034069 0.038197 -0.042662
v -0.033267 0.036261 -0.046807
v -0.033854 0.037678 -0.045055
v -0.025495 0.036439 -0.047448
v -0.026313 0.040550 -0.042662
v -0.025904 0.038495 -0.046807
v -0.026203 0.039999 -0.045055
v -0.011706 0.032883 -0.047448
v -0.018247 0.033527 -0.047448
v -0.005417 0.030975 -0.047448
v 0.000380 0.027877 -0.047448
v 0.005460 0.023707 -0.047448
v 0.009630 0.018627 -0.047448
v 0.012728 0.012830 -0.047448
v 0.014636 0.006541 -0.047448
v 0.015280 0.000000 -0.047448
v 0.014636 -0.006541 -0.047448
v 0.012728 -0.012830 -0.047448
v 0.009630 -0.018627 -0.047448
v 0.005460 -0.023707 -0.047448
v 0.000380 -0.027877 -0.047448
v -0.005417 -0.030975 -0.047448
v -0.011706 -0.032883 -0.047448
v -0.018247 -0.033527 -0.047448
v -0.024788 -0.032883 -0.047448
v -0.031078 -0.030975 -0.047448
v -0.036874 -0.027877 -0.047448
v -0.041955 -0.023707 -0.047448
v -0.046124 -0.018627 -0.047448
v -0.049222 -0.012830 -0.047448
v -0.051130 -0.006541 -0.047448
v -0.051774 0.000000 -0.047448
v -0.051130 0.006541 -0.047448
v -0.049222 0.012830 -0.047448
v -0.046124 0.018627 -0.047448
v -0.041954 0.023707 -0.047448
v -0.036874 0.027877 -0.047448
v -0.031077 0.030975 -0.047448
v -0.024788 0.032883 -0.047448
v -0.012108 0.030862 -0.044957
v -0.018247 0.031467 -0.044957
v -0.006206 0.029071 -0.044957
v -0.000765 0.026163 -0.044957
v 0.004003 0.022250 -0.044957
v 0.007916 0.017482 -0.044957
v 0.010824 0.012042 -0.044957
v 0.012615 0.006139 -0.044957
v 0.013219 0.000000 -0.044957
v 0.012615 -0.006139 -0.044957
v 0.010824 -0.012042 -0.044957
v 0.007916 -0.017482 -0.044957
v 0.004003 -0.022250 -0.044957
v -0.000765 -0.026163 -0.044957
v -0.006206 -0.029071 -0.044957
v -0.012108 -0.030862 -0.044957
v -0.018247 -0.031466 -0.044957
v -0.024386 -0.030862 -0.044957
v -0.030289 -0.029071 -0.044957
v -0.035729 -0.026163 -0.044957
v -0.040497 -0.022250 -0.044957
v -0.044411 -0.017482 -0.044957
v -0.047318 -0.012042 -0.044957
v -0.049109 -0.006139 -0.044957
v -0.049714 0.000000 -0.044957
v -0.049109 0.006139 -0.044957
v -0.047318 0.012042 -0.044957
v -0.044411 0.017482 -0.044957
v -0.040497 0.022250 -0.044957
v -0.035729 0.026163 -0.044957
v -0.030289 0.029071 -0.044957
v -0.024386 0.030862 -0.044957
v -0.013832 0.022197 -0.041934
v -0.018247 0.022632 -0.041934
v -0.009586 0.020909 -0.041934
v -0.005674 0.018818 -0.041934
v -0.002244 0.016003 -0.041934
v 0.000571 0.012574 -0.041934
v 0.002662 0.008661 -0.041934
v 0.003950 0.004415 -0.041934
v 0.004385 0.000000 -0.041934
v 0.003950 -0.004415 -0.041934
v 0.002662 -0.008661 -0.041934
v 0.000571 -0.012574 -0.041934
v -0.002244 -0.016003 -0.041934
v -0.005674 -0.018818 -0.041934
v -0.009586 -0.020909 -0.041934
v -0.013832 -0.022197 -0.041934
v -0.018247 -0.022632 -0.041934
v -0.022662 -0.022197 -0.041934
v -0.026908 -0.020909 -0.041934
v -0.030821 -0.018818 -0.041934
v -0.034251 -0.016003 -0.041934
v -0.037065 -0.012574 -0.041934
v -0.039157 -0.008661 -0.041934
v -0.040444 -0.004415 -0.041934
v -0.040879 0.000000 -0.041934
v -0.040444 0.004415 -0.041934
v -0.039157 0.008661 -0.041934
v -0.037065 0.012574 -0.041934
v -0.034250 0.016003 -0.041934
v -0.030821 0.018818 -0.041934
v -0.026908 0.020909 -0.041934
v -0.022662 0.022197 -0.041934
v -0.018247 0.037026 0.047448
v -0.018247 0.034264 0.044294
v -0.018247 0.035645 0.047026
v -0.018247 0.034634 0.045871
v -0.011563 0.033606 0.044294
v -0.011024 0.036314 0.047448
v -0.011490 0.033969 0.045871
v -0.011293 0.034960 0.047026
v -0.005135 0.031656 0.044294
v -0.004078 0.034207 0.047448
v -0.004993 0.031998 0.045871
v -0.004606 0.032932 0.047026
v 0.000789 0.028490 0.044294
v 0.002323 0.030786 0.047448
v 0.000995 0.028797 0.045871
v 0.001556 0.029638 0.047026
v 0.005981 0.024229 0.044294
v 0.007934 0.026181 0.047448
v 0.006243 0.024490 0.045871
v 0.006958 0.025205 0.047026
v 0.010243 0.019036 0.044294
v 0.012539 0.020570 0.047448
v 0.010550 0.019242 0.045871
v 0.011391 0.019803 0.047026
v 0.013409 0.013112 0.044294
v 0.015960 0.014169 0.047448
v 0.013751 0.013254 0.045871
v 0.014685 0.013641 0.047026
v 0.015359 0.006685 0.044294
v 0.018067 0.007223 0.047448
v 0.015722 0.006757 0.045871
v 0.016713 0.006954 0.047026
v 0.016017 -0.000000 0.044294
v 0.018779 -0.000000 0.047448
v 0.016387 -0.000000 0.045871
v 0.017398 -0.000000 0.047026
v 0.015359 -0.006685 0.044294
v 0.018067 -0.007223 0.047448
v 0.015722 -0.006757 0.045871
v 0.016713 -0.006954 0.047026
v 0.013409 -0.013112 0.044294
v 0.015960 -0.014169 0.047448
v 0.013751 -0.013254 0.045871
v 0.014685 -0.013641 0.047026
v 0.010243 -0.019036 0.044294
v 0.012539 -0.020570 0.047448
v 0.010550 -0.019242 0.045871
v 0.011391 -0.019803 0.047026
v 0.005981 -0.024229 0.044294
v 0.007934 -0.026181 0.047448
v 0.006243 -0.024490 0.045871
v 0.006958 -0.025205 0.047026
v 0.000789 -0.028490 0.044294
v 0.002323 -0.030786 0.047448
v 0.000995 -0.028797 0.045871
v 0.001556 -0.029638 0.047026
v -0.005135 -0.031656 0.044294
v -0.004078 -0.034207 0.047448
v -0.004993 -0.031998 0.045871
v -0.004606 -0.032932 0.047026
v -0.011563 -0.033606 0.044294
v -0.011024 -0.036314 0.047448
v -0.011490 -0.033969 0.045871
v -0.011293 -0.034960 0.047026
v -0.018247 -0.034264 0.044294
v -0.018247 -0.037026 0.047448
v -0.018247 -0.034634 0.045871
v -0.018247 -0.035645 0.047026
v -0.024932 -0.033606 0.044294
v -0.025471 -0.036314 0.047448
v -0.025004 -0.033969 0.045871
v -0.025201 -0.034960 0.047026
v -0.031360 -0.031656 0.044294
v -0.032416 -0.034207 0.047448
v -0.031501 -0.031998 0.045871
v -0.031888 -0.032932 0.047026
v -0.037284 -0.028490 0.044294
v -0.038818 -0.030786 0.047448
v -0.037489 -0.028797 0.045871
v -0.038051 -0.029638 0.047026
v -0.042476 -0.024229 0.044294
v -0.044428 -0.026181 0.047448
v -0.042737 -0.024490 0.045871
v -0.043452 -0.025205 0.047026
v -0.046737 -0.019036 0.044294
v -0.049033 -0.020570 0.047448
v -0.047045 -0.019242 0.045871
v -0.047885 -0.019803 0.047026
v -0.049903 -0.013112 0.044294
v -0.052455 -0.014169 0.047448
v -0.050245 -0.013254 0.045871
v -0.051179 -0.013641 0.047026
v -0.051853 -0.006685 0.044294
v -0.054562 -0.007223 0.047448
v -0.052216 -0.006757 0.045871
v -0.053207 -0.006954 0.047026
v -0.052512 0.000000 0.044294
v -0.055273 0.000000 0.047448
v -0.052882 0.000000 0.045871
v -0.053892 0.000000 0.047026
v -0.051853 0.006685 0.044294
v -0.054562 0.007223 0.047448
v -0.052216 0.006757 0.045871
v -0.053207 0.006954 0.047026
v -0.049903 0.013112 0.044294
v -0.052455 0.014169 0.047448
v -0.050245 0.013254 0.045871
v -0.051179 0.013641 0.047026
v -0.046737 0.019036 0.044294
v -0.049033 0.020570 0.047448
v -0.047045 0.019242 0.045871
v -0.047885 0.019803 0.047026
v -0.042476 0.024229 0.044294
v -0.044428 0.026181 0.047448
v -0.042737 0.024490 0.045871
v -0.043452 0.025205 0.047026
v -0.037284 0.028490 0.044294
v -0.038818 0.030786 0.047448
v -0.037489 0.028797 0.045871
v -0.038051 0.029638 0.047026
v -0.031360 0.031656 0.044294
v -0.032416 0.034207 0.047448
v -0.031501 0.031998 0.045871
v -0.031888 0.032932 0.047026
v -0.024932 0.033606 0.044294
v -0.025471 0.036314 0.047448
v -0.025004 0.033969 0.045871
v -0.025201 0.034960 0.047026
v -0.010720 0.037841 0.047448
v -0.010181 0.040550 0.044294
v -0.010451 0.039196 0.047026
v -0.010254 0.040187 0.045871
v -0.018247 0.041344 0.044294
v -0.018247 0.038583 0.047448
v -0.018247 0.040974 0.045871
v -0.018247 0.039964 0.047026
v -0.003482 0.035646 0.047448
v -0.002425 0.038197 0.044294
v -0.002954 0.036921 0.047026
v -0.002567 0.037855 0.045871
v 0.003188 0.032080 0.047448
v 0.004722 0.034376 0.044294
v 0.003955 0.033228 0.047026
v 0.004517 0.034069 0.045871
v 0.009035 0.027282 0.047448
v 0.010988 0.029235 0.044294
v 0.010011 0.028258 0.047026
v 0.010726 0.028973 0.045871
v 0.013833 0.021435 0.047448
v 0.016129 0.022970 0.044294
v 0.014981 0.022203 0.047026
v 0.015822 0.022764 0.045871
v 0.017399 0.014765 0.047448
v 0.019950 0.015822 0.044294
v 0.018674 0.015293 0.047026
v 0.019608 0.015680 0.045871
v 0.019594 0.007527 0.047448
v 0.022303 0.008066 0.044294
v 0.020948 0.007796 0.047026
v 0.021940 0.007994 0.045871
v 0.020336 -0.000000 0.047448
v 0.023097 -0.000000 0.044294
v 0.021716 -0.000000 0.047026
v 0.022727 -0.000000 0.045871
v 0.019594 -0.007527 0.047448
v 0.022303 -0.008066 0.044294
v 0.020948 -0.007797 0.047026
v 0.021940 -0.007994 0.045871
v 0.017399 -0.014765 0.047448
v 0.019950 -0.015822 0.044294
v 0.018674 -0.015293 0.047026
v 0.019608 -0.015680 0.045871
v 0.013833 -0.021436 0.047448
v 0.016129 -0.022970 0.044294
v 0.014981 -0.022203 0.047026
v 0.015822 -0.022764 0.045871
v 0.009035 -0.027282 0.047448
v 0.010988 -0.029235 0.044294
v 0.010011 -0.028259 0.047026
v 0.010726 -0.028973 0.045871
v 0.003188 -0.032080 0.047448
v 0.004722 -0.034376 0.044294
v 0.003955 -0.033228 0.047026
v 0.004517 -0.034069 0.045871
v -0.003482 -0.035646 0.047448
v -0.002425 -0.038197 0.044294
v -0.002954 -0.036922 0.047026
v -0.002567 -0.037855 0.045871
v -0.010720 -0.037842 0.047448
v -0.010181 -0.040550 0.044294
v -0.010451 -0.039196 0.047026
v -0.010254 -0.040187 0.045871
v -0.018247 -0.038583 0.047448
v -0.018247 -0.041344 0.044294
v -0.018247 -0.039964 0.047026
v -0.018247 -0.040974 0.045871
v -0.025774 -0.037842 0.047448
v -0.026313 -0.040550 0.044294
v -0.026044 -0.039196 0.047026
v -0.026241 -0.040187 0.045871
v -0.033012 -0.035646 0.047448
v -0.034069 -0.038197 0.044294
v -0.033541 -0.036922 0.047026
v -0.033927 -0.037855 0.045871
v -0.039683 -0.032080 0.047448
v -0.041217 -0.034376 0.044294
v -0.040450 -0.033228 0.047026
v -0.041011 -0.034069 0.045871
v -0.045529 -0.027282 0.047448
v -0.047482 -0.029235 0.044294
v -0.046506 -0.028258 0.047026
v -0.047220 -0.028973 0.045871
v -0.050328 -0.021435 0.047448
v -0.052624 -0.022970 0.044294
v -0.051476 -0.022203 0.047026
v -0.052316 -0.022764 0.045871
v -0.053893 -0.014765 0.047448
v -0.056444 -0.015822 0.044294
v -0.055169 -0.015293 0.047026
v -0.056103 -0.015680 0.045871
v -0.056089 -0.007527 0.047448
v -0.058797 -0.008066 0.044294
v -0.057443 -0.007796 0.047026
v -0.058434 -0.007994 0.045871
v -0.056830 0.000000 0.047448
v -0.059591 0.000000 0.044294
v -0.058211 0.000000 0.047026
v -0.059221 0.000000 0.045871
v -0.056089 0.007527 0.047448
v -0.058797 0.008066 0.044294
v -0.057443 0.007797 0.047026
v -0.058434 0.007994 0.045871
v -0.053893 0.014765 0.047448
v -0.056444 0.015822 0.044294
v -0.055169 0.015293 0.047026
v -0.056102 0.015680 0.045871
v -0.050328 0.021435 0.047448
v -0.052624 0.022970 0.044294
v -0.051476 0.022203 0.047026
v -0.052316 0.022764 0.045871
v -0.045529 0.027282 0.047448
v -0.047482 0.029235 0.044294
v -0.046506 0.028258 0.047026
v -0.047220 0.028973 0.045871
v -0.039683 0.032080 0.047448
v -0.041217 0.034376 0.044294
v -0.040450 0.033228 0.047026
v -0.041011 0.034069 0.045871
v -0.033012 0.035646 0.047448
v -0.034069 0.038197 0.044294
v -0.033541 0.036921 0.047026
v -0.033927 0.037855 0.045871
v -0.025774 0.037841 0.047448
v -0.026313 0.040550 0.044294
v -0.026044 0.039196 0.047026
v -0.026241 0.040187 0.045871
v -0.012414 0.029326 -0.038706
v -0.011563 0.033606 -0.033722
v -0.011988 0.031466 -0.038038
v -0.011677 0.033033 -0.036214
v -0.018247 0.034264 -0.033722
v -0.018247 0.029901 -0.038706
v -0.018247 0.033680 -0.036214
v -0.018247 0.032083 -0.038038
v -0.006805 0.027625 -0.038706
v -0.005135 0.031656 -0.033722
v -0.005970 0.029640 -0.038038
v -0.005358 0.031116 -0.036214
v -0.001635 0.024861 -0.038706
v 0.000789 0.028490 -0.033722
v -0.000423 0.026676 -0.038038
v 0.000464 0.028004 -0.036214
v 0.002896 0.021143 -0.038706
v 0.005981 0.024229 -0.033722
v 0.004439 0.022686 -0.038038
v 0.005568 0.023815 -0.036214
v 0.006614 0.016612 -0.038706
v 0.010243 0.019036 -0.033722
v 0.008428 0.017824 -0.038038
v 0.009757 0.018712 -0.036214
v 0.009377 0.011443 -0.038706
v 0.013409 0.013112 -0.033722
v 0.011393 0.012277 -0.038038
v 0.012869 0.012889 -0.036214
v 0.011079 0.005833 -0.038706
v 0.015359 0.006685 -0.033722
v 0.013219 0.006259 -0.038038
v 0.014785 0.006571 -0.036214
v 0.011653 0.000000 -0.038706
v 0.016017 0.000000 -0.033722
v 0.013835 0.000000 -0.038038
v 0.015433 0.000000 -0.036214
v 0.011079 -0.005833 -0.038706
v 0.015359 -0.006685 -0.033722
v 0.013219 -0.006259 -0.038038
v 0.014785 -0.006571 -0.036214
v 0.009377 -0.011442 -0.038706
v 0.013409 -0.013112 -0.033722
v 0.011393 -0.012277 -0.038038
v 0.012869 -0.012889 -0.036214
v 0.006614 -0.016612 -0.038706
v 0.010243 -0.019036 -0.033722
v 0.008428 -0.017824 -0.038038
v 0.009757 -0.018711 -0.036214
v 0.002896 -0.021143 -0.038706
v 0.005981 -0.024229 -0.033722
v 0.004439 -0.022686 -0.038038
v 0.005568 -0.023815 -0.036214
v -0.001635 -0.024861 -0.038706
v 0.000789 -0.028490 -0.033722
v -0.000423 -0.026676 -0.038038
v 0.000464 -0.028004 -0.036214
v -0.006805 -0.027625 -0.038706
v -0.005135 -0.031656 -0.033722
v -0.005970 -0.029640 -0.038038
v -0.005358 -0.031116 -0.036214
v -0.012414 -0.029326 -0.038706
v -0.011563 -0.033606 -0.033722
v -0.011988 -0.031466 -0.038038
v -0.011677 -0.033033 -0.036214
v -0.018247 -0.029901 -0.038706
v -0.018247 -0.034264 -0.033722
v -0.018247 -0.032083 -0.038038
v -0.018247 -0.033680 -0.036214
v -0.024081 -0.029326 -0.038706
v -0.024932 -0.033606 -0.033722
v -0.024506 -0.031466 -0.038038
v -0.024818 -0.033033 -0.036214
v -0.029690 -0.027625 -0.038706
v -0.031360 -0.031656 -0.033722
v -0.030525 -0.029640 -0.038038
v -0.031136 -0.031116 -0.036214
v -0.034859 -0.024861 -0.038706
v -0.037284 -0.028490 -0.033722
v -0.036071 -0.026676 -0.038038
v -0.036959 -0.028004 -0.036214
v -0.039390 -0.021143 -0.038706
v -0.042476 -0.024229 -0.033722
v -0.040933 -0.022686 -0.038038
v -0.042062 -0.023815 -0.036214
v -0.043109 -0.016612 -0.038706
v -0.046737 -0.019036 -0.033722
v -0.044923 -0.017824 -0.038038
v -0.046251 -0.018711 -0.036214
v -0.045872 -0.011442 -0.038706
v -0.049903 -0.013112 -0.033722
v -0.047888 -0.012277 -0.038038
v -0.049363 -0.012889 -0.036214
v -0.047573 -0.005833 -0.038706
v -0.051853 -0.006685 -0.033722
v -0.049713 -0.006259 -0.038038
v -0.051280 -0.006571 -0.036214
v -0.048148 0.000000 -0.038706
v -0.052512 0.000000 -0.033722
v -0.050330 0.000000 -0.038038
v -0.051927 0.000000 -0.036214
v -0.047573 0.005833 -0.038706
v -0.051853 0.006685 -0.033722
v -0.049713 0.006259 -0.038038
v -0.051280 0.006571 -0.036214
v -0.045872 0.011443 -0.038706
v -0.049903 0.013112 -0.033722
v -0.047888 0.012278 -0.038038
v -0.049363 0.012889 -0.036214
v -0.043109 0.016612 -0.038706
v -0.046737 0.019036 -0.033722
v -0.044923 0.017824 -0.038038
v -0.046251 0.018712 -0.036214
v -0.039390 0.021143 -0.038706
v -0.042476 0.024229 -0.033722
v -0.040933 0.022686 -0.038038
v -0.042062 0.023815 -0.036214
v -0.034859 0.024862 -0.038706
v -0.037284 0.028490 -0.033722
v -0.036071 0.026676 -0.038038
v -0.036959 0.028004 -0.036214
v -0.029690 0.027625 -0.038706
v -0.031360 0.031656 -0.033722
v -0.030525 0.029640 -0.038038
v -0.031136 0.031116 -0.036214
v -0.024081 0.029326 -0.038706
v -0.024932 0.033606 -0.033722
v -0.024506 0.031466 -0.038038
v -0.024818 0.033033 -0.036214
v -0.018247 0.000000 -0.038706
v -0.018247 0.000000 -0.041934
vn 0.4926 -0.0914 0.8654
vn 0.2188 -0.0983 0.9708
vn 0.2188 0.0983 0.9708
vn 0.4926 0.0914 0.8654
vn -0.0860 -0.9801 -0.1787
vn -0.0380 -0.9788 -0.2011
vn 0.0302 -0.9898 0.1392
vn 0.0873 -0.9843 0.1535
vn -0.4319 0.0914 -0.8973
vn -0.1817 0.0942 -0.9788
vn -0.1817 -0.0942 -0.9788
vn -0.4319 -0.0914 -0.8973
vn 0.0302 0.9898 0.1392
vn -0.0497 0.9897 0.1344
vn 0.0693 0.9790 -0.1918
vn -0.0380 0.9788 -0.2011
vn -0.3455 -0.0991 0.9332
vn -0.3455 0.0991 0.9332
vn 0.0693 -0.9790 -0.1918
vn -0.0497 -0.9897 0.1344
vn 0.3389 0.0947 -0.9361
vn 0.3389 -0.0947 -0.9361
vn -0.7241 -0.0960 0.6830
vn -0.7241 0.0960 0.6830
vn 0.1421 -0.9801 -0.1384
vn -0.1145 -0.9875 0.1082
vn -0.1145 0.9875 0.1082
vn 0.1421 0.9801 -0.1384
vn 0.7140 0.0936 -0.6939
vn 0.7140 -0.0936 -0.6939
vn -0.8895 -0.0944 0.4470
vn -0.8895 0.0944 0.4470
vn 0.1710 -0.9814 -0.0874
vn -0.1496 -0.9859 0.0752
vn -0.1496 0.9859 0.0752
vn 0.1710 0.9814 -0.0874
vn 0.8866 0.0931 -0.4530
vn 0.8866 -0.0931 -0.4530
vn -0.1649 0.9852 0.0476
vn 0.1811 0.9821 -0.0527
vn -0.9565 -0.0939 0.2761
vn -0.9565 0.0939 0.2761
vn 0.1811 -0.9821 -0.0527
vn -0.1649 -0.9852 0.0476
vn 0.9561 0.0931 -0.2779
vn 0.9561 -0.0931 -0.2779
vn -0.1713 0.9849 0.0241
vn 0.1857 0.9823 -0.0262
vn -0.9859 -0.0938 0.1388
vn -0.9859 0.0938 0.1388
vn 0.1857 -0.9823 -0.0262
vn -0.1713 -0.9849 0.0241
vn 0.9859 0.0931 -0.1390
vn 0.9859 -0.0931 -0.1390
vn -0.1726 0.9850 0.0010
vn 0.1878 0.9822 -0.0010
vn -0.9956 -0.0938 0.0060
vn -0.9956 0.0938 0.0060
vn 0.1878 -0.9822 -0.0010
vn -0.1726 -0.9850 0.0010
vn 0.9956 0.0931 -0.0053
vn 0.9956 -0.0931 -0.0053
vn -0.9852 -0.0940 -0.1430
vn -0.9852 0.0940 -0.1430
vn 0.1872 -0.9819 0.0278
vn -0.1691 -0.9853 -0.0246
vn -0.1691 0.9853 -0.0246
vn 0.1872 0.9819 0.0278
vn 0.9849 0.0931 0.1460
vn 0.9849 -0.0931 0.1460
vn -0.1568 0.9860 -0.0559
vn 0.1810 0.9812 0.0664
vn -0.9379 -0.0946 -0.3338
vn -0.9379 0.0946 -0.3338
vn 0.1810 -0.9812 0.0664
vn -0.1568 -0.9860 -0.0559
vn 0.9348 0.0932 0.3426
vn 0.9348 -0.0932 0.3426
vn -0.1260 0.9876 -0.0941
vn 0.1571 0.9802 0.1209
vn -0.7983 -0.0961 -0.5946
vn -0.7983 0.0961 -0.5946
vn 0.1571 -0.9802 0.1209
vn -0.1260 -0.9876 -0.0941
vn 0.7895 0.0936 0.6066
vn 0.7895 -0.0936 0.6066
vn -0.4827 -0.0979 -0.8703
vn -0.4827 0.0979 -0.8703
vn 0.0972 -0.9795 0.1766
vn -0.0720 -0.9889 -0.1300
vn -0.0720 0.9889 -0.1300
vn 0.0972 0.9795 0.1766
vn 0.4801 0.0941 0.8722
vn 0.4801 -0.0941 0.8722
vn -0.0656 -0.0967 -0.9932
vn -0.0656 0.0967 -0.9932
vn 0.0152 -0.9799 0.1988
vn -0.0103 -0.9879 -0.1544
vn -0.0103 0.9879 -0.1544
vn 0.0152 0.9799 0.1988
vn 0.0752 0.0937 0.9928
vn 0.0752 -0.0937 0.9928
vn 0.2966 -0.0951 -0.9502
vn 0.2966 0.0951 -0.9502
vn -0.0559 -0.9803 0.1893
vn 0.0470 -0.9871 -0.1531
vn 0.0470 0.9871 -0.1531
vn -0.0559 0.9803 0.1893
vn -0.2786 0.0929 0.9559
vn -0.2786 -0.0929 0.9559
vn 0.0835 0.9830 -0.1637
vn -0.0795 0.9828 0.1666
vn 0.4525 -0.0920 -0.8870
vn 0.4525 0.0920 -0.8870
vn -0.0795 -0.9828 0.1666
vn 0.0835 -0.9830 -0.1637
vn -0.4287 0.0920 0.8988
vn -0.4287 -0.0920 0.8988
vn -0.2583 -0.3840 0.8865
vn 0.0697 -0.3854 0.9201
vn -0.1767 -0.7772 0.6039
vn 0.0477 -0.7767 0.6280
vn -0.9092 0.3949 -0.1320
vn -0.9191 0.3939 0.0056
vn -0.5960 0.7983 -0.0865
vn -0.6042 0.7968 0.0037
vn 0.2735 0.4013 -0.8742
vn -0.0601 0.4075 -0.9112
vn 0.1754 0.8078 -0.5627
vn -0.0383 0.8140 -0.5796
vn 0.4449 -0.3858 0.8082
vn 0.3043 -0.7756 0.5530
vn 0.6138 0.7847 -0.0866
vn 0.5962 0.7839 -0.1733
vn 0.9129 0.3873 -0.1288
vn 0.8854 0.3870 -0.2574
vn 0.7317 -0.3855 0.5621
vn 0.4986 -0.7775 0.3833
vn -0.5987 -0.7965 0.0843
vn -0.5795 -0.7976 0.1673
vn -0.9103 -0.3937 0.1281
vn -0.8829 -0.3944 0.2548
vn -0.4418 0.4131 -0.7964
vn -0.7333 0.4052 -0.5460
vn -0.2774 0.8203 -0.5002
vn -0.4687 0.8114 -0.3492
vn -0.5343 -0.8015 0.2685
vn -0.8200 -0.3972 0.4121
vn 0.2151 0.7747 -0.5946
vn -0.1163 0.7736 -0.6229
vn 0.3139 0.3868 -0.8671
vn -0.1684 0.3854 -0.9072
vn 0.5865 0.7809 0.2150
vn 0.6148 0.7834 0.0912
vn 0.8662 0.3860 0.3174
vn 0.9122 0.3868 0.1352
vn 0.2809 -0.7860 -0.5507
vn 0.1754 -0.8078 -0.5627
vn 0.4193 -0.3855 -0.8219
vn 0.2735 -0.4013 -0.8742
vn 0.8214 -0.3862 -0.4197
vn 0.6617 -0.3856 -0.6430
vn 0.5556 -0.7815 -0.2840
vn 0.4509 -0.7774 -0.4385
vn -0.1958 -0.8258 0.5289
vn 0.1243 -0.8254 0.5507
vn -0.3155 -0.4183 0.8518
vn 0.2012 -0.4163 0.8867
vn -0.5622 -0.8024 -0.2001
vn -0.5960 -0.7983 -0.0865
vn -0.8643 -0.3979 -0.3076
vn -0.9092 -0.3949 -0.1320
vn 0.3031 -0.7903 0.5325
vn 0.4564 -0.3858 0.8018
vn 0.3139 -0.3868 -0.8671
vn 0.2151 -0.7747 -0.5946
vn 0.5556 0.7815 -0.2839
vn 0.8214 0.3862 -0.4197
vn -0.6653 0.4049 0.6273
vn -0.3155 0.4183 0.8518
vn -0.4255 0.8111 0.4013
vn -0.1958 0.8258 0.5289
vn -0.2665 0.7854 0.5586
vn -0.1767 0.7772 0.6039
vn -0.3973 0.3853 0.8329
vn -0.2583 0.3840 0.8865
vn -0.6042 -0.7968 0.0037
vn -0.9191 -0.3939 0.0056
vn 0.9122 -0.3868 0.1352
vn 0.9220 -0.3872 -0.0049
vn 0.6148 -0.7834 0.0912
vn 0.6202 -0.7844 -0.0033
vn -0.0860 0.9801 -0.1787
vn -0.2747 0.7740 -0.5706
vn -0.4013 0.3793 -0.8337
vn -0.8200 0.3972 0.4121
vn -0.5343 0.8015 0.2685
vn -0.0383 -0.8140 -0.5796
vn -0.2774 -0.8203 -0.5002
vn -0.0601 -0.4075 -0.9112
vn -0.4418 -0.4131 -0.7964
vn -0.8643 0.3979 -0.3076
vn -0.5622 0.8024 -0.2001
vn 0.8661 -0.3860 0.3174
vn 0.5865 -0.7809 0.2150
vn 0.6202 0.7844 -0.0033
vn 0.9220 0.3872 -0.0049
vn -0.9103 0.3937 0.1281
vn -0.8829 0.3944 0.2548
vn -0.5987 0.7965 0.0843
vn -0.5795 0.7976 0.1673
vn 0.0477 0.7767 0.6280
vn 0.0697 0.3854 0.9201
vn 0.9129 -0.3873 -0.1288
vn 0.8854 -0.3870 -0.2574
vn 0.6138 -0.7847 -0.0866
vn 0.5962 -0.7839 -0.1733
vn 0.3043 0.7756 0.5530
vn 0.4449 0.3858 0.8082
vn 0.2012 0.4163 0.8867
vn 0.1243 0.8254 0.5507
vn -0.1684 -0.3854 -0.9072
vn -0.1163 -0.7736 -0.6229
vn 0.4986 0.7775 0.3833
vn 0.7317 0.3855 0.5621
vn -0.4687 -0.8114 -0.3492
vn -0.7333 -0.4052 -0.5460
vn -0.4255 -0.8111 0.4013
vn -0.6653 -0.4049 0.6273
vn 0.4509 0.7774 -0.4385
vn 0.6617 0.3856 -0.6430
vn 0.4193 0.3855 -0.8219
vn 0.2809 0.7860 -0.5507
vn -0.3973 -0.3853 0.8329
vn -0.2665 -0.7854 0.5586
vn -0.4013 -0.3793 -0.8337
vn -0.2747 -0.7740 -0.5706
vn 0.4564 0.3858 0.8018
vn 0.3031 0.7903 0.5325
vn 0.0873 0.9843 0.1535
vn 0.3802 0.9178 -0.1142
vn 0.3802 0.9178 0.1142
vn 0.5519 0.8260 0.1142
vn 0.5519 0.8260 -0.1142
vn 0.7025 0.7025 0.1142
vn 0.7025 0.7025 -0.1142
vn 0.8260 0.5519 0.1142
vn 0.8260 0.5519 -0.1142
vn 0.9178 0.3802 0.1142
vn 0.9178 0.3802 -0.1142
vn 0.9744 0.1938 0.1142
vn 0.9744 0.1938 -0.1142
vn 0.9935 -0.0000 0.1142
vn 0.9935 -0.0000 -0.1142
vn 0.9744 -0.1938 0.1141
vn 0.9744 -0.1938 -0.1142
vn 0.9178 -0.3802 0.1142
vn 0.9178 -0.3802 -0.1142
vn 0.8260 -0.5519 0.1142
vn 0.8260 -0.5519 -0.1142
vn 0.7025 -0.7025 0.1142
vn 0.7025 -0.7025 -0.1142
vn 0.5519 -0.8260 0.1142
vn 0.5519 -0.8260 -0.1142
vn 0.3802 -0.9178 0.1142
vn 0.3802 -0.9178 -0.1142
vn 0.1938 -0.9744 0.1142
vn 0.1938 -0.9744 -0.1142
vn -0.0000 -0.9935 0.1142
vn -0.0000 -0.9935 -0.1142
vn -0.1938 -0.9744 0.1142
vn -0.1938 -0.9744 -0.1142
vn -0.3802 -0.9178 0.1142
vn -0.3802 -0.9178 -0.1142
vn -0.5519 -0.8260 0.1142
vn -0.5519 -0.8260 -0.1142
vn -0.7025 -0.7025 0.1142
vn -0.7025 -0.7025 -0.1142
vn -0.8260 -0.5519 0.1142
vn -0.8260 -0.5519 -0.1142
vn -0.9178 -0.3802 0.1142
vn -0.9178 -0.3802 -0.1142
vn -0.9744 -0.1938 0.1142
vn -0.9744 -0.1938 -0.1142
vn -0.9935 -0.0000 0.1142
vn -0.9935 -0.0000 -0.1142
vn -0.9744 0.1938 0.1142
vn -0.9744 0.1938 -0.1142
vn -0.9178 0.3802 0.1142
vn -0.9178 0.3802 -0.1142
vn -0.8260 0.5519 0.1142
vn -0.8260 0.5519 -0.1142
vn -0.7025 0.7025 0.1142
vn -0.7025 0.7025 -0.1142
vn -0.5519 0.8260 0.1142
vn -0.5519 0.8260 -0.1142
vn -0.3802 0.9178 0.1142
vn -0.3802 0.9178 -0.1142
vn -0.1938 0.9744 0.1142
vn -0.1938 0.9744 -0.1142
vn 0.9177 -0.3801 0.1158
vn 0.9742 -0.1938 0.1158
vn 0.9744 -0.1938 0.1142
vn -0.0000 0.9935 0.1142
vn -0.0000 0.9935 -0.1142
vn 0.1938 0.9744 -0.1142
vn 0.1938 0.9744 0.1142
vn -0.5518 -0.8259 0.1158
vn -0.3801 -0.9177 0.1158
vn -0.7023 -0.7024 0.1158
vn -0.8259 -0.5518 0.1158
vn -0.9177 -0.3801 0.1158
vn -0.9742 -0.1938 0.1158
vn -0.9933 -0.0000 0.1158
vn -0.9742 0.1938 0.1158
vn -0.9177 0.3801 0.1158
vn -0.8259 0.5518 0.1158
vn -0.7023 0.7024 0.1158
vn -0.5518 0.8259 0.1158
vn -0.3801 0.9177 0.1158
vn -0.1938 0.9742 0.1158
vn -0.0000 0.9933 0.1158
vn 0.1938 0.9742 0.1158
vn 0.3801 0.9177 0.1158
vn 0.5518 0.8259 0.1158
vn 0.7024 0.7024 0.1158
vn 0.8259 0.5518 0.1158
vn 0.9177 0.3801 0.1158
vn 0.9742 0.1938 0.1158
vn 0.9933 -0.0000 0.1158
vn 0.1362 0.0271 0.9903
vn 0.1389 -0.0000 0.9903
vn -0.1569 -0.0000 0.9876
vn -0.1539 -0.0306 0.9876
vn 0.8259 -0.5518 0.1158
vn 0.7023 -0.7024 0.1158
vn 0.5518 -0.8259 0.1158
vn 0.3801 -0.9177 0.1158
vn 0.1938 -0.9742 0.1158
vn -0.0000 -0.9933 0.1158
vn -0.1938 -0.9742 0.1158
vn -0.1283 0.0531 0.9903
vn -0.1155 0.0772 0.9903
vn 0.1305 -0.0872 0.9876
vn 0.1450 -0.0601 0.9876
vn 0.1362 -0.0271 0.9903
vn -0.1539 0.0306 0.9876
vn -0.0982 0.0982 0.9903
vn 0.1110 -0.1110 0.9876
vn 0.1283 -0.0531 0.9903
vn -0.1450 0.0601 0.9876
vn -0.0772 0.1155 0.9903
vn 0.0872 -0.1305 0.9876
vn 0.1155 -0.0772 0.9903
vn -0.1305 0.0872 0.9876
vn -0.0531 0.1283 0.9903
vn 0.0601 -0.1450 0.9876
vn -0.0000 -0.1389 0.9903
vn -0.0271 -0.1362 0.9903
vn 0.0306 0.1539 0.9876
vn -0.0000 0.1569 0.9876
vn 0.0982 -0.0982 0.9903
vn -0.1110 0.1110 0.9876
vn -0.0271 0.1362 0.9903
vn 0.0306 -0.1539 0.9876
vn -0.0531 -0.1283 0.9903
vn 0.0601 0.1450 0.9876
vn 0.0772 -0.1155 0.9903
vn -0.0872 0.1305 0.9876
vn -0.0000 0.1389 0.9903
vn -0.0000 -0.1569 0.9876
vn -0.0772 -0.1155 0.9903
vn 0.0872 0.1305 0.9876
vn 0.0531 -0.1283 0.9903
vn -0.0601 0.1450 0.9876
vn 0.0271 0.1362 0.9903
vn -0.0306 -0.1539 0.9876
vn -0.0982 -0.0982 0.9903
vn 0.1110 0.1110 0.9876
vn 0.0271 -0.1362 0.9903
vn -0.0306 0.1539 0.9876
vn 0.0531 0.1283 0.9903
vn -0.0601 -0.1450 0.9876
vn -0.1155 -0.0772 0.9903
vn 0.1305 0.0872 0.9876
vn 0.0772 0.1155 0.9903
vn -0.0872 -0.1305 0.9876
vn -0.1283 -0.0531 0.9903
vn 0.1450 0.0601 0.9876
vn 0.0982 0.0982 0.9903
vn -0.1110 -0.1110 0.9876
vn -0.1362 -0.0271 0.9903
vn 0.1539 0.0306 0.9876
vn 0.1155 0.0772 0.9903
vn -0.1305 -0.0872 0.9876
vn -0.1389 -0.0000 0.9903
vn 0.1570 -0.0000 0.9876
vn 0.1283 0.0531 0.9903
vn -0.1450 -0.0601 0.9876
vn -0.1362 0.0271 0.9903
vn 0.1539 -0.0306 0.9876
vn 0.1741 0.8753 -0.4511
vn -0.0000 0.8925 -0.4511
vn 0.1083 0.5444 -0.8318
vn -0.0000 0.5551 -0.8318
vn 0.0306 0.1539 -0.9876
vn -0.0000 0.1570 -0.9876
vn 0.3415 0.8245 -0.4511
vn 0.2124 0.5128 -0.8318
vn 0.0601 0.1450 -0.9876
vn 0.4958 0.7421 -0.4511
vn 0.3084 0.4615 -0.8318
vn 0.0872 0.1305 -0.9876
vn 0.6311 0.6311 -0.4511
vn 0.3925 0.3925 -0.8318
vn 0.1110 0.1110 -0.9876
vn 0.7421 0.4958 -0.4511
vn 0.4615 0.3084 -0.8318
vn 0.1305 0.0872 -0.9876
vn 0.8245 0.3415 -0.4511
vn 0.5128 0.2124 -0.8318
vn 0.1450 0.0601 -0.9876
vn 0.8753 0.1741 -0.4511
vn 0.5444 0.1083 -0.8318
vn 0.1539 0.0306 -0.9876
vn 0.8925 -0.0000 -0.4511
vn 0.5551 -0.0000 -0.8318
vn 0.1570 -0.0000 -0.9876
vn 0.8753 -0.1741 -0.4511
vn 0.5444 -0.1083 -0.8318
vn 0.1539 -0.0306 -0.9876
vn 0.8245 -0.3415 -0.4511
vn 0.5128 -0.2124 -0.8318
vn 0.1450 -0.0601 -0.9876
vn 0.7421 -0.4958 -0.4511
vn 0.4615 -0.3084 -0.8318
vn 0.1305 -0.0872 -0.9876
vn 0.6311 -0.6311 -0.4511
vn 0.3925 -0.3925 -0.8318
vn 0.1110 -0.1110 -0.9876
vn 0.4958 -0.7421 -0.4511
vn 0.3084 -0.4615 -0.8318
vn 0.0872 -0.1305 -0.9876
vn 0.3415 -0.8245 -0.4511
vn 0.2124 -0.5128 -0.8318
vn 0.0601 -0.1450 -0.9876
vn 0.1741 -0.8753 -0.4511
vn 0.1083 -0.5444 -0.8318
vn 0.0306 -0.1539 -0.9876
vn -0.0000 -0.8925 -0.4511
vn -0.0000 -0.5551 -0.8318
vn -0.0000 -0.1570 -0.9876
vn -0.1741 -0.8753 -0.4511
vn -0.1083 -0.5444 -0.8318
vn -0.0306 -0.1539 -0.9876
vn -0.3415 -0.8245 -0.4511
vn -0.2124 -0.5128 -0.8318
vn -0.0601 -0.1450 -0.9876
vn -0.4958 -0.7420 -0.4511
vn -0.3084 -0.4615 -0.8318
vn -0.0872 -0.1305 -0.9876
vn -0.6311 -0.6311 -0.4511
vn -0.3925 -0.3925 -0.8318
vn -0.1110 -0.1110 -0.9876
vn -0.7420 -0.4958 -0.4511
vn -0.4615 -0.3084 -0.8318
vn -0.1305 -0.0872 -0.9876
vn -0.8245 -0.3415 -0.4511
vn -0.5128 -0.2124 -0.8318
vn -0.1450 -0.0601 -0.9876
vn -0.8753 -0.1741 -0.4511
vn -0.5444 -0.1083 -0.8318
vn -0.1539 -0.0306 -0.9876
vn -0.8925 -0.0000 -0.4511
vn -0.5551 -0.0000 -0.8318
vn -0.1570 -0.0000 -0.9876
vn -0.8753 0.1741 -0.4511
vn -0.5444 0.1083 -0.8318
vn -0.1539 0.0306 -0.9876
vn -0.8245 0.3415 -0.4511
vn -0.5128 0.2124 -0.8318
vn -0.1450 0.0601 -0.9876
vn -0.7420 0.4958 -0.4511
vn -0.4615 0.3084 -0.8318
vn -0.1305 0.0872 -0.9876
vn -0.6311 0.6311 -0.4511
vn -0.3925 0.3925 -0.8318
vn -0.1110 0.1110 -0.9876
vn -0.4958 0.7421 -0.4511
vn -0.3084 0.4615 -0.8318
vn -0.0872 0.1305 -0.9876
vn -0.3415 0.8245 -0.4511
vn -0.2124 0.5128 -0.8318
vn -0.0601 0.1450 -0.9876
vn -0.1741 0.8753 -0.4511
vn -0.1083 0.5444 -0.8318
vn -0.0306 0.1539 -0.9876
vn -0.2242 0.3356 -0.9149
vn -0.2854 0.2854 -0.9149
vn -0.3356 0.2242 -0.9149
vn -0.4100 0.4100 -0.8148
vn -0.4821 0.3221 -0.8148
vn -0.0787 0.3958 -0.9149
vn -0.1544 0.3729 -0.9149
vn 0.0787 0.3958 -0.9149
vn -0.0000 0.4036 -0.9149
vn 0.2242 0.3356 -0.9149
vn 0.1544 0.3729 -0.9149
vn 0.3356 0.2242 -0.9149
vn 0.2854 0.2854 -0.9149
vn 0.3958 0.0787 -0.9149
vn 0.3729 0.1544 -0.9149
vn -0.1544 -0.3729 -0.9149
vn -0.0787 -0.3958 -0.9149
vn 0.3958 -0.0787 -0.9149
vn 0.4036 -0.0000 -0.9149
vn -0.2854 -0.2854 -0.9149
vn -0.2242 -0.3356 -0.9149
vn 0.3356 -0.2242 -0.9149
vn 0.3729 -0.1544 -0.9149
vn -0.3729 -0.1544 -0.9149
vn -0.3356 -0.2242 -0.9149
vn 0.2242 -0.3356 -0.9149
vn 0.2854 -0.2854 -0.9149
vn -0.4036 -0.0000 -0.9149
vn -0.3958 -0.0787 -0.9149
vn 0.0787 -0.3958 -0.9149
vn 0.1544 -0.3729 -0.9149
vn -0.3729 0.1544 -0.9149
vn -0.3958 0.0787 -0.9149
vn -0.0000 -0.4036 -0.9149
vn -0.2219 0.5357 -0.8148
vn -0.1131 0.5687 -0.8148
vn -0.0340 0.1707 -0.9847
vn -0.0666 0.1608 -0.9847
vn 0.5357 -0.2219 -0.8148
vn 0.5687 -0.1131 -0.8148
vn -0.3221 0.4821 -0.8148
vn 0.4821 -0.3221 -0.8148
vn -0.1131 -0.5687 -0.8148
vn -0.0000 -0.5798 -0.8148
vn 0.4100 -0.4100 -0.8148
vn -0.2219 -0.5357 -0.8148
vn 0.3221 -0.4821 -0.8148
vn -0.0000 0.5798 -0.8148
vn -0.3221 -0.4821 -0.8148
vn 0.2219 -0.5357 -0.8148
vn 0.1131 0.5687 -0.8148
vn -0.4100 -0.4100 -0.8148
vn 0.1131 -0.5687 -0.8148
vn 0.2219 0.5357 -0.8148
vn -0.4821 -0.3221 -0.8148
vn 0.3221 0.4821 -0.8148
vn -0.5357 -0.2219 -0.8148
vn 0.4100 0.4100 -0.8148
vn -0.5687 -0.1131 -0.8148
vn 0.4821 0.3221 -0.8148
vn -0.5798 -0.0000 -0.8148
vn 0.5357 0.2219 -0.8148
vn -0.5687 0.1131 -0.8148
vn 0.5687 0.1131 -0.8148
vn -0.5357 0.2219 -0.8148
vn 0.5798 -0.0000 -0.8148
vn -0.1447 -0.0967 -0.9847
vn -0.1608 -0.0666 -0.9847
vn -0.0000 -0.0000 -1.0000
vn -0.0666 -0.1608 -0.9847
vn -0.0340 -0.1707 -0.9847
vn 0.0967 -0.1447 -0.9847
vn 0.1231 -0.1231 -0.9847
vn -0.0000 0.1740 -0.9847
vn -0.0967 -0.1447 -0.9847
vn 0.0666 -0.1608 -0.9847
vn 0.0340 0.1707 -0.9847
vn -0.1231 -0.1231 -0.9847
vn 0.0340 -0.1707 -0.9847
vn 0.0666 0.1608 -0.9847
vn -0.0000 -0.1740 -0.9847
vn 0.0967 0.1447 -0.9847
vn 0.1231 0.1231 -0.9847
vn -0.1707 -0.0340 -0.9847
vn 0.1447 0.0967 -0.9847
vn -0.1740 -0.0000 -0.9847
vn 0.1608 0.0666 -0.9847
vn -0.1707 0.0340 -0.9847
vn 0.1707 0.0340 -0.9847
vn -0.1608 0.0666 -0.9847
vn 0.1740 -0.0000 -0.9847
vn -0.1447 0.0967 -0.9847
vn 0.1707 -0.0340 -0.9847
vn -0.1231 0.1231 -0.9847
vn 0.1608 -0.0666 -0.9847
vn -0.0967 0.1447 -0.9847
vn 0.1447 -0.0967 -0.9847
vn -0.0000 0.8925 0.4511
vn 0.1741 0.8753 0.4511
vn -0.0000 0.5551 0.8318
vn 0.1083 0.5444 0.8318
vn 0.3415 0.8245 0.4511
vn 0.2124 0.5128 0.8318
vn 0.4958 0.7421 0.4511
vn 0.3084 0.4615 0.8318
vn 0.6311 0.6311 0.4511
vn 0.3925 0.3925 0.8318
vn 0.7421 0.4958 0.4511
vn 0.4615 0.3084 0.8318
vn 0.8245 0.3415 0.4511
vn 0.5128 0.2124 0.8318
vn 0.8753 0.1741 0.4511
vn 0.5444 0.1083 0.8318
vn 0.8925 -0.0000 0.4511
vn 0.5551 -0.0000 0.8318
vn 0.8753 -0.1741 0.4511
vn 0.5444 -0.1083 0.8318
vn 0.8245 -0.3415 0.4511
vn 0.5128 -0.2124 0.8318
vn 0.7421 -0.4958 0.4511
vn 0.4615 -0.3084 0.8318
vn 0.6311 -0.6311 0.4511
vn 0.3925 -0.3925 0.8318
vn 0.4958 -0.7421 0.4511
vn 0.3084 -0.4615 0.8318
vn 0.3415 -0.8245 0.4511
vn 0.2124 -0.5128 0.8318
vn 0.1741 -0.8753 0.4511
vn 0.1083 -0.5444 0.8318
vn -0.0000 -0.8925 0.4511
vn -0.0000 -0.5551 0.8318
vn -0.1741 -0.8753 0.4511
vn -0.1083 -0.5444 0.8318
vn -0.3415 -0.8245 0.4511
vn -0.2124 -0.5128 0.8318
vn -0.4958 -0.7421 0.4511
vn -0.3084 -0.4615 0.8318
vn -0.6311 -0.6311 0.4511
vn -0.3925 -0.3925 0.8318
vn -0.7420 -0.4958 0.4511
vn -0.4615 -0.3084 0.8318
vn -0.8245 -0.3415 0.4511
vn -0.5128 -0.2124 0.8318
vn -0.8753 -0.1741 0.4511
vn -0.5444 -0.1083 0.8318
vn -0.8925 -0.0000 0.4511
vn -0.5551 -0.0000 0.8318
vn -0.8753 0.1741 0.4511
vn -0.5444 0.1083 0.8318
vn -0.8245 0.3415 0.4511
vn -0.5128 0.2124 0.8318
vn -0.7420 0.4958 0.4511
vn -0.4615 0.3084 0.8318
vn -0.6311 0.6311 0.4511
vn -0.3925 0.3925 0.8318
vn -0.4958 0.7421 0.4511
vn -0.3084 0.4615 0.8318
vn -0.3415 0.8245 0.4511
vn -0.2124 0.5128 0.8318
vn -0.1741 0.8753 0.4511
vn -0.1083 0.5444 0.8318
vn -0.0000 -0.5310 0.8474
vn -0.1036 -0.5208 0.8474
vn -0.0000 -0.8861 0.4634
vn -0.1729 -0.8691 0.4634
vn -0.2032 -0.4906 0.8474
vn -0.3391 -0.8187 0.4634
vn -0.2950 -0.4415 0.8474
vn -0.4923 -0.7368 0.4634
vn -0.3755 -0.3755 0.8474
vn -0.6266 -0.6266 0.4634
vn -0.4415 -0.2950 0.8474
vn -0.7368 -0.4923 0.4634
vn -0.4906 -0.2032 0.8474
vn -0.8187 -0.3391 0.4634
vn -0.5208 -0.1036 0.8474
vn -0.8691 -0.1729 0.4634
vn -0.5310 -0.0000 0.8474
vn -0.8861 -0.0000 0.4634
vn -0.5208 0.1036 0.8474
vn -0.8691 0.1729 0.4634
vn -0.4906 0.2032 0.8474
vn -0.8187 0.3391 0.4634
vn -0.4415 0.2950 0.8474
vn -0.7368 0.4923 0.4634
vn -0.3755 0.3755 0.8474
vn -0.6266 0.6266 0.4634
vn -0.2950 0.4415 0.8474
vn -0.4923 0.7368 0.4634
vn -0.2032 0.4906 0.8474
vn -0.3391 0.8187 0.4634
vn -0.1036 0.5208 0.8474
vn -0.1729 0.8691 0.4634
vn -0.0000 0.5310 0.8474
vn -0.0000 0.8861 0.4634
vn 0.1036 0.5208 0.8474
vn 0.1729 0.8691 0.4634
vn 0.2032 0.4906 0.8474
vn 0.3391 0.8187 0.4634
vn 0.2950 0.4415 0.8474
vn 0.4923 0.7368 0.4634
vn 0.3755 0.3755 0.8474
vn 0.6266 0.6266 0.4634
vn 0.4415 0.2950 0.8474
vn 0.7368 0.4923 0.4634
vn 0.4906 0.2032 0.8474
vn 0.8187 0.3391 0.4634
vn 0.5208 0.1036 0.8474
vn 0.8691 0.1729 0.4634
vn 0.5310 -0.0000 0.8474
vn 0.8861 -0.0000 0.4634
vn 0.5208 -0.1036 0.8474
vn 0.8691 -0.1729 0.4634
vn 0.4906 -0.2032 0.8474
vn 0.8187 -0.3391 0.4634
vn 0.4415 -0.2950 0.8474
vn 0.7368 -0.4923 0.4634
vn 0.3755 -0.3755 0.8474
vn 0.6266 -0.6266 0.4634
vn 0.2950 -0.4415 0.8474
vn 0.4923 -0.7368 0.4634
vn 0.2032 -0.4906 0.8474
vn 0.3391 -0.8187 0.4634
vn 0.1036 -0.5208 0.8474
vn 0.1729 -0.8691 0.4634
vn -0.0000 -0.0000 1.0000
vn -0.0000 -0.1570 0.9876
vn -0.7421 -0.4958 0.4511
vn -0.1570 -0.0000 0.9876
vn -0.7421 0.4958 0.4511
vn -0.0000 0.1570 0.9876
vn 0.7420 -0.4958 0.4511
vt 0.258658 0.865688
vt 0.258658 0.877144
vt 0.245208 0.877144
vt 0.245208 0.865688
vt 0.881610 0.234305
vt 0.866522 0.246061
vt 0.865387 0.237739
vt 0.877421 0.227026
vt 0.879084 0.717871
vt 0.878187 0.694778
vt 0.891610 0.694694
vt 0.892507 0.717787
vt 0.942080 0.302798
vt 0.915016 0.306988
vt 0.912697 0.298948
vt 0.943193 0.294024
vt 0.258658 0.906641
vt 0.245208 0.906641
vt 0.835878 0.248095
vt 0.838191 0.239720
vt 0.877987 0.648974
vt 0.891410 0.648890
vt 0.258658 0.927893
vt 0.245208 0.927893
vt 0.813759 0.232064
vt 0.818870 0.224988
vt 0.895822 0.326476
vt 0.890722 0.320405
vt 0.879060 0.614731
vt 0.892483 0.614647
vt 0.932004 0.902937
vt 0.923990 0.877077
vt 0.934232 0.877360
vt 0.942246 0.903220
vt 0.798860 0.205974
vt 0.805344 0.200709
vt 0.882413 0.354407
vt 0.875951 0.350503
vt 0.219673 0.621152
vt 0.209303 0.653591
vt 0.199042 0.654918
vt 0.209412 0.622478
vt 0.873722 0.385685
vt 0.866716 0.383432
vt 0.919451 0.847283
vt 0.929693 0.847565
vt 0.789516 0.175875
vt 0.796550 0.172101
vt 0.204252 0.688163
vt 0.193991 0.689489
vt 0.868952 0.416526
vt 0.861721 0.415600
vt 0.917849 0.817748
vt 0.928091 0.818031
vt 0.784433 0.145568
vt 0.791696 0.143041
vt 0.202790 0.721661
vt 0.192530 0.722988
vt 0.867438 0.444881
vt 0.860144 0.445232
vt 0.918594 0.790840
vt 0.928836 0.791123
vt 0.782789 0.116971
vt 0.790118 0.115677
vt 0.204014 0.752651
vt 0.193754 0.753977
vt 0.921295 0.767121
vt 0.931537 0.767403
vt 0.784163 0.090321
vt 0.791392 0.090443
vt 0.868759 0.470405
vt 0.861565 0.472183
vt 0.207596 0.781221
vt 0.197335 0.782548
vt 0.872885 0.493091
vt 0.866115 0.496669
vt 0.925794 0.746891
vt 0.936036 0.747173
vt 0.788684 0.065377
vt 0.795492 0.067353
vt 0.213801 0.807897
vt 0.203540 0.809223
vt 0.880275 0.512033
vt 0.874691 0.517891
vt 0.932004 0.731367
vt 0.942246 0.731650
vt 0.797256 0.042718
vt 0.802877 0.047189
vt 0.223694 0.832201
vt 0.213433 0.833527
vt 0.193720 0.948707
vt 0.192980 0.937439
vt 0.206403 0.937387
vt 0.207144 0.948654
vt 0.811413 0.024210
vt 0.814718 0.031274
vt 0.892090 0.525608
vt 0.888816 0.533591
vt 0.878347 0.854584
vt 0.878347 0.833083
vt 0.891797 0.833083
vt 0.891797 0.854584
vt 0.192530 0.918294
vt 0.205953 0.918241
vt 0.832850 0.012942
vt 0.833337 0.021726
vt 0.910636 0.531120
vt 0.910169 0.540218
vt 0.878347 0.800738
vt 0.891797 0.800738
vt 0.192560 0.884659
vt 0.205984 0.884606
vt 0.863651 0.012544
vt 0.861827 0.021715
vt 0.938984 0.524619
vt 0.940818 0.533585
vt 0.878347 0.757017
vt 0.891797 0.757017
vt 0.955272 0.512858
vt 0.958671 0.521468
vt 0.193008 0.864871
vt 0.206432 0.864819
vt 0.881610 0.020375
vt 0.878213 0.029549
vt 0.878347 0.731367
vt 0.891797 0.731367
vt 0.899335 0.757366
vt 0.899335 0.800605
vt 0.904853 0.758319
vt 0.904853 0.800243
vt 0.831335 0.007163
vt 0.863516 0.006748
vt 0.885053 0.445247
vt 0.886287 0.469107
vt 0.880592 0.468998
vt 0.879346 0.444915
vt 0.874176 0.469473
vt 0.872899 0.444781
vt 0.213418 0.884285
vt 0.213387 0.918406
vt 0.218683 0.883466
vt 0.218651 0.918916
vt 0.912151 0.525576
vt 0.939118 0.519391
vt 0.899335 0.832330
vt 0.904853 0.830273
vt 0.808107 0.019372
vt 0.222572 0.689482
vt 0.221178 0.721443
vt 0.216194 0.721008
vt 0.217621 0.688278
vt 0.209463 0.721088
vt 0.210916 0.687795
vt 0.899335 0.853374
vt 0.786789 0.036624
vt 0.803258 0.015093
vt 0.792616 0.039625
vt 0.211563 0.432205
vt 0.209106 0.401165
vt 0.214089 0.400826
vt 0.216484 0.431086
vt 0.220813 0.400580
vt 0.223164 0.430270
vt 0.227478 0.400493
vt 0.229812 0.429975
vt 0.213852 0.938172
vt 0.214621 0.949876
vt 0.890771 0.506203
vt 0.900292 0.517142
vt 0.895411 0.520600
vt 0.884921 0.508547
vt 0.217194 0.463864
vt 0.221938 0.461748
vt 0.228487 0.460201
vt 0.235088 0.459638
vt 0.912406 0.293794
vt 0.945131 0.288511
vt 0.865479 0.693585
vt 0.865292 0.650702
vt 0.870554 0.649463
vt 0.870750 0.694483
vt 0.225717 0.777865
vt 0.231422 0.802390
vt 0.226821 0.804599
vt 0.220866 0.778999
vt 0.220371 0.806615
vt 0.214233 0.780228
vt 0.875120 0.034255
vt 0.859527 0.026800
vt 0.887204 0.888923
vt 0.887854 0.868080
vt 0.893572 0.869684
vt 0.892947 0.889751
vt 0.901172 0.870301
vt 0.900556 0.890083
vt 0.894189 0.591605
vt 0.901764 0.592844
vt 0.900078 0.615622
vt 0.803827 0.238160
vt 0.787722 0.209959
vt 0.793833 0.208700
vt 0.809428 0.236009
vt 0.838508 0.233803
vt 0.863437 0.231987
vt 0.681997 0.951948
vt 0.681997 0.919500
vt 0.687515 0.920883
vt 0.687515 0.951171
vt 0.695053 0.921390
vt 0.695053 0.950887
vt 0.211447 0.347318
vt 0.215861 0.324842
vt 0.220559 0.327141
vt 0.216354 0.348550
vt 0.227075 0.328826
vt 0.223023 0.349455
vt 0.233663 0.329447
vt 0.229667 0.349790
vt 0.219156 0.940378
vt 0.873908 0.222665
vt 0.859579 0.227039
vt 0.868907 0.218735
vt 0.687515 0.963165
vt 0.695053 0.962343
vt 0.899023 0.649284
vt 0.905781 0.618380
vt 0.904776 0.650454
vt 0.833150 0.253204
vt 0.227338 0.656861
vt 0.222530 0.654682
vt 0.215929 0.653485
vt 0.237670 0.928962
vt 0.237670 0.907147
vt 0.922247 0.316600
vt 0.905800 0.333299
vt 0.900168 0.330296
vt 0.917777 0.312418
vt 0.961777 0.526338
vt 0.943128 0.538994
vt 0.865292 0.758319
vt 0.865292 0.733719
vt 0.870810 0.731997
vt 0.870810 0.757366
vt 0.209187 0.372761
vt 0.214168 0.373164
vt 0.220891 0.373462
vt 0.227555 0.373574
vt 0.765210 0.115721
vt 0.766668 0.087425
vt 0.772331 0.088821
vt 0.770884 0.116896
vt 0.778735 0.089881
vt 0.777319 0.117354
vt 0.958230 0.302602
vt 0.961777 0.298007
vt 0.866297 0.714642
vt 0.871626 0.717031
vt 0.911208 0.334682
vt 0.899161 0.359776
vt 0.893571 0.358774
vt 0.887441 0.356809
vt 0.233018 0.293247
vt 0.248385 0.288605
vt 0.249898 0.294264
vt 0.236027 0.298453
vt 0.887193 0.945836
vt 0.886871 0.924371
vt 0.892626 0.923871
vt 0.892923 0.943640
vt 0.900240 0.923717
vt 0.900527 0.942865
vt 0.890022 0.489640
vt 0.896259 0.505629
vt 0.884380 0.489819
vt 0.878107 0.491082
vt 0.771586 0.060293
vt 0.781336 0.034517
vt 0.777196 0.061982
vt 0.783454 0.063843
vt 0.222344 0.750956
vt 0.217389 0.751259
vt 0.210680 0.751880
vt 0.891018 0.389082
vt 0.886487 0.418374
vt 0.880791 0.417843
vt 0.885355 0.388343
vt 0.874373 0.417167
vt 0.879024 0.387100
vt 0.911107 0.545925
vt 0.865292 0.800243
vt 0.870810 0.800605
vt 0.772263 0.177513
vt 0.766936 0.145748
vt 0.772600 0.146732
vt 0.777894 0.178302
vt 0.779004 0.146666
vt 0.784209 0.177702
vt 0.887970 0.538744
vt 0.865292 0.830273
vt 0.870810 0.832330
vt 0.237670 0.876860
vt 0.232152 0.908530
vt 0.232152 0.876083
vt 0.942585 0.308577
vt 0.832425 0.026810
vt 0.899219 0.694305
vt 0.904963 0.693337
vt 0.866035 0.251020
vt 0.240118 0.823754
vt 0.252854 0.839741
vt 0.250052 0.844927
vt 0.236115 0.827433
vt 0.244919 0.849122
vt 0.230104 0.830525
vt 0.870810 0.853374
vt 0.222761 0.306260
vt 0.226920 0.310007
vt 0.241307 0.302267
vt 0.233043 0.312753
vt 0.893593 0.955351
vt 0.901172 0.954140
vt 0.241561 0.512770
vt 0.226825 0.492400
vt 0.231079 0.488834
vt 0.244598 0.507521
vt 0.237271 0.486226
vt 0.249898 0.503681
vt 0.687515 0.899068
vt 0.695053 0.900138
vt 0.782166 0.209412
vt 0.236822 0.627194
vt 0.232457 0.623629
vt 0.226180 0.621417
vt 0.213873 0.864213
vt 0.219156 0.862618
vt 0.227653 0.542466
vt 0.227653 0.526265
vt 0.233254 0.526651
vt 0.233254 0.543676
vt 0.243740 0.485276
vt 0.899335 0.731997
vt 0.904853 0.733719
vt 0.214656 0.526265
vt 0.214656 0.546583
vt 0.209106 0.547140
vt 0.209106 0.527689
vt 0.900095 0.716853
vt 0.905781 0.714394
vt 0.251873 0.526265
vt 0.251873 0.543216
vt 0.246251 0.541969
vt 0.246251 0.526657
vt 0.239487 0.313762
vt 0.252854 0.606312
vt 0.249652 0.601233
vt 0.244226 0.597912
vt 0.871608 0.615801
vt 0.237670 0.864865
vt 0.232152 0.862618
vt 0.246251 0.570903
vt 0.246251 0.558965
vt 0.251700 0.556712
vt 0.251700 0.570431
vt 0.954077 0.311008
vt 0.646997 0.592256
vt 0.646997 0.885375
vt 0.622593 0.884941
vt 0.622593 0.591822
vt 0.596727 0.884724
vt 0.596727 0.591605
vt 0.570394 0.884733
vt 0.570394 0.591614
vt 0.544604 0.884966
vt 0.544604 0.591847
vt 0.520349 0.885416
vt 0.520349 0.592297
vt 0.498562 0.886064
vt 0.498562 0.592945
vt 0.468236 0.597986
vt 0.468236 0.891105
vt 0.449753 0.891927
vt 0.449753 0.598808
vt 0.852295 0.599308
vt 0.852295 0.885573
vt 0.831022 0.882044
vt 0.831022 0.595780
vt 0.807130 0.879527
vt 0.807130 0.593262
vt 0.781536 0.878117
vt 0.781536 0.591853
vt 0.755224 0.877870
vt 0.755224 0.591605
vt 0.729205 0.878794
vt 0.729205 0.592530
vt 0.704479 0.880854
vt 0.704479 0.594590
vt 0.681997 0.883971
vt 0.681997 0.597707
vt 0.277916 0.581619
vt 0.277916 0.288753
vt 0.296888 0.289875
vt 0.296888 0.582741
vt 0.319059 0.290749
vt 0.319059 0.583615
vt 0.343576 0.291339
vt 0.343576 0.584205
vt 0.369498 0.291625
vt 0.369498 0.584491
vt 0.395827 0.291594
vt 0.395827 0.584460
vt 0.421553 0.291248
vt 0.421553 0.584114
vt 0.445687 0.290601
vt 0.445687 0.583467
vt 0.467301 0.289676
vt 0.467301 0.582542
vt 0.485565 0.288511
vt 0.485565 0.581377
vt 0.196109 0.290859
vt 0.196109 0.583617
vt 0.174751 0.582576
vt 0.174751 0.289818
vt 0.150798 0.581836
vt 0.150798 0.289078
vt 0.125171 0.581427
vt 0.125171 0.288669
vt 0.098853 0.581363
vt 0.098853 0.288605
vt 0.072857 0.581647
vt 0.072857 0.288889
vt 0.048182 0.582269
vt 0.048182 0.289511
vt 0.641404 0.302794
vt 0.658998 0.305946
vt 0.655918 0.562760
vt 0.638324 0.559608
vt 0.025775 0.583204
vt 0.025775 0.290446
vt 0.669000 0.592890
vt 0.669000 0.886009
vt 0.125116 0.607622
vt 0.145435 0.608112
vt 0.145435 0.870869
vt 0.125116 0.870380
vt 0.103634 0.607386
vt 0.103634 0.870143
vt 0.081813 0.607411
vt 0.081813 0.870168
vt 0.060492 0.607698
vt 0.060492 0.870455
vt 0.040491 0.608235
vt 0.040491 0.870992
vt 0.022578 0.609001
vt 0.022578 0.871758
vt 0.007442 0.609967
vt 0.007442 0.872724
vt 0.296427 0.875646
vt 0.278730 0.874719
vt 0.279613 0.612060
vt 0.297310 0.612988
vt 0.316276 0.876331
vt 0.317159 0.613673
vt 0.337514 0.876748
vt 0.338397 0.614089
vt 0.359325 0.876880
vt 0.360208 0.614221
vt 0.380870 0.876722
vt 0.381753 0.614063
vt 0.401322 0.876281
vt 0.402205 0.613622
vt 0.419894 0.875573
vt 0.420777 0.612915
vt 0.435873 0.874626
vt 0.436756 0.611968
vt 0.708812 0.566854
vt 0.690576 0.566328
vt 0.690576 0.303344
vt 0.708812 0.303870
vt 0.729036 0.567213
vt 0.729036 0.304229
vt 0.750473 0.567393
vt 0.750473 0.304409
vt 0.772297 0.567386
vt 0.772297 0.304402
vt 0.793671 0.567192
vt 0.793671 0.304208
vt 0.813772 0.566820
vt 0.813772 0.303836
vt 0.831829 0.566283
vt 0.831829 0.303299
vt 0.020617 0.177165
vt 0.029642 0.199790
vt 0.025180 0.202266
vt 0.015777 0.178690
vt 0.847147 0.565601
vt 0.847147 0.302618
vt 0.621630 0.300452
vt 0.618549 0.557266
vt 0.600434 0.299009
vt 0.597354 0.555824
vt 0.578632 0.298523
vt 0.575552 0.555337
vt 0.557061 0.299009
vt 0.553981 0.555824
vt 0.536551 0.300452
vt 0.533470 0.557266
vt 0.006498 0.584417
vt 0.006498 0.291659
vt 0.517889 0.302794
vt 0.514809 0.559608
vt 0.163809 0.608836
vt 0.163809 0.871593
vt 0.212041 0.044364
vt 0.192434 0.030757
vt 0.194819 0.026124
vt 0.215250 0.040304
vt 0.042743 0.220153
vt 0.038832 0.223485
vt 0.170648 0.021383
vt 0.172116 0.016356
vt 0.059417 0.237471
vt 0.056208 0.241531
vt 0.147520 0.016603
vt 0.148016 0.011375
vt 0.079024 0.251078
vt 0.076640 0.255711
vt 0.123938 0.016600
vt 0.123443 0.011372
vt 0.192434 0.251091
vt 0.212041 0.237489
vt 0.215250 0.241550
vt 0.194819 0.255725
vt 0.100810 0.260452
vt 0.099342 0.265478
vt 0.100810 0.021375
vt 0.099342 0.016348
vt 0.228716 0.220175
vt 0.232626 0.223508
vt 0.123939 0.265232
vt 0.123443 0.270460
vt 0.079024 0.030744
vt 0.076639 0.026110
vt 0.241817 0.199816
vt 0.246278 0.202293
vt 0.147520 0.265235
vt 0.148016 0.270462
vt 0.059417 0.044346
vt 0.056208 0.040285
vt 0.250841 0.177193
vt 0.255682 0.178718
vt 0.170648 0.260460
vt 0.172116 0.265487
vt 0.042743 0.061660
vt 0.038832 0.058327
vt 0.255441 0.153176
vt 0.260476 0.153691
vt 0.029641 0.082019
vt 0.025180 0.079542
vt 0.255441 0.128688
vt 0.260476 0.128173
vt 0.020617 0.104642
vt 0.015776 0.103117
vt 0.250841 0.104670
vt 0.255682 0.103145
vt 0.016017 0.128659
vt 0.010983 0.128144
vt 0.241817 0.082045
vt 0.246278 0.079569
vt 0.016017 0.153147
vt 0.010983 0.153662
vt 0.228716 0.061682
vt 0.232626 0.058350
vt 0.969078 0.183615
vt 0.970168 0.203636
vt 0.962492 0.202183
vt 0.961417 0.182434
vt 0.320706 0.249190
vt 0.302345 0.230183
vt 0.306224 0.227407
vt 0.323895 0.245698
vt 0.311498 0.223119
vt 0.328225 0.240433
vt 0.970081 0.731367
vt 0.969372 0.754212
vt 0.961667 0.755057
vt 0.962366 0.732522
vt 0.287921 0.207835
vt 0.292343 0.205899
vt 0.298358 0.202759
vt 0.968845 0.779550
vt 0.961147 0.780050
vt 0.955655 0.781491
vt 0.956155 0.757437
vt 0.282784 0.182000
vt 0.289310 0.180136
vt 0.968521 0.806407
vt 0.960827 0.806543
vt 0.955347 0.806987
vt 0.277916 0.156630
vt 0.284702 0.156120
vt 0.968411 0.833751
vt 0.960719 0.833515
vt 0.955243 0.832945
vt 0.277926 0.130762
vt 0.284710 0.131634
vt 0.968521 0.860531
vt 0.960827 0.859932
vt 0.955347 0.858367
vt 0.282812 0.105391
vt 0.289336 0.107618
vt 0.968845 0.885718
vt 0.961147 0.884777
vt 0.278017 0.103399
vt 0.287967 0.078566
vt 0.292387 0.081493
vt 0.298400 0.084995
vt 0.969372 0.908345
vt 0.961667 0.907096
vt 0.302407 0.056217
vt 0.306284 0.059984
vt 0.311554 0.064635
vt 0.970081 0.927541
vt 0.962366 0.926032
vt 0.320782 0.037211
vt 0.323967 0.041693
vt 0.328294 0.047320
vt 0.988502 0.288511
vt 0.985297 0.310631
vt 0.978062 0.311660
vt 0.981224 0.289840
vt 0.342386 0.022278
vt 0.344759 0.027322
vt 0.347975 0.033716
vt 0.983089 0.335462
vt 0.975884 0.336154
vt 0.366388 0.011992
vt 0.367859 0.017422
vt 0.369842 0.024346
vt 0.981963 0.362050
vt 0.974774 0.362381
vt 0.391868 0.006748
vt 0.392379 0.012376
vt 0.393054 0.019569
vt 0.981963 0.389372
vt 0.974774 0.389333
vt 0.417844 0.006748
vt 0.417379 0.012376
vt 0.416718 0.019568
vt 0.983089 0.416380
vt 0.975884 0.415973
vt 0.443320 0.011992
vt 0.441896 0.017422
vt 0.439926 0.024346
vt 0.985297 0.442035
vt 0.978062 0.441280
vt 0.467315 0.022278
vt 0.464989 0.027321
vt 0.461786 0.033716
vt 0.988502 0.465351
vt 0.981224 0.464279
vt 0.488909 0.037210
vt 0.485770 0.041693
vt 0.481458 0.047320
vt 0.941609 0.006748
vt 0.940507 0.026447
vt 0.932827 0.027611
vt 0.933914 0.008180
vt 0.507270 0.056217
vt 0.503441 0.059984
vt 0.498185 0.064635
vt 0.939641 0.049467
vt 0.931973 0.050319
vt 0.521694 0.078565
vt 0.517322 0.081492
vt 0.511326 0.084994
vt 0.939044 0.074924
vt 0.931385 0.075431
vt 0.531626 0.103398
vt 0.526881 0.105391
vt 0.520374 0.107617
vt 0.938740 0.101840
vt 0.931085 0.101981
vt 0.925696 0.102384
vt 0.925984 0.076832
vt 0.531749 0.130761
vt 0.524982 0.131633
vt 0.938740 0.129180
vt 0.931085 0.128950
vt 0.925696 0.128338
vt 0.531740 0.156629
vt 0.524973 0.156120
vt 0.939044 0.155894
vt 0.931385 0.155301
vt 0.925984 0.153698
vt 0.526854 0.182000
vt 0.520348 0.180136
vt 0.939641 0.180955
vt 0.931973 0.180021
vt 0.926551 0.177488
vt 0.517278 0.205898
vt 0.511284 0.202759
vt 0.940507 0.203399
vt 0.932827 0.202161
vt 0.521648 0.207834
vt 0.507208 0.230183
vt 0.503381 0.227407
vt 0.498129 0.223118
vt 0.941609 0.222365
vt 0.933914 0.220869
vt 0.488833 0.249189
vt 0.485698 0.245698
vt 0.481389 0.240433
vt 0.970168 0.006748
vt 0.969078 0.028921
vt 0.961417 0.029841
vt 0.962492 0.007969
vt 0.467229 0.264122
vt 0.464906 0.260069
vt 0.461708 0.254037
vt 0.968269 0.053790
vt 0.960619 0.054372
vt 0.955239 0.056028
vt 0.956007 0.032420
vt 0.441806 0.269968
vt 0.439841 0.263408
vt 0.967770 0.080399
vt 0.960127 0.080620
vt 0.954765 0.081289
vt 0.417286 0.275015
vt 0.416630 0.268185
vt 0.967602 0.107726
vt 0.959961 0.107575
vt 0.954606 0.107231
vt 0.392286 0.275015
vt 0.392965 0.268185
vt 0.967770 0.134720
vt 0.960127 0.134203
vt 0.954765 0.132857
vt 0.367769 0.269968
vt 0.369757 0.263408
vt 0.968269 0.160345
vt 0.960619 0.159480
vt 0.955239 0.157183
vt 0.344676 0.260069
vt 0.347897 0.254037
vt 0.342300 0.264122
vt 0.415559 0.031700
vt 0.394204 0.031700
vt 0.926693 0.612598
vt 0.926422 0.634179
vt 0.918778 0.635126
vt 0.919032 0.614873
vt 0.456229 0.044467
vt 0.436502 0.036011
vt 0.489076 0.072368
vt 0.473981 0.056743
vt 0.509098 0.111156
vt 0.500933 0.090741
vt 0.513249 0.154925
vt 0.513257 0.132828
vt 0.500896 0.197012
vt 0.509075 0.176597
vt 0.308750 0.197012
vt 0.320608 0.215385
vt 0.473919 0.231010
vt 0.489025 0.215385
vt 0.296427 0.154925
vt 0.300585 0.176598
vt 0.436426 0.251742
vt 0.456158 0.243286
vt 0.300608 0.111156
vt 0.296435 0.132829
vt 0.394124 0.256053
vt 0.415479 0.256053
vt 0.320659 0.072369
vt 0.308788 0.090741
vt 0.353454 0.243286
vt 0.373181 0.251742
vt 0.353525 0.044467
vt 0.335765 0.056744
vt 0.373258 0.036011
vt 0.335703 0.231010
vt 0.434521 0.041936
vt 0.453035 0.049873
vt 0.439451 0.075212
vt 0.426135 0.069504
vt 0.452969 0.236472
vt 0.469637 0.224950
vt 0.926422 0.656340
vt 0.918778 0.655925
vt 0.434449 0.244408
vt 0.926693 0.678229
vt 0.919032 0.676469
vt 0.325750 0.210286
vt 0.339917 0.224950
vt 0.414790 0.248454
vt 0.927226 0.699006
vt 0.919532 0.695969
vt 0.314621 0.193042
vt 0.394747 0.248454
vt 0.927998 0.717871
vt 0.920257 0.713675
vt 0.949771 0.574442
vt 0.949171 0.595082
vt 0.941459 0.596918
vt 0.942022 0.577546
vt 0.375091 0.244408
vt 0.483863 0.076059
vt 0.469696 0.061394
vt 0.948802 0.616907
vt 0.941112 0.617401
vt 0.356577 0.236472
vt 0.873874 0.868080
vt 0.873448 0.886610
vt 0.865622 0.889873
vt 0.866022 0.872482
vt 0.948677 0.639078
vt 0.940995 0.638209
vt 0.873185 0.907160
vt 0.865375 0.909160
vt 0.948802 0.660742
vt 0.941112 0.658542
vt 0.873096 0.928941
vt 0.865292 0.929602
vt 0.949171 0.681067
vt 0.941459 0.677617
vt 0.873185 0.951115
vt 0.865375 0.950413
vt 0.949771 0.699271
vt 0.942022 0.694703
vt 0.873448 0.972830
vt 0.865622 0.970794
vt 0.339975 0.061395
vt 0.325797 0.076059
vt 0.873874 0.993252
vt 0.866022 0.989961
vt 0.927998 0.574442
vt 0.927226 0.592428
vt 0.919532 0.595941
vt 0.920257 0.579061
vt 0.483815 0.210285
vt 0.494956 0.193042
vt 0.331584 0.134860
vt 0.334402 0.120230
vt 0.404763 0.142317
vt 0.339898 0.178186
vt 0.347902 0.190588
vt 0.397528 0.218041
vt 0.411944 0.218041
vt 0.451434 0.083499
vt 0.306958 0.173882
vt 0.334386 0.164405
vt 0.383391 0.215131
vt 0.461624 0.094047
vt 0.303055 0.153542
vt 0.331579 0.149776
vt 0.370075 0.209422
vt 0.494992 0.093302
vt 0.469628 0.106449
vt 0.303062 0.132803
vt 0.358092 0.201136
vt 0.502655 0.112463
vt 0.475140 0.120230
vt 0.306979 0.112463
vt 0.506558 0.132803
vt 0.477947 0.134859
vt 0.314656 0.093303
vt 0.339923 0.106449
vt 0.506550 0.153541
vt 0.477942 0.149775
vt 0.347936 0.094047
vt 0.502633 0.173882
vt 0.475124 0.164405
vt 0.358133 0.083500
vt 0.469603 0.178186
vt 0.356644 0.049873
vt 0.370122 0.075213
vt 0.461589 0.190588
vt 0.375163 0.041936
vt 0.383443 0.069504
vt 0.451392 0.201135
vt 0.394822 0.037891
vt 0.397582 0.066594
vt 0.439403 0.209422
vt 0.414865 0.037890
vt 0.411998 0.066594
vt 0.426083 0.215131
vt 0.977340 0.675735
vt 0.976250 0.655713
vt 0.981428 0.654979
vt 0.982508 0.674821
vt 0.220104 0.247829
vt 0.198406 0.262882
vt 0.196913 0.259844
vt 0.218076 0.245162
vt 0.983807 0.029596
vt 0.984424 0.006748
vt 0.989583 0.007534
vt 0.988971 0.030178
vt 0.993437 0.009679
vt 0.992840 0.031764
vt 0.236073 0.226475
vt 0.983382 0.054936
vt 0.988549 0.055291
vt 0.992429 0.056258
vt 0.250214 0.204500
vt 0.983165 0.081794
vt 0.988334 0.081909
vt 0.992220 0.082219
vt 0.259954 0.180082
vt 0.983165 0.109138
vt 0.988334 0.109008
vt 0.992220 0.108650
vt 0.264920 0.154160
vt 0.983382 0.135917
vt 0.988549 0.135548
vt 0.992429 0.134535
vt 0.264920 0.127728
vt 0.983807 0.161103
vt 0.988971 0.160508
vt 0.992840 0.158880
vt 0.259954 0.101805
vt 0.984424 0.183727
vt 0.989583 0.182930
vt 0.993437 0.180748
vt 0.250214 0.077385
vt 0.903112 0.025217
vt 0.907552 0.006748
vt 0.912699 0.007804
vt 0.908298 0.026109
vt 0.238557 0.053274
vt 0.253055 0.075808
vt 0.236073 0.055406
vt 0.899475 0.047266
vt 0.904694 0.047960
vt 0.912469 0.028428
vt 0.908955 0.049740
vt 0.218076 0.036715
vt 0.896784 0.072045
vt 0.902027 0.072518
vt 0.906353 0.073692
vt 0.196913 0.022028
vt 0.895140 0.098604
vt 0.900397 0.098839
vt 0.904764 0.099364
vt 0.173398 0.011910
vt 0.894607 0.125921
vt 0.899869 0.125912
vt 0.904248 0.125769
vt 0.148435 0.006751
vt 0.895205 0.152947
vt 0.900462 0.152696
vt 0.904827 0.151892
vt 0.122983 0.006748
vt 0.896912 0.178643
vt 0.902154 0.178161
vt 0.906477 0.176730
vt 0.098020 0.011901
vt 0.899662 0.202021
vt 0.904879 0.201331
vt 0.909135 0.199328
vt 0.074505 0.022013
vt 0.903349 0.222184
vt 0.908533 0.221313
vt 0.912699 0.218817
vt 0.053342 0.036695
vt 0.983685 0.754392
vt 0.984421 0.731367
vt 0.989595 0.732115
vt 0.988865 0.754934
vt 0.993502 0.734209
vt 0.992789 0.756465
vt 0.035345 0.055382
vt 0.983231 0.779853
vt 0.988415 0.780167
vt 0.992351 0.781075
vt 0.021204 0.077357
vt 0.983078 0.806770
vt 0.988264 0.806843
vt 0.992203 0.807094
vt 0.011464 0.101775
vt 0.983231 0.834109
vt 0.988415 0.833938
vt 0.992351 0.833520
vt 0.006498 0.127698
vt 0.983685 0.860821
vt 0.988865 0.860411
vt 0.992789 0.859340
vt 0.006498 0.154129
vt 0.984421 0.885877
vt 0.989595 0.885243
vt 0.993502 0.883559
vt 0.011464 0.180053
vt 0.985413 0.908316
vt 0.990578 0.907481
vt 0.018253 0.206110
vt 0.008267 0.181072
vt 0.021204 0.204473
vt 0.986621 0.927275
vt 0.991776 0.926270
vt 0.032751 0.228644
vt 0.035345 0.226451
vt 0.976250 0.501019
vt 0.977340 0.478846
vt 0.982508 0.479694
vt 0.981428 0.501668
vt 0.051204 0.247809
vt 0.053342 0.245143
vt 0.975441 0.525888
vt 0.980626 0.526315
vt 0.985349 0.503399
vt 0.984566 0.527438
vt 0.074505 0.259829
vt 0.974942 0.552497
vt 0.980132 0.552686
vt 0.984084 0.553158
vt 0.098020 0.269947
vt 0.974774 0.579824
vt 0.979965 0.579768
vt 0.983922 0.579573
vt 0.122983 0.275106
vt 0.974942 0.606819
vt 0.980132 0.606521
vt 0.984084 0.605666
vt 0.148435 0.275109
vt 0.975441 0.632443
vt 0.980626 0.631917
vt 0.984566 0.630435
vt 0.173398 0.269956
vt 0.985349 0.652928
vt 0.190299 0.246994
vt 0.209175 0.233899
vt 0.498562 0.296233
vt 0.515306 0.292954
vt 0.517230 0.297376
vt 0.500960 0.300562
vt 0.501793 0.305946
vt 0.225228 0.217231
vt 0.147474 0.598668
vt 0.166589 0.599420
vt 0.164554 0.603467
vt 0.145982 0.602735
vt 0.237841 0.197631
vt 0.126337 0.598158
vt 0.125443 0.602240
vt 0.246528 0.175851
vt 0.103988 0.597912
vt 0.103729 0.602001
vt 0.250957 0.152730
vt 0.081288 0.597939
vt 0.081672 0.602027
vt 0.250957 0.129155
vt 0.059108 0.598237
vt 0.060121 0.602317
vt 0.246528 0.106032
vt 0.038301 0.598795
vt 0.039904 0.602859
vt 0.237841 0.084251
vt 0.243331 0.107052
vt 0.234890 0.085889
vt 0.021798 0.603634
vt 0.225228 0.064648
vt 0.222635 0.066841
vt 0.006498 0.604610
vt 0.209175 0.047976
vt 0.207037 0.050642
vt 0.295805 0.881023
vt 0.277916 0.880086
vt 0.190300 0.034876
vt 0.314789 0.885808
vt 0.294140 0.885095
vt 0.315868 0.881715
vt 0.169326 0.025852
vt 0.336883 0.886241
vt 0.337335 0.882136
vt 0.147060 0.021250
vt 0.359572 0.886378
vt 0.359381 0.882270
vt 0.124358 0.021247
vt 0.381985 0.886214
vt 0.381159 0.882110
vt 0.102092 0.025844
vt 0.403261 0.885756
vt 0.401832 0.881665
vt 0.081118 0.034863
vt 0.422582 0.885019
vt 0.420605 0.880949
vt 0.062243 0.047958
vt 0.082611 0.037901
vt 0.064271 0.050625
vt 0.436756 0.879992
vt 0.046190 0.064626
vt 0.706726 0.576234
vt 0.687756 0.575688
vt 0.689820 0.571685
vt 0.708253 0.572216
vt 0.033577 0.084227
vt 0.727766 0.576608
vt 0.728696 0.572579
vt 0.024890 0.106006
vt 0.750066 0.576795
vt 0.750364 0.572761
vt 0.020461 0.129127
vt 0.772770 0.576788
vt 0.772424 0.572754
vt 0.020461 0.152702
vt 0.795004 0.576587
vt 0.794028 0.572558
vt 0.024890 0.175825
vt 0.815916 0.576199
vt 0.814346 0.572181
vt 0.033577 0.197606
vt 0.834700 0.575640
vt 0.832598 0.571638
vt 0.046190 0.217210
vt 0.036418 0.196030
vt 0.048673 0.215077
vt 0.659863 0.300562
vt 0.674759 0.304444
vt 0.673735 0.309787
vt 0.062243 0.233881
vt 0.643799 0.292954
vt 0.662102 0.296233
vt 0.642079 0.297376
vt 0.081119 0.246981
vt 0.623227 0.290518
vt 0.622091 0.295008
vt 0.102092 0.256005
vt 0.601178 0.289017
vt 0.600667 0.293550
vt 0.124358 0.260607
vt 0.578497 0.288511
vt 0.578629 0.293058
vt 0.147060 0.260610
vt 0.556057 0.289017
vt 0.556825 0.293550
vt 0.169326 0.256013
vt 0.534720 0.290518
vt 0.536093 0.295008
vt 0.562771 0.066935
vt 0.573349 0.050492
vt 0.648451 0.114487
vt 0.498712 0.562760
vt 0.515849 0.568171
vt 0.500028 0.571269
vt 0.518890 0.575158
vt 0.503818 0.578110
vt 0.729062 0.183129
vt 0.714616 0.198132
vt 0.710090 0.192466
vt 0.723554 0.178482
vt 0.162632 0.880077
vt 0.144572 0.879366
vt 0.159417 0.886472
vt 0.142213 0.885794
vt 0.740412 0.165486
vt 0.734132 0.162040
vt 0.124600 0.878885
vt 0.123188 0.885336
vt 0.748229 0.145883
vt 0.741417 0.143770
vt 0.103484 0.878652
vt 0.103073 0.885114
vt 0.752213 0.125073
vt 0.745130 0.124375
vt 0.082035 0.878677
vt 0.082642 0.885138
vt 0.752210 0.103855
vt 0.745128 0.104600
vt 0.061078 0.878959
vt 0.062679 0.885406
vt 0.748221 0.083044
vt 0.741410 0.085205
vt 0.041418 0.879487
vt 0.043951 0.885909
vt 0.740399 0.063441
vt 0.734120 0.066935
vt 0.023811 0.880240
vt 0.733132 0.042315
vt 0.745051 0.060836
vt 0.729044 0.045799
vt 0.723537 0.050492
vt 0.008933 0.881189
vt 0.717962 0.026565
vt 0.714594 0.030795
vt 0.710070 0.036509
vt 0.280898 0.603579
vt 0.298294 0.604490
vt 0.700124 0.014190
vt 0.697603 0.019007
vt 0.694234 0.025523
vt 0.317804 0.605164
vt 0.300925 0.598055
vt 0.319510 0.598696
vt 0.678723 0.010887
vt 0.676639 0.017955
vt 0.338680 0.605573
vt 0.339395 0.599086
vt 0.658682 0.006748
vt 0.657960 0.014097
vt 0.360118 0.605703
vt 0.359817 0.599210
vt 0.638249 0.006748
vt 0.638917 0.014097
vt 0.381296 0.605548
vt 0.379990 0.599062
vt 0.618208 0.010887
vt 0.620239 0.017955
vt 0.401398 0.605114
vt 0.399139 0.598649
vt 0.599331 0.019007
vt 0.602646 0.025523
vt 0.419654 0.604419
vt 0.416529 0.597986
vt 0.582343 0.030795
vt 0.586813 0.036509
vt 0.435360 0.603488
vt 0.563960 0.042315
vt 0.579126 0.026565
vt 0.567896 0.045799
vt 0.691770 0.294879
vt 0.709695 0.295396
vt 0.695033 0.288553
vt 0.712107 0.289045
vt 0.556546 0.063441
vt 0.729574 0.295749
vt 0.731044 0.289382
vt 0.548729 0.083044
vt 0.555485 0.085205
vt 0.750645 0.295926
vt 0.751115 0.289550
vt 0.544746 0.103855
vt 0.551773 0.104600
vt 0.772097 0.295919
vt 0.771550 0.289543
vt 0.544748 0.125073
vt 0.551775 0.124375
vt 0.793106 0.295729
vt 0.791563 0.289362
vt 0.548737 0.145883
vt 0.555493 0.143770
vt 0.812864 0.295363
vt 0.810384 0.289013
vt 0.556560 0.165486
vt 0.562783 0.162040
vt 0.830613 0.294835
vt 0.827291 0.288511
vt 0.567914 0.183129
vt 0.573365 0.178482
vt 0.670654 0.566601
vt 0.669036 0.575044
vt 0.654551 0.571269
vt 0.579149 0.202233
vt 0.563979 0.186482
vt 0.582365 0.198132
vt 0.586833 0.192466
vt 0.637257 0.568171
vt 0.651013 0.578110
vt 0.634540 0.575158
vt 0.599356 0.209920
vt 0.602669 0.203452
vt 0.617820 0.565869
vt 0.616024 0.572965
vt 0.618235 0.218040
vt 0.620264 0.211020
vt 0.596986 0.564451
vt 0.596178 0.571615
vt 0.638277 0.222180
vt 0.638943 0.214878
vt 0.575556 0.563972
vt 0.575765 0.571159
vt 0.658710 0.222180
vt 0.657986 0.214878
vt 0.554353 0.564451
vt 0.555567 0.571615
vt 0.678750 0.218040
vt 0.676664 0.211020
vt 0.534193 0.565869
vt 0.536363 0.572965
vt 0.697627 0.209920
vt 0.694257 0.203452
vt 0.179533 0.609766
vt 0.179533 0.872523
s 1
usemtl None
f 6/1/1 21/2/2 18/3/3 1/4/4
f 10/5/5 25/6/6 22/7/7 5/8/8
f 14/9/9 29/10/10 26/11/11 9/12/12
f 17/13/13 33/14/14 45/15/15 30/16/16
f 21/2/2 38/17/17 34/18/18 18/3/3
f 25/6/6 41/19/19 37/20/20 22/7/7
f 29/10/10 46/21/21 42/22/22 26/11/11
f 38/17/17 54/23/23 49/24/24 34/18/18
f 41/19/19 57/25/25 53/26/26 37/20/20
f 33/14/14 50/27/27 62/28/28 45/15/15
f 46/21/21 61/29/29 58/30/30 42/22/22
f 54/31/23 69/32/31 65/33/32 49/34/24
f 57/25/25 74/35/33 70/36/34 53/26/26
f 50/27/27 66/37/35 78/38/36 62/28/28
f 61/39/29 77/40/37 73/41/38 58/42/30
f 66/37/35 81/43/39 94/44/40 78/38/36
f 69/32/31 85/45/41 82/46/42 65/33/32
f 74/35/33 89/47/43 86/48/44 70/36/34
f 77/40/37 93/49/45 90/50/46 73/41/38
f 81/43/39 98/51/47 109/52/48 94/44/40
f 85/45/41 102/53/49 97/54/50 82/46/42
f 89/47/43 106/55/51 101/56/52 86/48/44
f 93/49/45 110/57/53 105/58/54 90/50/46
f 98/51/47 113/59/55 125/60/56 109/52/48
f 102/53/49 118/61/57 114/62/58 97/54/50
f 106/55/51 121/63/59 117/64/60 101/56/52
f 110/57/53 126/65/61 122/66/62 105/58/54
f 118/61/57 133/67/63 129/68/64 114/62/58
f 121/63/59 138/69/65 134/70/66 117/64/60
f 113/59/55 130/71/67 142/72/68 125/60/56
f 126/65/61 141/73/69 137/74/70 122/66/62
f 130/71/67 145/75/71 157/76/72 142/72/68
f 133/67/63 150/77/73 146/78/74 129/68/64
f 138/69/65 153/79/75 149/80/76 134/70/66
f 141/73/69 158/81/77 154/82/78 137/74/70
f 145/75/71 161/83/79 174/84/80 157/76/72
f 150/77/73 165/85/81 162/86/82 146/78/74
f 153/79/75 169/87/83 166/88/84 149/80/76
f 158/81/77 173/89/85 170/90/86 154/82/78
f 165/91/81 181/92/87 177/93/88 162/94/82
f 169/87/83 185/95/89 182/96/90 166/88/84
f 161/83/79 178/97/91 190/98/92 174/84/80
f 173/99/85 189/100/93 186/101/94 170/102/86
f 181/92/87 198/103/95 194/104/96 177/93/88
f 185/95/89 201/105/97 197/106/98 182/96/90
f 178/97/91 193/107/99 206/108/100 190/98/92
f 189/100/93 205/109/101 202/110/102 186/101/94
f 198/103/95 213/111/103 209/112/104 194/104/96
f 201/105/97 218/113/105 214/114/106 197/106/98
f 193/107/99 210/115/107 222/116/108 206/108/100
f 205/109/101 221/117/109 217/118/110 202/110/102
f 210/115/107 225/119/111 238/120/112 222/116/108
f 213/111/103 229/121/113 226/122/114 209/112/104
f 218/113/105 233/123/115 230/124/116 214/114/106
f 221/117/109 237/125/117 234/126/118 217/118/110
f 202/110/102 217/118/110 219/127/119 204/128/120
f 204/128/120 219/127/119 220/129/121 203/130/122
f 203/131/122 220/132/121 218/113/105 201/105/97
f 114/133/58 129/134/64 131/135/123 116/136/124
f 116/136/124 131/135/123 132/137/125 115/138/126
f 115/138/126 132/137/125 130/71/67 113/59/55
f 194/104/96 209/112/104 211/139/127 196/140/128
f 196/140/128 211/139/127 212/141/129 195/142/130
f 195/143/130 212/144/129 210/115/107 193/107/99
f 186/101/94 202/110/102 204/128/120 188/145/131
f 188/145/131 204/128/120 203/130/122 187/146/132
f 187/147/132 203/131/122 201/105/97 185/95/89
f 94/148/40 109/149/48 111/150/133 96/151/134
f 96/151/134 111/150/133 112/152/135 95/153/136
f 95/153/136 112/152/135 110/57/53 93/49/45
f 170/102/86 186/101/94 188/145/131 172/154/137
f 172/155/137 188/156/131 187/147/132 171/157/138
f 171/157/138 187/147/132 185/95/89 169/87/83
f 86/158/44 101/159/52 103/160/139 88/161/140
f 88/161/140 103/160/139 104/162/141 87/163/142
f 87/163/142 104/162/141 102/164/49 85/165/41
f 162/94/82 177/93/88 179/166/143 164/167/144
f 164/168/144 179/169/143 180/170/145 163/171/146
f 163/171/146 180/170/145 178/97/91 161/83/79
f 70/172/34 86/158/44 88/161/140 72/173/147
f 72/173/147 88/161/140 87/163/142 71/174/148
f 71/174/148 87/163/142 85/165/41 69/175/31
f 30/16/16 45/15/15 47/176/149 32/177/150
f 32/178/150 47/179/149 48/180/151 31/181/152
f 31/181/152 48/180/151 46/21/21 29/10/10
f 142/182/68 157/183/72 159/184/153 144/185/154
f 144/185/154 159/184/153 160/186/155 143/187/156
f 143/187/156 160/186/155 158/81/77 141/73/69
f 214/114/106 230/124/116 232/188/157 216/189/158
f 216/190/158 232/191/157 231/192/159 215/193/160
f 215/193/160 231/192/159 229/194/113 213/195/103
f 58/30/30 73/196/38 75/197/161 60/198/162
f 60/199/162 75/200/161 76/201/163 59/202/164
f 59/202/164 76/201/163 74/35/33 57/25/25
f 22/7/7 37/20/20 39/203/165 24/204/166
f 24/205/166 39/206/165 40/207/167 23/208/168
f 23/208/168 40/207/167 38/209/17 21/210/2
f 134/211/66 149/212/76 151/213/169 136/214/170
f 136/214/170 151/213/169 152/215/171 135/216/172
f 135/216/172 152/215/171 150/217/73 133/218/63
f 177/93/88 194/104/96 196/140/128 179/166/143
f 179/166/143 196/140/128 195/142/130 180/219/145
f 180/170/145 195/143/130 193/107/99 178/97/91
f 5/8/8 22/7/7 24/204/166 7/220/173
f 7/220/173 24/204/166 23/221/168 8/222/174
f 8/223/174 23/208/168 21/210/2 6/224/1
f 42/22/22 58/30/30 60/198/162 44/225/175
f 44/225/175 60/198/162 59/226/164 43/227/176
f 43/228/176 59/202/164 57/25/25 41/19/19
f 78/229/36 94/148/40 96/151/134 80/230/177
f 80/230/177 96/151/134 95/153/136 79/231/178
f 79/231/178 95/153/136 93/49/45 77/40/37
f 34/18/18 49/24/24 51/232/179 36/233/180
f 36/234/180 51/235/179 52/236/181 35/237/182
f 35/237/182 52/236/181 50/27/27 33/14/14
f 222/116/108 238/120/112 240/238/183 224/239/184
f 224/240/184 240/241/183 239/242/185 223/243/186
f 223/243/186 239/242/185 237/125/117 221/117/109
f 101/159/52 117/244/60 119/245/187 103/160/139
f 103/160/139 119/245/187 120/246/188 104/162/141
f 104/162/141 120/246/188 118/247/57 102/164/49
f 122/248/62 137/249/70 139/250/189 124/251/190
f 124/251/190 139/250/189 140/252/191 123/253/192
f 123/253/192 140/252/191 138/69/65 121/63/59
f 13/254/193 30/16/16 32/177/150 15/255/194
f 15/256/194 32/178/150 31/181/152 16/257/195
f 16/257/195 31/181/152 29/10/10 14/9/9
f 49/258/24 65/259/32 67/260/196 51/235/179
f 51/235/179 67/260/196 68/261/197 52/236/181
f 52/236/181 68/261/197 66/37/35 50/27/27
f 182/262/90 197/263/98 199/264/198 184/265/199
f 184/266/199 199/267/198 200/268/200 183/269/201
f 183/269/201 200/268/200 198/270/95 181/271/87
f 146/272/74 162/273/82 164/168/144 148/274/202
f 148/274/202 164/168/144 163/171/146 147/275/203
f 147/275/203 163/171/146 161/83/79 145/75/71
f 154/276/78 170/277/86 172/155/137 156/278/204
f 156/278/204 172/155/137 171/157/138 155/279/205
f 155/279/205 171/157/138 169/87/83 153/79/75
f 109/149/48 125/280/56 127/281/206 111/150/133
f 111/150/133 127/281/206 128/282/207 112/152/135
f 112/152/135 128/282/207 126/65/61 110/57/53
f 82/283/42 97/284/50 99/285/208 84/286/209
f 84/286/209 99/285/208 100/287/210 83/288/211
f 83/288/211 100/287/210 98/51/47 81/43/39
f 206/108/100 222/116/108 224/239/184 208/289/212
f 208/290/212 224/240/184 223/243/186 207/291/213
f 207/291/213 223/243/186 221/117/109 205/109/101
f 90/292/46 105/293/54 107/294/214 92/295/215
f 92/295/215 107/294/214 108/296/216 91/297/217
f 91/297/217 108/296/216 106/55/51 89/47/43
f 190/98/92 206/108/100 208/289/212 192/298/218
f 192/299/218 208/290/212 207/291/213 191/300/219
f 191/300/219 207/291/213 205/109/101 189/100/93
f 18/3/3 34/18/18 36/233/180 20/301/220
f 20/301/220 36/233/180 35/302/182 19/303/221
f 19/304/221 35/237/182 33/14/14 17/13/13
f 197/106/98 214/114/106 216/189/158 199/305/198
f 199/267/198 216/190/158 215/193/160 200/268/200
f 200/268/200 215/193/160 213/195/103 198/270/95
f 26/11/11 42/22/22 44/225/175 28/306/222
f 28/306/222 44/225/175 43/227/176 27/307/223
f 27/308/223 43/228/176 41/19/19 25/6/6
f 174/309/80 190/310/92 192/311/218 176/312/224
f 176/312/224 192/311/218 191/313/219 175/314/225
f 175/315/225 191/300/219 189/100/93 173/99/85
f 137/249/70 154/276/78 156/278/204 139/250/189
f 139/250/189 156/278/204 155/279/205 140/252/191
f 140/252/191 155/279/205 153/79/75 138/69/65
f 166/316/84 182/262/90 184/265/199 168/317/226
f 168/317/226 184/265/199 183/318/201 167/319/227
f 167/320/227 183/269/201 181/271/87 165/321/81
f 129/134/64 146/272/74 148/274/202 131/135/123
f 131/135/123 148/274/202 147/275/203 132/137/125
f 132/137/125 147/275/203 145/75/71 130/71/67
f 117/244/60 134/211/66 136/214/170 119/245/187
f 119/245/187 136/214/170 135/216/172 120/246/188
f 120/246/188 135/216/172 133/218/63 118/247/57
f 37/322/20 53/323/26 55/324/228 39/325/165
f 39/325/165 55/324/228 56/326/229 40/327/167
f 40/207/167 56/328/229 54/329/23 38/209/17
f 73/330/38 90/292/46 92/295/215 75/200/161
f 75/200/161 92/295/215 91/297/217 76/201/163
f 76/201/163 91/297/217 89/47/43 74/35/33
f 62/331/28 78/229/36 80/230/177 64/332/230
f 64/332/230 80/230/177 79/231/178 63/333/231
f 63/333/231 79/231/178 77/40/37 61/39/29
f 65/259/32 82/283/42 84/286/209 67/260/196
f 67/260/196 84/286/209 83/288/211 68/261/197
f 68/261/197 83/288/211 81/43/39 66/37/35
f 209/112/104 226/122/114 228/334/232 211/139/127
f 211/139/127 228/334/232 227/335/233 212/141/129
f 212/336/129 227/337/233 225/338/111 210/339/107
f 53/323/26 70/172/34 72/173/147 55/324/228
f 55/324/228 72/173/147 71/174/148 56/326/229
f 56/326/229 71/174/148 69/175/31 54/340/23
f 217/118/110 234/126/118 236/341/234 219/127/119
f 219/127/119 236/341/234 235/342/235 220/129/121
f 220/343/121 235/344/235 233/345/115 218/346/105
f 125/280/56 142/182/68 144/185/154 127/281/206
f 127/281/206 144/185/154 143/187/156 128/282/207
f 128/282/207 143/187/156 141/73/69 126/65/61
f 9/12/12 26/11/11 28/306/222 11/347/236
f 11/347/236 28/306/222 27/307/223 12/348/237
f 12/349/237 27/350/223 25/351/6 10/352/5
f 149/212/76 166/316/84 168/317/226 151/213/169
f 151/213/169 168/317/226 167/319/227 152/215/171
f 152/215/171 167/319/227 165/353/81 150/217/73
f 45/354/15 62/331/28 64/332/230 47/355/149
f 47/355/149 64/332/230 63/333/231 48/356/151
f 48/180/151 63/357/231 61/29/29 46/21/21
f 1/4/4 18/3/3 20/301/220 3/358/238
f 3/358/238 20/301/220 19/303/221 4/359/239
f 4/360/239 19/361/221 17/362/13 2/363/240
f 105/293/54 122/248/62 124/251/190 107/294/214
f 107/294/214 124/251/190 123/253/192 108/296/216
f 108/296/216 123/253/192 121/63/59 106/55/51
f 97/284/50 114/133/58 116/136/124 99/285/208
f 99/285/208 116/136/124 115/138/126 100/287/210
f 100/287/210 115/138/126 113/59/55 98/51/47
f 157/183/72 174/309/80 176/312/224 159/184/153
f 159/184/153 176/312/224 175/314/225 160/186/155
f 160/186/155 175/314/225 173/89/85 158/81/77
f 2/364/240 17/13/13 30/16/16 13/254/193
f 250/365/241 602/366/242 606/367/243 254/368/244
f 254/368/244 606/367/243 610/369/245 258/370/246
f 258/370/246 610/369/245 614/371/247 262/372/248
f 262/372/248 614/371/247 618/373/249 266/374/250
f 266/374/250 618/373/249 622/375/251 270/376/252
f 270/376/252 622/375/251 626/377/253 274/378/254
f 274/379/254 626/380/253 630/381/255 278/382/256
f 278/383/256 630/384/255 634/385/257 282/386/258
f 282/386/258 634/385/257 638/387/259 286/388/260
f 286/388/260 638/387/259 642/389/261 290/390/262
f 290/390/262 642/389/261 646/391/263 294/392/264
f 294/392/264 646/391/263 650/393/265 298/394/266
f 298/394/266 650/393/265 654/395/267 302/396/268
f 302/396/268 654/395/267 658/397/269 306/398/270
f 306/399/270 658/400/269 662/401/271 310/402/272
f 310/402/272 662/401/271 666/403/273 314/404/274
f 314/404/274 666/403/273 670/405/275 318/406/276
f 318/406/276 670/405/275 674/407/277 322/408/278
f 322/408/278 674/407/277 678/409/279 326/410/280
f 326/410/280 678/409/279 682/411/281 330/412/282
f 330/412/282 682/411/281 686/413/283 334/414/284
f 334/414/284 686/413/283 690/415/285 338/416/286
f 338/416/286 690/415/285 694/417/287 342/418/288
f 342/419/288 694/420/287 698/421/289 346/422/290
f 346/422/290 698/421/289 702/423/291 350/424/292
f 350/424/292 702/423/291 706/425/293 354/426/294
f 354/426/294 706/425/293 710/427/295 358/428/296
f 358/428/296 710/427/295 714/429/297 362/430/298
f 362/430/298 714/429/297 718/431/299 366/432/300
f 569/433/301 565/434/302 822/435/303 826/436/257
f 366/432/300 718/431/299 597/437/304 242/438/305
f 246/439/306 594/440/307 602/366/242 250/365/241
f 477/441/308 473/442/309 730/443/273 734/444/275
f 481/445/310 477/441/308 734/444/275 738/446/277
f 485/447/311 481/445/310 738/446/277 742/448/279
f 489/449/312 485/447/311 742/448/279 746/450/281
f 493/451/313 489/449/312 746/450/281 750/452/283
f 497/453/314 493/451/313 750/452/283 754/454/285
f 501/455/315 497/453/314 754/454/285 758/456/287
f 505/457/316 501/458/315 758/459/287 762/460/289
f 509/461/317 505/457/316 762/460/289 766/462/291
f 513/463/318 509/461/317 766/462/291 770/464/293
f 517/465/319 513/463/318 770/464/293 774/466/295
f 521/467/320 517/465/319 774/466/295 778/468/297
f 525/469/321 521/467/320 778/468/297 782/470/299
f 529/471/322 525/469/321 782/470/299 786/472/304
f 533/473/323 529/471/322 786/472/304 790/474/307
f 537/475/324 533/476/323 790/477/307 794/478/242
f 541/479/325 537/475/324 794/478/242 798/480/243
f 545/481/326 541/479/325 798/480/243 802/482/245
f 549/483/327 545/481/326 802/482/245 806/484/247
f 553/485/328 549/483/327 806/484/247 810/486/249
f 557/487/329 553/485/328 810/486/249 814/488/251
f 561/489/330 557/487/329 814/488/251 818/490/253
f 558/491/331 562/492/332 689/493/333 685/494/334
f 565/495/302 561/489/330 818/490/253 822/496/303
f 573/497/335 569/433/301 826/436/257 830/498/259
f 577/499/336 573/497/335 830/498/259 834/500/261
f 581/501/337 577/499/336 834/500/261 838/502/263
f 585/503/338 581/501/337 838/502/263 842/504/265
f 589/505/339 585/503/338 842/504/265 846/506/267
f 242/438/305 597/437/304 594/507/307 246/508/306
f 466/509/340 589/505/339 846/506/267 725/510/269
f 473/442/309 469/511/341 722/512/271 730/443/273
f 506/513/342 510/514/343 637/515/344 633/516/345
f 562/492/332 566/517/346 693/518/347 689/493/333
f 510/514/343 514/519/348 641/520/349 637/515/344
f 566/517/346 570/521/350 697/522/351 693/518/347
f 514/519/348 518/523/352 645/524/353 641/520/349
f 570/521/350 574/525/354 701/526/355 697/522/351
f 518/523/352 522/527/356 649/528/357 645/524/353
f 465/529/358 470/530/359 593/531/360 598/532/361
f 574/525/354 578/533/362 705/534/363 701/526/355
f 522/527/356 526/535/364 653/536/365 649/528/357
f 470/530/359 474/537/366 601/538/367 593/531/360
f 578/533/362 582/539/368 709/540/369 705/534/363
f 526/535/364 530/541/370 657/542/371 653/536/365
f 474/537/366 478/543/372 605/544/373 601/538/367
f 582/539/368 586/545/374 713/546/375 709/540/369
f 530/541/370 534/547/376 661/548/377 657/542/371
f 478/543/372 482/549/378 609/550/379 605/544/373
f 586/545/374 590/551/380 717/552/381 713/546/375
f 534/547/376 538/553/382 665/554/383 661/548/377
f 482/549/378 486/555/384 613/556/385 609/550/379
f 590/551/380 465/529/358 598/532/361 717/552/381
f 538/553/382 542/557/386 669/558/387 665/554/383
f 486/555/384 490/559/388 617/560/389 613/556/385
f 542/557/386 546/561/390 673/562/391 669/558/387
f 490/559/388 494/563/392 621/564/393 617/560/389
f 546/561/390 550/565/394 677/566/395 673/562/391
f 494/563/392 498/567/396 625/568/397 621/564/393
f 550/565/394 554/569/398 681/570/399 677/566/395
f 498/567/396 502/571/400 629/572/401 625/568/397
f 554/569/398 558/491/331 685/494/334 681/570/399
f 502/571/400 506/513/342 633/516/345 629/572/401
f 242/573/305 246/574/306 248/575/402 244/576/403
f 244/577/403 248/578/402 247/579/404 243/580/405
f 243/580/405 247/579/404 245/581/406 241/582/407
f 246/583/306 250/584/241 252/585/408 248/586/402
f 248/578/402 252/587/408 251/588/409 247/579/404
f 247/579/404 251/588/409 249/589/410 245/581/406
f 250/584/241 254/590/244 256/591/411 252/585/408
f 252/585/408 256/591/411 255/592/412 251/593/409
f 251/588/409 255/594/412 253/595/413 249/589/410
f 254/590/244 258/596/246 260/597/414 256/591/411
f 256/591/411 260/597/414 259/598/415 255/592/412
f 255/594/412 259/599/415 257/600/416 253/595/413
f 258/596/246 262/601/248 264/602/417 260/597/414
f 260/597/414 264/602/417 263/603/418 259/598/415
f 259/599/415 263/604/418 261/605/419 257/600/416
f 262/601/248 266/606/250 268/607/420 264/602/417
f 264/602/417 268/607/420 267/608/421 263/603/418
f 263/604/418 267/609/421 265/610/422 261/605/419
f 266/606/250 270/611/252 272/612/423 268/607/420
f 268/613/420 272/614/423 271/615/424 267/609/421
f 267/609/421 271/615/424 269/616/425 265/610/422
f 270/611/252 274/617/254 276/618/426 272/612/423
f 272/614/423 276/619/426 275/620/427 271/615/424
f 271/615/424 275/620/427 273/621/428 269/616/425
f 274/617/254 278/622/256 280/623/429 276/618/426
f 276/619/426 280/624/429 279/625/430 275/620/427
f 275/620/427 279/625/430 277/626/431 273/621/428
f 278/627/256 282/628/258 284/629/432 280/630/429
f 280/624/429 284/631/432 283/632/433 279/625/430
f 279/625/430 283/632/433 281/633/434 277/626/431
f 282/628/258 286/634/260 288/635/435 284/629/432
f 284/631/432 288/636/435 287/637/436 283/632/433
f 283/632/433 287/637/436 285/638/437 281/633/434
f 286/634/260 290/639/262 292/640/438 288/635/435
f 288/636/435 292/641/438 291/642/439 287/637/436
f 287/637/436 291/642/439 289/643/440 285/638/437
f 290/639/262 294/644/264 296/645/441 292/640/438
f 292/641/438 296/646/441 295/647/442 291/642/439
f 291/642/439 295/647/442 293/648/443 289/643/440
f 294/644/264 298/649/266 300/650/444 296/645/441
f 296/646/441 300/651/444 299/652/445 295/647/442
f 295/647/442 299/652/445 297/653/446 293/648/443
f 298/649/266 302/654/268 304/655/447 300/650/444
f 300/651/444 304/656/447 303/657/448 299/652/445
f 299/652/445 303/657/448 301/658/449 297/653/446
f 302/654/268 306/659/270 308/660/450 304/655/447
f 304/656/447 308/661/450 307/662/451 303/657/448
f 303/657/448 307/662/451 305/663/452 301/658/449
f 306/664/270 310/665/272 312/666/453 308/667/450
f 308/661/450 312/668/453 311/669/454 307/662/451
f 307/662/451 311/669/454 309/670/455 305/663/452
f 310/665/272 314/671/274 316/672/456 312/666/453
f 312/668/453 316/673/456 315/674/457 311/669/454
f 311/669/454 315/674/457 313/675/458 309/670/455
f 314/671/274 318/676/276 320/677/459 316/672/456
f 316/673/456 320/678/459 319/679/460 315/674/457
f 315/674/457 319/679/460 317/680/461 313/675/458
f 318/676/276 322/681/278 324/682/462 320/677/459
f 320/677/459 324/682/462 323/683/463 319/684/460
f 319/679/460 323/685/463 321/686/464 317/680/461
f 322/681/278 326/687/280 328/688/465 324/682/462
f 324/682/462 328/688/465 327/689/466 323/683/463
f 323/685/463 327/690/466 325/691/467 321/686/464
f 326/687/280 330/692/282 332/693/468 328/688/465
f 328/688/465 332/693/468 331/694/469 327/689/466
f 327/690/466 331/695/469 329/696/470 325/691/467
f 330/692/282 334/697/284 336/698/471 332/693/468
f 332/693/468 336/698/471 335/699/472 331/694/469
f 331/695/469 335/700/472 333/701/473 329/696/470
f 334/697/284 338/702/286 340/703/474 336/698/471
f 336/704/471 340/705/474 339/706/475 335/700/472
f 335/700/472 339/706/475 337/707/476 333/701/473
f 338/702/286 342/708/288 344/709/477 340/703/474
f 340/705/474 344/710/477 343/711/478 339/706/475
f 339/706/475 343/711/478 341/712/479 337/707/476
f 342/713/288 346/714/290 348/715/480 344/716/477
f 344/710/477 348/717/480 347/718/481 343/711/478
f 343/711/478 347/718/481 345/719/482 341/712/479
f 346/714/290 350/720/292 352/721/483 348/715/480
f 348/715/480 352/721/483 351/722/484 347/723/481
f 347/718/481 351/724/484 349/725/485 345/719/482
f 350/720/292 354/726/294 356/727/486 352/721/483
f 352/721/483 356/727/486 355/728/487 351/722/484
f 351/724/484 355/729/487 353/730/488 349/725/485
f 354/726/294 358/731/296 360/732/489 356/727/486
f 356/727/486 360/732/489 359/733/490 355/728/487
f 355/729/487 359/734/490 357/735/491 353/730/488
f 358/731/296 362/736/298 364/737/492 360/732/489
f 360/732/489 364/737/492 363/738/493 359/733/490
f 359/734/490 363/739/493 361/740/494 357/735/491
f 362/736/298 366/741/300 368/742/495 364/737/492
f 364/737/492 368/742/495 367/743/496 363/738/493
f 363/739/493 367/744/496 365/745/497 361/740/494
f 366/741/300 242/573/305 244/576/403 368/742/495
f 368/746/495 244/577/403 243/580/405 367/744/496
f 367/744/496 243/580/405 241/582/407 365/745/497
f 289/643/440 293/648/443 382/747/498 381/748/499
f 380/749/500 381/750/499 413/751/501 412/752/502
f 297/653/446 301/658/449 384/753/503 383/754/504
f 305/663/452 309/670/455 386/755/505 385/756/506
f 313/675/458 317/680/461 388/757/507 387/758/508
f 321/686/464 325/691/467 390/759/509 389/760/510
f 329/696/470 333/701/473 392/761/511 391/762/512
f 245/581/406 249/589/410 371/763/513 369/764/514
f 337/707/476 341/712/479 394/765/515 393/766/516
f 253/595/413 257/600/416 373/767/517 372/768/518
f 345/719/482 349/725/485 396/769/519 395/770/520
f 261/605/419 265/610/422 375/771/521 374/772/522
f 353/730/488 357/735/491 398/773/523 397/774/524
f 269/616/425 273/621/428 377/775/525 376/776/526
f 361/740/494 365/745/497 400/777/527 399/778/528
f 277/626/431 281/633/434 379/779/529 378/780/530
f 285/638/437 289/643/440 381/748/499 380/781/500
f 293/648/443 297/653/446 383/754/504 382/747/498
f 301/658/449 305/663/452 385/756/506 384/753/503
f 309/670/455 313/675/458 387/758/508 386/755/505
f 317/680/461 321/686/464 389/760/510 388/757/507
f 365/745/497 241/582/407 370/782/531 400/777/527
f 325/691/467 329/696/470 391/762/512 390/759/509
f 241/582/407 245/581/406 369/764/514 370/782/531
f 333/701/473 337/707/476 393/766/516 392/761/511
f 249/589/410 253/595/413 372/768/518 371/763/513
f 341/712/479 345/719/482 395/770/520 394/765/515
f 257/600/416 261/605/419 374/772/522 373/767/517
f 349/725/485 353/730/488 397/774/524 396/769/519
f 265/610/422 269/616/425 376/776/526 375/771/521
f 357/735/491 361/740/494 399/778/528 398/773/523
f 273/621/428 277/626/431 378/780/530 377/775/525
f 281/633/434 285/638/437 380/781/500 379/779/529
f 415/783/532 416/784/533 448/785/534 447/786/535
f 394/765/515 395/770/520 427/787/536 426/788/537
f 381/750/499 382/789/498 414/790/538 413/751/501
f 395/770/520 396/769/519 428/791/539 427/787/536
f 382/789/498 383/792/504 415/793/532 414/790/538
f 370/782/531 369/764/514 401/794/540 402/795/541
f 396/769/519 397/774/524 429/796/542 428/791/539
f 383/792/504 384/797/503 416/798/533 415/793/532
f 369/764/514 371/763/513 403/799/543 401/794/540
f 397/774/524 398/773/523 430/800/544 429/796/542
f 384/797/503 385/801/506 417/802/545 416/798/533
f 371/803/513 372/804/518 404/805/546 403/806/543
f 398/773/523 399/778/528 431/807/547 430/800/544
f 385/756/506 386/755/505 418/808/548 417/809/545
f 372/804/518 373/810/517 405/811/549 404/805/546
f 399/778/528 400/777/527 432/812/550 431/807/547
f 386/813/505 387/814/508 419/815/551 418/816/548
f 373/810/517 374/817/522 406/818/552 405/811/549
f 400/777/527 370/782/531 402/795/541 432/812/550
f 387/814/508 388/819/507 420/820/553 419/815/551
f 374/817/522 375/821/521 407/822/554 406/818/552
f 388/819/507 389/823/510 421/824/555 420/820/553
f 375/821/521 376/825/526 408/826/556 407/822/554
f 389/823/510 390/827/509 422/828/557 421/824/555
f 376/825/526 377/829/525 409/830/558 408/826/556
f 390/827/509 391/831/512 423/832/559 422/828/557
f 377/775/525 378/780/530 410/833/560 409/834/558
f 391/831/512 392/835/511 424/836/561 423/832/559
f 378/837/530 379/838/529 411/839/562 410/840/560
f 392/761/511 393/766/516 425/841/563 424/842/561
f 379/838/529 380/749/500 412/752/502 411/839/562
f 393/766/516 394/765/515 426/788/537 425/841/563
f 438/843/564 439/844/565 850/845/566
f 401/794/540 403/799/543 435/846/567 433/847/568
f 429/796/542 430/800/544 462/848/569 461/849/570
f 416/784/533 417/809/545 449/850/571 448/785/534
f 403/799/543 404/851/546 436/852/572 435/846/567
f 430/800/544 431/807/547 463/853/573 462/848/569
f 417/809/545 418/808/548 450/854/574 449/850/571
f 404/851/546 405/855/549 437/856/575 436/852/572
f 431/807/547 432/812/550 464/857/576 463/853/573
f 418/808/548 419/858/551 451/859/577 450/854/574
f 405/855/549 406/860/552 438/843/564 437/856/575
f 432/812/550 402/795/541 434/861/578 464/857/576
f 419/858/551 420/862/553 452/863/579 451/859/577
f 406/860/552 407/864/554 439/844/565 438/843/564
f 420/862/553 421/865/555 453/866/580 452/863/579
f 407/864/554 408/867/556 440/868/581 439/844/565
f 421/865/555 422/869/557 454/870/582 453/866/580
f 408/867/556 409/834/558 441/871/583 440/868/581
f 422/869/557 423/872/559 455/873/584 454/870/582
f 409/834/558 410/833/560 442/874/585 441/871/583
f 423/872/559 424/842/561 456/875/586 455/873/584
f 410/833/560 411/876/562 443/877/587 442/874/585
f 424/842/561 425/841/563 457/878/588 456/875/586
f 411/876/562 412/879/502 444/880/589 443/877/587
f 425/841/563 426/788/537 458/881/590 457/878/588
f 412/879/502 413/882/501 445/883/591 444/880/589
f 426/788/537 427/787/536 459/884/592 458/881/590
f 413/882/501 414/885/538 446/886/593 445/883/591
f 427/787/536 428/791/539 460/887/594 459/884/592
f 414/885/538 415/783/532 447/786/535 446/886/593
f 402/795/541 401/794/540 433/847/568 434/861/578
f 428/791/539 429/796/542 461/849/570 460/887/594
f 594/888/307 597/889/304 599/890/595 596/891/596
f 596/892/596 599/893/595 600/894/597 595/895/598
f 595/895/598 600/894/597 598/532/361 593/531/360
f 602/896/242 594/897/307 596/898/596 604/899/599
f 604/899/599 596/898/596 595/900/598 603/901/600
f 603/902/600 595/895/598 593/531/360 601/538/367
f 606/903/243 602/896/242 604/899/599 608/904/601
f 608/904/601 604/899/599 603/901/600 607/905/602
f 607/906/602 603/902/600 601/538/367 605/544/373
f 610/907/245 606/903/243 608/904/601 612/908/603
f 612/908/603 608/904/601 607/905/602 611/909/604
f 611/910/604 607/906/602 605/544/373 609/550/379
f 614/911/247 610/907/245 612/908/603 616/912/605
f 616/912/605 612/908/603 611/909/604 615/913/606
f 615/914/606 611/910/604 609/550/379 613/556/385
f 618/915/249 614/911/247 616/912/605 620/916/607
f 620/916/607 616/912/605 615/913/606 619/917/608
f 619/918/608 615/914/606 613/556/385 617/560/389
f 622/919/251 618/915/249 620/916/607 624/920/609
f 624/920/609 620/916/607 619/917/608 623/921/610
f 623/922/610 619/918/608 617/560/389 621/564/393
f 626/923/253 622/919/251 624/920/609 628/924/611
f 628/924/611 624/920/609 623/921/610 627/925/612
f 627/926/612 623/922/610 621/564/393 625/568/397
f 630/927/255 626/928/253 628/929/611 632/930/613
f 632/931/613 628/932/611 627/926/612 631/933/614
f 631/933/614 627/926/612 625/568/397 629/572/401
f 634/934/257 630/927/255 632/930/613 636/935/615
f 636/935/615 632/930/613 631/936/614 635/937/616
f 635/938/616 631/933/614 629/572/401 633/516/345
f 638/939/259 634/934/257 636/935/615 640/940/617
f 640/940/617 636/935/615 635/937/616 639/941/618
f 639/942/618 635/938/616 633/516/345 637/515/344
f 642/943/261 638/939/259 640/940/617 644/944/619
f 644/944/619 640/940/617 639/941/618 643/945/620
f 643/946/620 639/942/618 637/515/344 641/520/349
f 646/947/263 642/943/261 644/944/619 648/948/621
f 648/948/621 644/944/619 643/945/620 647/949/622
f 647/950/622 643/946/620 641/520/349 645/524/353
f 650/951/265 646/947/263 648/948/621 652/952/623
f 652/952/623 648/948/621 647/949/622 651/953/624
f 651/954/624 647/950/622 645/524/353 649/528/357
f 654/955/267 650/951/265 652/952/623 656/956/625
f 656/956/625 652/952/623 651/953/624 655/957/626
f 655/958/626 651/954/624 649/528/357 653/536/365
f 658/959/269 654/955/267 656/956/625 660/960/627
f 660/960/627 656/956/625 655/957/626 659/961/628
f 659/962/628 655/958/626 653/536/365 657/542/371
f 662/963/271 658/959/269 660/960/627 664/964/629
f 664/964/629 660/960/627 659/961/628 663/965/630
f 663/966/630 659/962/628 657/542/371 661/548/377
f 666/967/273 662/968/271 664/969/629 668/970/631
f 668/970/631 664/969/629 663/971/630 667/972/632
f 667/973/632 663/966/630 661/548/377 665/554/383
f 670/974/275 666/967/273 668/970/631 672/975/633
f 672/975/633 668/970/631 667/972/632 671/976/634
f 671/977/634 667/973/632 665/554/383 669/558/387
f 674/978/277 670/974/275 672/975/633 676/979/635
f 676/979/635 672/975/633 671/976/634 675/980/636
f 675/981/636 671/977/634 669/558/387 673/562/391
f 678/982/279 674/978/277 676/979/635 680/983/637
f 680/983/637 676/979/635 675/980/636 679/984/638
f 679/985/638 675/981/636 673/562/391 677/566/395
f 682/986/281 678/982/279 680/983/637 684/987/639
f 684/987/639 680/983/637 679/984/638 683/988/640
f 683/989/640 679/985/638 677/566/395 681/570/399
f 686/990/283 682/986/281 684/987/639 688/991/641
f 688/991/641 684/987/639 683/988/640 687/992/642
f 687/993/642 683/989/640 681/570/399 685/494/334
f 690/994/285 686/990/283 688/991/641 692/995/643
f 692/996/643 688/997/641 687/993/642 691/998/644
f 691/998/644 687/993/642 685/494/334 689/493/333
f 694/999/287 690/994/285 692/995/643 696/1000/645
f 696/1001/645 692/996/643 691/998/644 695/1002/646
f 695/1002/646 691/998/644 689/493/333 693/518/347
f 698/1003/289 694/1004/287 696/1005/645 700/1006/647
f 700/1007/647 696/1001/645 695/1002/646 699/1008/648
f 699/1008/648 695/1002/646 693/518/347 697/522/351
f 702/1009/291 698/1003/289 700/1006/647 704/1010/649
f 704/1010/649 700/1006/647 699/1011/648 703/1012/650
f 703/1013/650 699/1008/648 697/522/351 701/526/355
f 706/1014/293 702/1009/291 704/1010/649 708/1015/651
f 708/1015/651 704/1010/649 703/1012/650 707/1016/652
f 707/1017/652 703/1013/650 701/526/355 705/534/363
f 710/1018/295 706/1014/293 708/1015/651 712/1019/653
f 712/1019/653 708/1015/651 707/1016/652 711/1020/654
f 711/1021/654 707/1017/652 705/534/363 709/540/369
f 714/1022/297 710/1018/295 712/1019/653 716/1023/655
f 716/1023/655 712/1019/653 711/1020/654 715/1024/656
f 715/1025/656 711/1021/654 709/540/369 713/546/375
f 718/1026/299 714/1022/297 716/1023/655 720/1027/657
f 720/1027/657 716/1023/655 715/1024/656 719/1028/658
f 719/1029/658 715/1025/656 713/546/375 717/552/381
f 597/889/304 718/1026/299 720/1027/657 599/890/595
f 599/890/595 720/1027/657 719/1028/658 600/1030/597
f 600/894/597 719/1029/658 717/552/381 598/532/361
f 470/530/359 465/529/358 467/1031/659 472/1032/660
f 472/1033/660 467/1034/659 468/1035/661 471/1036/662
f 471/1036/662 468/1035/661 466/509/340 469/1037/341
f 474/537/366 470/530/359 472/1032/660 476/1038/663
f 476/1039/663 472/1040/660 471/1041/662 475/1042/664
f 475/1042/664 471/1041/662 469/511/341 473/442/309
f 478/543/372 474/537/366 476/1038/663 480/1043/665
f 480/1044/665 476/1039/663 475/1042/664 479/1045/666
f 479/1045/666 475/1042/664 473/442/309 477/441/308
f 482/549/378 478/543/372 480/1043/665 484/1046/667
f 484/1047/667 480/1044/665 479/1045/666 483/1048/668
f 483/1048/668 479/1045/666 477/441/308 481/445/310
f 486/555/384 482/549/378 484/1046/667 488/1049/669
f 488/1050/669 484/1047/667 483/1048/668 487/1051/670
f 487/1051/670 483/1048/668 481/445/310 485/447/311
f 490/559/388 486/555/384 488/1049/669 492/1052/671
f 492/1053/671 488/1050/669 487/1051/670 491/1054/672
f 491/1054/672 487/1051/670 485/447/311 489/449/312
f 494/563/392 490/559/388 492/1052/671 496/1055/673
f 496/1056/673 492/1053/671 491/1054/672 495/1057/674
f 495/1057/674 491/1054/672 489/449/312 493/451/313
f 498/567/396 494/563/392 496/1055/673 500/1058/675
f 500/1058/675 496/1055/673 495/1059/674 499/1060/676
f 499/1061/676 495/1057/674 493/451/313 497/453/314
f 502/571/400 498/567/396 500/1058/675 504/1062/677
f 504/1062/677 500/1058/675 499/1060/676 503/1063/678
f 503/1064/678 499/1061/676 497/453/314 501/455/315
f 506/513/342 502/571/400 504/1062/677 508/1065/679
f 508/1065/679 504/1062/677 503/1063/678 507/1066/680
f 507/1067/680 503/1068/678 501/458/315 505/457/316
f 510/514/343 506/513/342 508/1065/679 512/1069/681
f 512/1070/681 508/1071/679 507/1067/680 511/1072/682
f 511/1072/682 507/1067/680 505/457/316 509/461/317
f 514/519/348 510/514/343 512/1069/681 516/1073/683
f 516/1074/683 512/1070/681 511/1072/682 515/1075/684
f 515/1075/684 511/1072/682 509/461/317 513/463/318
f 518/523/352 514/519/348 516/1073/683 520/1076/685
f 520/1077/685 516/1074/683 515/1075/684 519/1078/686
f 519/1078/686 515/1075/684 513/463/318 517/465/319
f 522/527/356 518/523/352 520/1076/685 524/1079/687
f 524/1080/687 520/1077/685 519/1078/686 523/1081/688
f 523/1081/688 519/1078/686 517/465/319 521/467/320
f 526/535/364 522/527/356 524/1079/687 528/1082/689
f 528/1083/689 524/1080/687 523/1081/688 527/1084/690
f 527/1084/690 523/1081/688 521/467/320 525/469/321
f 530/541/370 526/535/364 528/1082/689 532/1085/691
f 532/1086/691 528/1083/689 527/1084/690 531/1087/692
f 531/1087/692 527/1084/690 525/469/321 529/471/322
f 534/547/376 530/541/370 532/1085/691 536/1088/693
f 536/1088/693 532/1085/691 531/1089/692 535/1090/694
f 535/1091/694 531/1087/692 529/471/322 533/473/323
f 538/553/382 534/547/376 536/1088/693 540/1092/695
f 540/1093/695 536/1094/693 535/1095/694 539/1096/696
f 539/1096/696 535/1095/694 533/476/323 537/475/324
f 542/557/386 538/553/382 540/1092/695 544/1097/697
f 544/1098/697 540/1093/695 539/1096/696 543/1099/698
f 543/1099/698 539/1096/696 537/475/324 541/479/325
f 546/561/390 542/557/386 544/1097/697 548/1100/699
f 548/1101/699 544/1098/697 543/1099/698 547/1102/700
f 547/1102/700 543/1099/698 541/479/325 545/481/326
f 550/565/394 546/561/390 548/1100/699 552/1103/701
f 552/1104/701 548/1101/699 547/1102/700 551/1105/702
f 551/1105/702 547/1102/700 545/481/326 549/483/327
f 554/569/398 550/565/394 552/1103/701 556/1106/703
f 556/1107/703 552/1104/701 551/1105/702 555/1108/704
f 555/1108/704 551/1105/702 549/483/327 553/485/328
f 558/491/331 554/569/398 556/1106/703 560/1109/705
f 560/1110/705 556/1107/703 555/1108/704 559/1111/706
f 559/1111/706 555/1108/704 553/485/328 557/487/329
f 562/492/332 558/491/331 560/1109/705 564/1112/707
f 564/1113/707 560/1110/705 559/1111/706 563/1114/708
f 563/1114/708 559/1111/706 557/487/329 561/489/330
f 566/517/346 562/492/332 564/1112/707 568/1115/709
f 568/1115/709 564/1112/707 563/1116/708 567/1117/710
f 567/1118/710 563/1119/708 561/1120/330 565/434/302
f 570/521/350 566/517/346 568/1115/709 572/1121/711
f 572/1122/711 568/1123/709 567/1118/710 571/1124/712
f 571/1124/712 567/1118/710 565/434/302 569/433/301
f 574/525/354 570/521/350 572/1121/711 576/1125/713
f 576/1126/713 572/1122/711 571/1124/712 575/1127/714
f 575/1127/714 571/1124/712 569/433/301 573/497/335
f 578/533/362 574/525/354 576/1125/713 580/1128/715
f 580/1129/715 576/1126/713 575/1127/714 579/1130/716
f 579/1130/716 575/1127/714 573/497/335 577/499/336
f 582/539/368 578/533/362 580/1128/715 584/1131/717
f 584/1132/717 580/1129/715 579/1130/716 583/1133/718
f 583/1133/718 579/1130/716 577/499/336 581/501/337
f 586/545/374 582/539/368 584/1131/717 588/1134/719
f 588/1135/719 584/1132/717 583/1133/718 587/1136/720
f 587/1136/720 583/1133/718 581/501/337 585/503/338
f 590/551/380 586/545/374 588/1134/719 592/1137/721
f 592/1138/721 588/1135/719 587/1136/720 591/1139/722
f 591/1139/722 587/1136/720 585/503/338 589/505/339
f 465/529/358 590/551/380 592/1137/721 467/1031/659
f 467/1034/659 592/1138/721 591/1139/722 468/1035/661
f 468/1035/661 591/1139/722 589/505/339 466/509/340
f 793/1140/367 789/1141/360 849/1142/723
f 722/1143/271 725/510/269 727/1144/627 724/1145/629
f 724/1145/629 727/1144/627 728/1146/628 723/1147/630
f 723/1148/630 728/1149/628 726/1150/724 721/1151/377
f 730/443/273 722/512/271 724/1152/629 732/1153/631
f 732/1153/631 724/1152/629 723/1154/630 731/1155/632
f 731/1156/632 723/1148/630 721/1151/377 729/1157/383
f 734/444/275 730/443/273 732/1153/631 736/1158/633
f 736/1158/633 732/1153/631 731/1155/632 735/1159/634
f 735/1160/634 731/1156/632 729/1157/383 733/1161/387
f 738/446/277 734/444/275 736/1158/633 740/1162/635
f 740/1162/635 736/1158/633 735/1159/634 739/1163/636
f 739/1164/636 735/1160/634 733/1161/387 737/1165/391
f 742/448/279 738/446/277 740/1162/635 744/1166/725
f 744/1166/725 740/1162/635 739/1163/636 743/1167/638
f 743/1168/638 739/1164/636 737/1165/391 741/1169/395
f 746/450/281 742/448/279 744/1166/725 748/1170/639
f 748/1170/639 744/1166/725 743/1167/638 747/1171/640
f 747/1172/640 743/1168/638 741/1169/395 745/1173/399
f 750/452/283 746/450/281 748/1170/639 752/1174/641
f 752/1174/641 748/1170/639 747/1171/640 751/1175/642
f 751/1176/642 747/1172/640 745/1173/399 749/1177/334
f 754/454/285 750/452/283 752/1174/641 756/1178/643
f 756/1179/643 752/1180/641 751/1176/642 755/1181/644
f 755/1181/644 751/1176/642 749/1177/334 753/1182/726
f 758/456/287 754/454/285 756/1178/643 760/1183/645
f 760/1184/645 756/1179/643 755/1181/644 759/1185/646
f 759/1185/646 755/1181/644 753/1182/726 757/1186/347
f 762/460/289 758/459/287 760/1187/645 764/1188/647
f 764/1189/647 760/1184/645 759/1185/646 763/1190/648
f 763/1190/648 759/1185/646 757/1186/347 761/1191/351
f 766/462/291 762/460/289 764/1188/647 768/1192/727
f 768/1192/727 764/1188/647 763/1193/648 767/1194/650
f 767/1195/650 763/1190/648 761/1191/351 765/1196/355
f 770/464/293 766/462/291 768/1192/727 772/1197/651
f 772/1197/651 768/1192/727 767/1194/650 771/1198/652
f 771/1199/652 767/1195/650 765/1196/355 769/1200/363
f 774/466/295 770/464/293 772/1197/651 776/1201/653
f 776/1201/653 772/1197/651 771/1198/652 775/1202/654
f 775/1203/654 771/1199/652 769/1200/363 773/1204/369
f 778/468/297 774/466/295 776/1201/653 780/1205/655
f 780/1205/655 776/1201/653 775/1202/654 779/1206/656
f 779/1207/656 775/1203/654 773/1204/369 777/1208/375
f 782/470/299 778/468/297 780/1205/655 784/1209/657
f 784/1209/657 780/1205/655 779/1206/656 783/1210/658
f 783/1211/658 779/1207/656 777/1208/375 781/1212/381
f 786/472/304 782/470/299 784/1209/657 788/1213/595
f 788/1213/595 784/1209/657 783/1210/658 787/1214/597
f 787/1215/597 783/1211/658 781/1212/381 785/1216/728
f 790/474/307 786/472/304 788/1213/595 792/1217/596
f 792/1218/596 788/1219/595 787/1215/597 791/1220/598
f 791/1220/598 787/1215/597 785/1216/728 789/1141/360
f 794/478/242 790/477/307 792/1221/596 796/1222/599
f 796/1222/599 792/1221/596 791/1223/598 795/1224/600
f 795/1225/600 791/1220/598 789/1141/360 793/1140/367
f 798/480/243 794/478/242 796/1222/599 800/1226/601
f 800/1226/601 796/1222/599 795/1224/600 799/1227/602
f 799/1228/602 795/1225/600 793/1140/367 797/1229/373
f 802/482/245 798/480/243 800/1226/601 804/1230/603
f 804/1230/603 800/1226/601 799/1227/602 803/1231/604
f 803/1232/604 799/1228/602 797/1229/373 801/1233/379
f 806/484/247 802/482/245 804/1230/603 808/1234/605
f 808/1234/605 804/1230/603 803/1231/604 807/1235/606
f 807/1236/606 803/1232/604 801/1233/379 805/1237/385
f 810/486/249 806/484/247 808/1234/605 812/1238/607
f 812/1238/607 808/1234/605 807/1235/606 811/1239/608
f 811/1240/608 807/1236/606 805/1237/385 809/1241/389
f 814/488/251 810/486/249 812/1238/607 816/1242/609
f 816/1242/609 812/1238/607 811/1239/608 815/1243/610
f 815/1244/610 811/1240/608 809/1241/389 813/1245/393
f 818/490/253 814/488/251 816/1242/609 820/1246/611
f 820/1246/611 816/1242/609 815/1243/610 819/1247/612
f 819/1248/612 815/1244/610 813/1245/393 817/1249/397
f 822/435/303 818/1250/253 820/1251/611 824/1252/613
f 824/1253/613 820/1254/611 819/1248/612 823/1255/614
f 823/1255/614 819/1248/612 817/1249/397 821/1256/401
f 826/436/257 822/435/303 824/1252/613 828/1257/615
f 828/1257/615 824/1252/613 823/1258/614 827/1259/616
f 827/1260/616 823/1255/614 821/1256/401 825/1261/345
f 830/498/259 826/436/257 828/1257/615 832/1262/729
f 832/1262/729 828/1257/615 827/1259/616 831/1263/618
f 831/1264/618 827/1260/616 825/1261/345 829/1265/344
f 834/500/261 830/498/259 832/1262/729 836/1266/619
f 836/1266/619 832/1262/729 831/1263/618 835/1267/620
f 835/1268/620 831/1264/618 829/1265/344 833/1269/349
f 838/502/263 834/500/261 836/1266/619 840/1270/621
f 840/1270/621 836/1266/619 835/1267/620 839/1271/622
f 839/1272/622 835/1268/620 833/1269/349 837/1273/353
f 842/504/265 838/502/263 840/1270/621 844/1274/623
f 844/1274/623 840/1270/621 839/1271/622 843/1275/624
f 843/1276/624 839/1272/622 837/1273/353 841/1277/357
f 846/506/267 842/504/265 844/1274/623 848/1278/625
f 848/1278/625 844/1274/623 843/1275/624 847/1279/626
f 847/1280/626 843/1276/624 841/1277/357 845/1281/365
f 725/510/269 846/506/267 848/1278/625 727/1144/627
f 727/1144/627 848/1278/625 847/1279/626 728/1146/628
f 728/1149/628 847/1280/626 845/1281/365 726/1150/724
f 469/511/341 466/1282/340 725/1283/269 722/512/271
f 801/1233/379 797/1229/373 849/1142/723
f 726/1150/724 845/1281/365 849/1142/723
f 809/1241/389 805/1237/385 849/1142/723
f 721/1151/377 726/1150/724 849/1142/723
f 817/1249/397 813/1245/393 849/1142/723
f 733/1161/387 729/1157/383 849/1142/723
f 825/1261/345 821/1256/401 849/1142/723
f 741/1169/395 737/1165/391 849/1142/723
f 833/1269/349 829/1265/344 849/1142/723
f 749/1177/334 745/1173/399 849/1142/723
f 841/1277/357 837/1273/353 849/1142/723
f 757/1186/347 753/1182/726 849/1142/723
f 765/1196/355 761/1191/351 849/1142/723
f 773/1204/369 769/1200/363 849/1142/723
f 781/1212/381 777/1208/375 849/1142/723
f 789/1141/360 785/1216/728 849/1142/723
f 797/1229/373 793/1140/367 849/1142/723
f 805/1237/385 801/1233/379 849/1142/723
f 813/1245/393 809/1241/389 849/1142/723
f 729/1157/383 721/1151/377 849/1142/723
f 821/1256/401 817/1249/397 849/1142/723
f 737/1165/391 733/1161/387 849/1142/723
f 829/1265/344 825/1261/345 849/1142/723
f 745/1173/399 741/1169/395 849/1142/723
f 837/1273/353 833/1269/349 849/1142/723
f 753/1182/726 749/1177/334 849/1142/723
f 845/1281/365 841/1277/357 849/1142/723
f 761/1191/351 757/1186/347 849/1142/723
f 769/1200/363 765/1196/355 849/1142/723
f 777/1208/375 773/1204/369 849/1142/723
f 785/1216/728 781/1212/381 849/1142/723
f 452/863/579 453/866/580 850/845/566
f 439/844/565 440/868/581 850/845/566
f 453/866/580 454/870/582 850/845/566
f 440/868/581 441/871/583 850/845/566
f 454/870/582 455/873/584 850/845/566
f 441/871/583 442/874/585 850/845/566
f 455/873/584 456/875/586 850/845/566
f 442/874/585 443/877/587 850/845/566
f 456/875/586 457/878/588 850/845/566
f 443/877/587 444/880/589 850/845/566
f 457/878/588 458/881/590 850/845/566
f 444/880/589 445/883/591 850/845/566
f 458/881/590 459/884/592 850/845/566
f 445/883/591 446/886/593 850/845/566
f 459/884/592 460/887/594 850/845/566
f 446/886/593 447/786/535 850/845/566
f 434/861/578 433/847/568 850/845/566
f 460/887/594 461/849/570 850/845/566
f 447/786/535 448/785/534 850/845/566
f 433/847/568 435/846/567 850/845/566
f 461/849/570 462/848/569 850/845/566
f 448/785/534 449/850/571 850/845/566
f 435/846/567 436/852/572 850/845/566
f 462/848/569 463/853/573 850/845/566
f 449/850/571 450/854/574 850/845/566
f 436/852/572 437/856/575 850/845/566
f 463/853/573 464/857/576 850/845/566
f 450/854/574 451/859/577 850/845/566
f 437/856/575 438/843/564 850/845/566
f 464/857/576 434/861/578 850/845/566
f 451/859/577 452/863/579 850/845/566
