# File generated by ImageToStl.com - Free Image and 3D model conversion tools

mtllib water_bottle.mtl

o obj1
v -0.19509032 0.32727998 -0.98078457
v -0.19389612 5.09732683 -0.97478173
v -0 5.09732682 -0.99387882
v -0 0.32727998 -0.99999932
v 0.71496341 5.2847789 0.47772314
v 0.59563342 5.33456307 0.39798934
v 0.50654457 5.33456309 0.50654442
v 0.60802636 5.28477892 0.60802622
v -0.71496343 5.28477874 -0.47772344
v -0.59563345 5.33456294 -0.39798966
v -0.50654459 5.33456292 -0.50654474
v -0.60802638 5.28477872 -0.60802652
v -0.60802638 5.28477892 0.60802622
v -0.50654459 5.33456309 0.50654442
v -0.59563345 5.33456307 0.39798934
v -0.71496343 5.2847789 0.47772314
v -0.4777233 5.2847787 -0.71496357
v -0.39798951 5.33456291 -0.59563359
v -0.27413998 5.33456289 -0.6618326
v -0.32906157 5.28477869 -0.79442496
v 0.84335682 5.28477879 -0.16775425
v 0.70259747 5.33456298 -0.13975548
v 0.71636221 5.334563 -1.7E-07
v 0.85987916 5.28477882 -1.6E-07
v -1E-08 5.28477896 0.85987903
v -2E-08 5.33456312 0.71636206
v -0.13975535 5.33456312 0.70259732
v -0.16775412 5.28477896 0.84335668
v -0.84335684 5.28477879 -0.16775425
v -0.70259755 5.33456298 -0.13975549
v -0.66183245 5.33456296 -0.27414012
v -0.79442483 5.28477877 -0.32906171
v 0.60802636 5.28477872 -0.60802652
v 0.50654457 5.33456292 -0.50654474
v 0.59563342 5.33456294 -0.39798966
v 0.71496341 5.28477874 -0.47772344
v 0.39798949 5.3345631 0.59563327
v 0.47772328 5.28477894 0.71496327
v -0.66183245 5.33456305 0.27413981
v -0.79442483 5.28477887 0.32906141
v -0.13975535 5.33456289 -0.70259764
v -0.16775412 5.28477868 -0.84335698
v 0.70259747 5.33456303 0.13975516
v 0.84335682 5.28477885 0.16775394
v -0.27413998 5.33456311 0.66183228
v -0.32906157 5.28477895 0.79442466
v 0.47772328 5.2847787 -0.71496357
v 0.39798949 5.33456291 -0.59563359
v 0.27413995 5.33456311 0.66183228
v 0.32906155 5.28477895 0.79442466
v -0.70259755 5.33456303 0.13975518
v -0.84335684 5.28477885 0.16775394
v 0.70259747 5.33456303 0.13975516
v 0.66183242 5.33456305 0.27413981
v 0.7944248 5.28477887 0.32906141
v -0.39798951 5.3345631 0.59563327
v -0.4777233 5.28477894 0.71496327
v 0.66183242 5.33456296 -0.27414012
v 0.7944248 5.28477877 -0.32906171
v 0.13975532 5.33456312 0.70259732
v 0.1677541 5.28477896 0.84335668
v -0.71636223 5.334563 -1.7E-07
v -0.85987919 5.28477882 -1.6E-07
v 0.32906155 5.28477869 -0.79442496
v 0.27413995 5.33456289 -0.6618326
v -0.39798951 5.3345631 0.59563327
v -0.50654459 5.33456309 0.50654442
v -0.39798951 5.33456291 -0.59563359
v 0.26395736 5.3692137 -0.63724968
v 0.25876899 5.56258166 -0.62472397
v 0.37567441 5.56258167 -0.56223673
v 0.3832067 5.36921371 -0.57350955
v 0.38034097 5.09732684 -0.91822437
v 0.38268344 0.32727999 -0.92387883
v 0.19509032 0.32727998 -0.98078457
v 0.19389611 5.09732683 -0.97478173
v 0.47814289 5.56258168 -0.47814307
v 0.48772965 5.36921372 -0.48772979
v 0.55216948 5.09732685 -0.82638012
v 0.55557022 0.32728001 -0.83146892
v 0.38268344 0.32727999 -0.92387883
v 0.38034097 5.09732684 -0.91822437
v 0.56223652 5.5625817 -0.37567464
v 0.57350937 5.36921374 -0.38320688
v 0.70277837 5.09732687 -0.7027785
v 0.70710674 0.32728003 -0.7071061
v 0.55557022 0.32728001 -0.83146892
v 0.55216948 5.09732685 -0.82638012
v 0.62472377 5.56258172 -0.25876926
v 0.6372495 5.36921376 -0.26395754
v 0.82637998 5.09732689 -0.55216961
v 0.83146956 0.32728005 -0.55556958
v 0.70710674 0.32728003 -0.7071061
v 0.66320321 5.56258174 -0.13191952
v 0.67650041 5.36921378 -0.13456447
v 0.91822424 5.09732692 -0.38034111
v 0.92387947 0.32728008 -0.38268279
v 0.83146956 0.32728005 -0.55556958
v 0.82637998 5.09732689 -0.55216961
v 0.67650041 5.36921378 -0.13456447
v 0.67619613 5.56258176 -2E-07
v 0.68975386 5.3692138 -1.7E-07
v 0.9747816 5.09732695 -0.19389623
v 0.98078522 0.32728011 -0.19508966
v 0.92387947 0.32728008 -0.38268279
v 0.91822424 5.09732692 -0.38034111
v 0.66320321 5.56258178 0.13191913
v 0.67650041 5.36921383 0.13456414
v 0.99387869 5.09732698 -1.3E-07
v 0.99999997 0.32728014 6.5E-07
v 0.98078522 0.32728011 -0.19508966
v 0.9747816 5.09732695 -0.19389623
v 0.62472377 5.5625818 0.25876886
v 0.6372495 5.36921385 0.26395721
v 0.9747816 5.09732702 0.19389599
v 0.98078522 0.32728017 0.19509098
v 0.99999997 0.32728014 6.5E-07
v 0.99387869 5.09732698 -1.3E-07
v 0.6372495 5.36921385 0.26395721
v 0.56223652 5.56258182 0.37567425
v 0.57350937 5.36921387 0.38320655
v 0.91822424 5.09732705 0.38034086
v 0.92387947 0.3272802 0.3826841
v 0.98078522 0.32728017 0.19509098
v 0.47814289 5.56258184 0.47814268
v 0.48772965 5.36921388 0.48772946
v 0.82637998 5.09732707 0.55216937
v 0.83146956 0.32728023 0.55557089
v 0.92387947 0.3272802 0.3826841
v 0.37567441 5.56258185 0.56223634
v 0.3832067 5.3692139 0.57350922
v 0.70277837 5.0973271 0.70277826
v 0.70710674 0.32728026 0.70710741
v 0.83146956 0.32728023 0.55557089
v 0.82637998 5.09732707 0.55216937
v 0.25876899 5.56258186 0.62472358
v 0.26395736 5.36921391 0.63724935
v 0.55216948 5.09732712 0.82637988
v 0.55557022 0.32728028 0.83147023
v 0.70710674 0.32728026 0.70710741
v 0.13191929 5.56258187 0.66320303
v 0.1345643 5.36921391 0.67650026
v 0.38034097 5.09732713 0.91822413
v 0.38268344 0.32728029 0.92388014
v 0.55557022 0.32728028 0.83147023
v 0.55216948 5.09732712 0.82637988
v -4E-08 5.56258187 0.67619595
v -2E-08 5.36921392 0.68975371
v 0.19389611 5.09732714 0.97478149
v 0.19509032 0.3272803 0.98078589
v 0.38268344 0.32728029 0.92388014
v -0.13191935 5.56258187 0.66320303
v -0.13456433 5.36921391 0.67650026
v -0 5.09732715 0.99387858
v -0 0.32728031 1.00000063
v 0.19509032 0.3272803 0.98078589
v -0.13456433 5.36921391 0.67650026
v -0.25876913 5.56258186 0.62472358
v -0.26395742 5.36921391 0.63724935
v -0.19389612 5.09732714 0.97478149
v -0.19509032 0.3272803 0.98078589
v -0 0.32728031 1.00000063
v -0.26395742 5.36921391 0.63724935
v -0.37567449 5.56258185 0.56223634
v -0.38320673 5.3692139 0.57350922
v -0.380341 5.09732713 0.91822413
v -0.38268346 0.32728029 0.92388014
v -0.19509032 0.3272803 0.98078589
v -0.19389612 5.09732714 0.97478149
v -0.47814286 5.56258184 0.47814268
v -0.48772964 5.36921388 0.48772946
v -0.5521695 5.09732712 0.82637988
v -0.55557024 0.32728028 0.83147023
v -0.38268346 0.32728029 0.92388014
v -0.380341 5.09732713 0.91822413
v -0.48772964 5.36921388 0.48772946
v -0.56223655 5.56258182 0.37567425
v -0.57350939 5.36921387 0.38320655
v -0.7027784 5.0973271 0.70277826
v -0.70710677 0.32728026 0.70710741
v -0.55557024 0.32728028 0.83147023
v -0.5521695 5.09732712 0.82637988
v -0.57350939 5.36921387 0.38320655
v -0.62472379 5.5625818 0.25876886
v -0.63724953 5.36921385 0.26395721
v -0.82638001 5.09732707 0.55216937
v -0.83146959 0.32728023 0.55557089
v -0.70710677 0.32728026 0.70710741
v -0.66320324 5.56258178 0.13191913
v -0.6765005 5.36921383 0.13456414
v -0.91822427 5.09732705 0.38034086
v -0.9238795 0.3272802 0.3826841
v -0.83146959 0.32728023 0.55557089
v -0.82638001 5.09732707 0.55216937
v -0.67619615 5.56258176 -2E-07
v -0.68975389 5.3692138 -1.7E-07
v -0.97478162 5.09732702 0.19389599
v -0.98078524 0.32728017 0.19509098
v -0.9238795 0.3272802 0.3826841
v -0.66320324 5.56258174 -0.13191952
v -0.6765005 5.36921378 -0.13456447
v -0.99387871 5.09732698 -1.3E-07
v -0.99999999 0.32728014 6.5E-07
v -0.98078524 0.32728017 0.19509098
v -0.6765005 5.36921378 -0.13456447
v -0.62472379 5.56258172 -0.25876926
v -0.63724953 5.36921376 -0.26395754
v -0.97478162 5.09732695 -0.19389623
v -0.98078524 0.32728011 -0.19508966
v -0.99999999 0.32728014 6.5E-07
v -0.56223655 5.5625817 -0.37567464
v -0.57350939 5.36921374 -0.38320688
v -0.91822427 5.09732692 -0.38034111
v -0.9238795 0.32728008 -0.38268279
v -0.98078524 0.32728011 -0.19508966
v -0.97478162 5.09732695 -0.19389623
v -0.47814286 5.56258168 -0.47814307
v -0.48772964 5.36921372 -0.48772979
v -0.82638001 5.09732689 -0.55216961
v -0.83146959 0.32728005 -0.55556958
v -0.9238795 0.32728008 -0.38268279
v -0.91822427 5.09732692 -0.38034111
v -0.37567449 5.56258167 -0.56223673
v -0.38320673 5.36921371 -0.57350955
v -0.7027784 5.09732687 -0.7027785
v -0.70710677 0.32728003 -0.7071061
v -0.83146959 0.32728005 -0.55556958
v -0.82638001 5.09732689 -0.55216961
v -0.38320673 5.36921371 -0.57350955
v -0.25876913 5.56258166 -0.62472397
v -0.26395742 5.3692137 -0.63724968
v -0.5521695 5.09732685 -0.82638012
v -0.55557024 0.32728001 -0.83146892
v -0.70710677 0.32728003 -0.7071061
v -0.13191935 5.56258165 -0.66320342
v -0.13456433 5.36921369 -0.67650059
v -0.380341 5.09732684 -0.91822437
v -0.38268346 0.32727999 -0.92387883
v -0.55557024 0.32728001 -0.83146892
v -0.5521695 5.09732685 -0.82638012
v -0.19509032 0.32727998 -0.98078457
v -0.38268346 0.32727999 -0.92387883
v 0.1345643 5.36921369 -0.67650059
v 0.13191929 5.56258165 -0.66320342
v 0.26395736 5.3692137 -0.63724968
v -2E-08 5.33456289 -0.71636238
v -1E-08 5.28477868 -0.85987933
v -4E-08 5.56258165 -0.67619634
v -2E-08 5.36921369 -0.68975404
v 0.1677541 5.28477868 -0.84335698
v 0.13975532 5.33456289 -0.70259764
v 0.27413995 5.33456289 -0.6618326
v -1E-08 5.28477868 -0.85987933
v -2E-08 5.33456289 -0.71636238
v -0 0.32727998 -0.99999932
v 0.19509032 0.32727998 -0.98078457
v 0.19389371 0.28874034 -0.97476879
v -0 0.28874033 -0.9938657
v 0.19042101 0.25397271 -0.95731028
v -0 0.25397271 -0.97606518
v 0.18501216 0.22638149 -0.93011811
v -0 0.22638149 -0.94834026
v -0 0.22638149 -0.94834026
v 0.18501216 0.22638149 -0.93011811
v 0.17819658 0.20866652 -0.8958539
v -0 0.20866651 -0.91340478
v 0.17064148 0.20256253 -0.85787179
v -0 0.20256253 -0.87467851
v 0.3803362 0.28874035 -0.91821209
v 0.19389371 0.28874034 -0.97476879
v 0.37352426 0.25397272 -0.90176656
v 0.19042101 0.25397271 -0.95731028
v 0.36291439 0.2263815 -0.87615206
v 0.18501216 0.22638149 -0.93011811
v 0.18501216 0.22638149 -0.93011811
v 0.36291439 0.2263815 -0.87615206
v 0.34954519 0.20866653 -0.84387591
v 0.33472533 0.20256254 -0.8080975
v 0.55216256 0.28874036 -0.82636896
v 0.3803362 0.28874035 -0.91821209
v 0.54227314 0.25397274 -0.81156841
v 0.37352426 0.25397272 -0.90176656
v 0.52686999 0.22638151 -0.78851595
v 0.36291439 0.2263815 -0.87615206
v 0.36291439 0.2263815 -0.87615206
v 0.52686999 0.22638151 -0.78851595
v 0.50746093 0.20866654 -0.75946822
v 0.48594574 0.20256255 -0.72726848
v 0.70276961 0.28874038 -0.70276896
v 0.55216256 0.28874036 -0.82636896
v 0.69018272 0.25397276 -0.69018206
v 0.54227314 0.25397274 -0.81156841
v 0.67057821 0.22638153 -0.67057755
v 0.52686999 0.22638151 -0.78851595
v 0.52686999 0.22638151 -0.78851595
v 0.67057821 0.22638153 -0.67057755
v 0.64587513 0.20866656 -0.64587447
v 0.61849156 0.20256257 -0.6184909
v 0.82636961 0.2887404 -0.55216191
v 0.70276961 0.28874038 -0.70276896
v 0.81156906 0.25397278 -0.54227248
v 0.69018272 0.25397276 -0.69018206
v 0.78851667 0.22638155 -0.52686933
v 0.67057821 0.22638153 -0.67057755
v 0.67057821 0.22638153 -0.67057755
v 0.78851667 0.22638155 -0.52686933
v 0.75946894 0.20866658 -0.50746026
v 0.7272692 0.20256259 -0.48594507
v 0.91821274 0.28874043 -0.38033555
v 0.82636961 0.2887404 -0.55216191
v 0.90176722 0.25397281 -0.3735236
v 0.81156906 0.25397278 -0.54227248
v 0.87615272 0.22638158 -0.3629137
v 0.78851667 0.22638155 -0.52686933
v 0.78851667 0.22638155 -0.52686933
v 0.87615272 0.22638158 -0.3629137
v 0.84387657 0.20866661 -0.34954453
v 0.80809817 0.20256262 -0.33472467
v 0.97476944 0.28874046 -0.19389305
v 0.91821274 0.28874043 -0.38033555
v 0.95731094 0.25397284 -0.19042034
v 0.90176722 0.25397281 -0.3735236
v 0.93011877 0.22638161 -0.18501148
v 0.87615272 0.22638158 -0.3629137
v 0.87615272 0.22638158 -0.3629137
v 0.93011877 0.22638161 -0.18501148
v 0.89585456 0.20866663 -0.17819591
v 0.85787245 0.20256264 -0.17064082
v 0.99386635 0.28874049 6.6E-07
v 0.97476944 0.28874046 -0.19389305
v 0.97606584 0.25397287 6.6E-07
v 0.95731094 0.25397284 -0.19042034
v 0.94834092 0.22638164 6.7E-07
v 0.93011877 0.22638161 -0.18501148
v 0.93011877 0.22638161 -0.18501148
v 0.94834092 0.22638164 6.7E-07
v 0.91340545 0.20866666 6.7E-07
v 0.87467918 0.20256267 6.7E-07
v 0.97476944 0.28874053 0.19389437
v 0.99386635 0.28874049 6.6E-07
v 0.95731094 0.2539729 0.19042168
v 0.97606584 0.25397287 6.6E-07
v 0.93011877 0.22638167 0.18501283
v 0.94834092 0.22638164 6.7E-07
v 0.94834092 0.22638164 6.7E-07
v 0.93011877 0.22638167 0.18501283
v 0.89585456 0.20866669 0.17819725
v 0.85787245 0.2025627 0.17064216
v 0.91821274 0.28874056 0.38033688
v 0.97476944 0.28874053 0.19389437
v 0.90176722 0.25397293 0.37352494
v 0.95731094 0.2539729 0.19042168
v 0.87615272 0.2263817 0.36291508
v 0.93011877 0.22638167 0.18501283
v 0.93011877 0.22638167 0.18501283
v 0.87615272 0.2263817 0.36291508
v 0.84387657 0.20866672 0.34954588
v 0.80809817 0.20256273 0.33472602
v 0.82636961 0.28874058 0.55216324
v 0.91821274 0.28874056 0.38033688
v 0.81156906 0.25397296 0.54227382
v 0.90176722 0.25397293 0.37352494
v 0.78851661 0.22638173 0.52687067
v 0.87615272 0.2263817 0.36291508
v 0.87615272 0.2263817 0.36291508
v 0.78851661 0.22638173 0.52687067
v 0.75946888 0.20866675 0.50746162
v 0.72726914 0.20256275 0.48594643
v 0.70276961 0.28874061 0.70277028
v 0.82636961 0.28874058 0.55216324
v 0.69018272 0.25397298 0.6901834
v 0.81156906 0.25397296 0.54227382
v 0.67057821 0.22638175 0.6705789
v 0.78851661 0.22638173 0.52687067
v 0.78851661 0.22638173 0.52687067
v 0.67057821 0.22638175 0.6705789
v 0.64587513 0.20866677 0.64587582
v 0.61849156 0.20256277 0.61849225
v 0.55216256 0.28874063 0.82637029
v 0.70276961 0.28874061 0.70277028
v 0.54227314 0.253973 0.81156975
v 0.69018272 0.25397298 0.6901834
v 0.52686999 0.22638177 0.78851736
v 0.67057821 0.22638175 0.6705789
v 0.67057821 0.22638175 0.6705789
v 0.52686999 0.22638177 0.78851736
v 0.50746093 0.20866679 0.75946963
v 0.48594574 0.20256279 0.72726989
v 0.3803362 0.28874064 0.91821341
v 0.55216256 0.28874063 0.82637029
v 0.37352426 0.25397301 0.9017679
v 0.54227314 0.253973 0.81156975
v 0.36291436 0.22638178 0.87615341
v 0.52686999 0.22638177 0.78851736
v 0.52686999 0.22638177 0.78851736
v 0.36291436 0.22638178 0.87615341
v 0.34954519 0.2086668 0.84387726
v 0.33472533 0.2025628 0.80809886
v 0.19389371 0.28874065 0.97477011
v 0.3803362 0.28874064 0.91821341
v 0.19042101 0.25397302 0.95731162
v 0.37352426 0.25397301 0.9017679
v 0.18501216 0.22638179 0.93011945
v 0.36291436 0.22638178 0.87615341
v 0.36291436 0.22638178 0.87615341
v 0.18501216 0.22638179 0.93011945
v 0.17819659 0.20866681 0.89585525
v 0.1706415 0.20256281 0.85787314
v -0 0.28874066 0.99386702
v 0.19389371 0.28874065 0.97477011
v 0 0.25397303 0.97606652
v 0.19042101 0.25397302 0.95731162
v 0 0.22638179 0.9483416
v 0.18501216 0.22638179 0.93011945
v 0.18501216 0.22638179 0.93011945
v 0 0.22638179 0.9483416
v 0 0.20866681 0.91340613
v 0 0.20256281 0.87467987
v -0.19389371 0.28874065 0.97477011
v -0 0.28874066 0.99386702
v -0.19042101 0.25397302 0.95731162
v 0 0.25397303 0.97606652
v -0.18501215 0.22638179 0.93011945
v 0 0.22638179 0.9483416
v 0 0.22638179 0.9483416
v -0.18501215 0.22638179 0.93011945
v -0.17819657 0.20866681 0.89585525
v -0.17064148 0.20256281 0.85787314
v -0.38033623 0.28874064 0.91821341
v -0.19389371 0.28874065 0.97477011
v -0.37352428 0.25397301 0.9017679
v -0.19042101 0.25397302 0.95731162
v -0.36291442 0.22638178 0.87615341
v -0.18501215 0.22638179 0.93011945
v -0.18501215 0.22638179 0.93011945
v -0.36291442 0.22638178 0.87615341
v -0.34954521 0.2086668 0.84387726
v -0.33472535 0.2025628 0.80809886
v -0.55216259 0.28874063 0.82637029
v -0.38033623 0.28874064 0.91821341
v -0.54227316 0.253973 0.81156975
v -0.37352428 0.25397301 0.9017679
v -0.52687001 0.22638177 0.7885173
v -0.36291442 0.22638178 0.87615341
v -0.36291442 0.22638178 0.87615341
v -0.52687001 0.22638177 0.7885173
v -0.50746095 0.20866679 0.75946957
v -0.48594576 0.20256279 0.72726983
v -0.70276963 0.28874061 0.70277028
v -0.55216259 0.28874063 0.82637029
v -0.69018274 0.25397298 0.6901834
v -0.54227316 0.253973 0.81156975
v -0.67057824 0.22638175 0.6705789
v -0.52687001 0.22638177 0.7885173
v -0.52687001 0.22638177 0.7885173
v -0.67057824 0.22638175 0.6705789
v -0.64587515 0.20866677 0.64587582
v -0.61849159 0.20256277 0.61849225
v -0.82636964 0.28874058 0.55216324
v -0.70276963 0.28874061 0.70277028
v -0.81156909 0.25397296 0.54227382
v -0.69018274 0.25397298 0.6901834
v -0.78851669 0.22638173 0.52687067
v -0.67057824 0.22638175 0.6705789
v -0.67057824 0.22638175 0.6705789
v -0.78851669 0.22638173 0.52687067
v -0.75946897 0.20866675 0.50746162
v -0.72726923 0.20256275 0.48594643
v -0.91821276 0.28874056 0.38033688
v -0.82636964 0.28874058 0.55216324
v -0.90176725 0.25397293 0.37352494
v -0.81156909 0.25397296 0.54227382
v -0.87615275 0.2263817 0.36291505
v -0.78851669 0.22638173 0.52687067
v -0.78851669 0.22638173 0.52687067
v -0.87615275 0.2263817 0.36291505
v -0.84387659 0.20866672 0.34954588
v -0.80809819 0.20256273 0.33472602
v -0.97476946 0.28874053 0.19389437
v -0.91821276 0.28874056 0.38033688
v -0.95731097 0.2539729 0.19042168
v -0.90176725 0.25397293 0.37352494
v -0.93011879 0.22638167 0.18501283
v -0.87615275 0.2263817 0.36291505
v -0.87615275 0.2263817 0.36291505
v -0.93011879 0.22638167 0.18501283
v -0.89585458 0.20866669 0.17819727
v -0.85787248 0.2025627 0.17064217
v -0.99386637 0.28874049 6.6E-07
v -0.97476946 0.28874053 0.19389437
v -0.97606586 0.25397287 6.6E-07
v -0.95731097 0.2539729 0.19042168
v -0.94834094 0.22638164 6.7E-07
v -0.93011879 0.22638167 0.18501283
v -0.93011879 0.22638167 0.18501283
v -0.94834094 0.22638164 6.7E-07
v -0.91340547 0.20866666 6.7E-07
v -0.8746792 0.20256267 6.7E-07
v -0.97476946 0.28874046 -0.19389305
v -0.99386637 0.28874049 6.6E-07
v -0.95731097 0.25397284 -0.19042034
v -0.97606586 0.25397287 6.6E-07
v -0.93011879 0.22638161 -0.18501148
v -0.94834094 0.22638164 6.7E-07
v -0.94834094 0.22638164 6.7E-07
v -0.93011879 0.22638161 -0.18501148
v -0.89585458 0.20866663 -0.1781959
v -0.85787248 0.20256264 -0.1706408
v -0.91821276 0.28874043 -0.38033555
v -0.97476946 0.28874046 -0.19389305
v -0.90176725 0.25397281 -0.3735236
v -0.95731097 0.25397284 -0.19042034
v -0.87615275 0.22638158 -0.36291373
v -0.93011879 0.22638161 -0.18501148
v -0.93011879 0.22638161 -0.18501148
v -0.87615275 0.22638158 -0.36291373
v -0.84387659 0.20866661 -0.34954453
v -0.80809819 0.20256262 -0.33472467
v -0.82636964 0.2887404 -0.55216191
v -0.91821276 0.28874043 -0.38033555
v -0.81156909 0.25397278 -0.54227248
v -0.90176725 0.25397281 -0.3735236
v -0.78851664 0.22638155 -0.52686933
v -0.87615275 0.22638158 -0.36291373
v -0.87615275 0.22638158 -0.36291373
v -0.78851664 0.22638155 -0.52686933
v -0.75946891 0.20866658 -0.50746026
v -0.72726917 0.20256259 -0.48594507
v -0.70276963 0.28874038 -0.70276896
v -0.82636964 0.2887404 -0.55216191
v -0.69018274 0.25397276 -0.69018206
v -0.81156909 0.25397278 -0.54227248
v -0.67057824 0.22638153 -0.67057755
v -0.78851664 0.22638155 -0.52686933
v -0.78851664 0.22638155 -0.52686933
v -0.67057824 0.22638153 -0.67057755
v -0.64587515 0.20866656 -0.64587447
v -0.61849159 0.20256257 -0.6184909
v -0.55216259 0.28874036 -0.82636896
v -0.70276963 0.28874038 -0.70276896
v -0.54227316 0.25397274 -0.81156841
v -0.69018274 0.25397276 -0.69018206
v -0.52687001 0.22638151 -0.78851601
v -0.67057824 0.22638153 -0.67057755
v -0.67057824 0.22638153 -0.67057755
v -0.52687001 0.22638151 -0.78851601
v -0.50746095 0.20866654 -0.75946828
v -0.48594576 0.20256255 -0.72726854
v -0.38033623 0.28874035 -0.91821209
v -0.55216259 0.28874036 -0.82636896
v -0.37352428 0.25397272 -0.90176656
v -0.54227316 0.25397274 -0.81156841
v -0.36291439 0.2263815 -0.87615206
v -0.52687001 0.22638151 -0.78851601
v -0.52687001 0.22638151 -0.78851601
v -0.36291439 0.2263815 -0.87615206
v -0.34954521 0.20866653 -0.84387591
v -0.33472535 0.20256254 -0.8080975
v -0.19389371 0.28874034 -0.97476879
v -0.38033623 0.28874035 -0.91821209
v -0.19042101 0.25397271 -0.95731028
v -0.37352428 0.25397272 -0.90176656
v -0.18501215 0.22638149 -0.93011811
v -0.36291439 0.2263815 -0.87615206
v -0.36291439 0.2263815 -0.87615206
v -0.18501215 0.22638149 -0.93011811
v -0.17819659 0.20866652 -0.8958539
v -0.17064149 0.20256253 -0.85787179
v -0 0.28874033 -0.9938657
v -0.19389371 0.28874034 -0.97476879
v -0 0.25397271 -0.97606518
v -0.19042101 0.25397271 -0.95731028
v -0 0.22638149 -0.94834026
v -0.18501215 0.22638149 -0.93011811
v -0.18501215 0.22638149 -0.93011811
v -0 0.22638149 -0.94834026
v 0.17582324 5.26353129 -0.8839233
v -1E-08 5.26353129 -0.90124036
v 0.18310597 5.23055847 -0.92053604
v -0 5.23055847 -0.93857044
v 0.18888941 5.18908842 -0.94961142
v -0 5.18908841 -0.96821534
v 0.19260746 5.14317949 -0.96830319
v -0 5.14317948 -0.98727332
v 0.19389611 5.09732683 -0.97478173
v -0 5.09732682 -0.99387882
v 0.34488974 5.2635313 -0.83263762
v 0.35917536 5.23055848 -0.86712611
v 0.37052001 5.18908843 -0.89451444
v 0.37781317 5.1431795 -0.91212176
v 0.50070224 5.26353131 -0.74935402
v 0.52144179 5.23055849 -0.78039289
v 0.53791163 5.18908844 -0.80504173
v 0.54849968 5.14317951 -0.82088785
v 0.63727311 5.26353133 -0.63727327
v 0.66366944 5.23055851 -0.66366959
v 0.68463162 5.18908846 -0.68463177
v 0.69810763 5.14317953 -0.69810777
v 0.74935386 5.26353135 -0.5007024
v 0.78039274 5.23055854 -0.52144195
v 0.80504158 5.18908848 -0.53791178
v 0.82088771 5.14317956 -0.54849982
v 0.83263746 5.26353138 -0.3448899
v 0.86712596 5.23055856 -0.35917552
v 0.89451429 5.18908851 -0.37052015
v 0.91212162 5.14317958 -0.37781331
v 0.88392314 5.26353141 -0.17582338
v 0.92053589 5.23055859 -0.18310611
v 0.94961127 5.18908854 -0.18888955
v 0.96830305 5.14317961 -0.19260759
v 0.9012402 5.26353143 -1.5E-07
v 0.93857029 5.23055862 -1.5E-07
v 0.96821519 5.18908857 -1.4E-07
v 0.98727318 5.14317965 -1.3E-07
v 0.88392314 5.26353146 0.17582309
v 0.92053589 5.23055865 0.18310583
v 0.94961127 5.1890886 0.18888927
v 0.96830305 5.14317968 0.19260733
v 0.83263746 5.26353149 0.3448896
v 0.86712596 5.23055868 0.35917523
v 0.89451429 5.18908863 0.37051988
v 0.91212162 5.14317971 0.37781305
v 0.74935386 5.26353152 0.5007021
v 0.78039274 5.23055871 0.52144166
v 0.80504158 5.18908866 0.53791151
v 0.82088771 5.14317973 0.54849956
v 0.63727311 5.26353154 0.63727297
v 0.66366944 5.23055873 0.66366931
v 0.68463162 5.18908868 0.6846315
v 0.69810763 5.14317976 0.69810752
v 0.50070224 5.26353156 0.74935372
v 0.52144179 5.23055875 0.78039261
v 0.53791163 5.1890887 0.80504146
v 0.54849968 5.14317978 0.8208876
v 0.34488974 5.26353157 0.83263732
v 0.35917536 5.23055876 0.86712583
v 0.37052001 5.18908872 0.89451417
v 0.37781317 5.14317979 0.91212151
v 0.17582324 5.26353158 0.88392301
v 0.18310597 5.23055877 0.92053576
v 0.18888941 5.18908873 0.94961115
v 0.19260746 5.1431798 0.96830293
v -1E-08 5.26353158 0.90124006
v -0 5.23055877 0.93857016
v -0 5.18908873 0.96821507
v -0 5.14317981 0.98727307
v -0.17582326 5.26353158 0.88392301
v -0.183106 5.23055877 0.92053576
v -0.18888944 5.18908873 0.94961115
v -0.19260746 5.1431798 0.96830293
v -0.34488976 5.26353157 0.83263732
v -0.35917539 5.23055876 0.86712583
v -0.37052003 5.18908872 0.89451417
v -0.37781319 5.14317979 0.91212151
v -0.50070226 5.26353156 0.74935372
v -0.52144182 5.23055875 0.78039261
v -0.53791165 5.1890887 0.80504146
v -0.5484997 5.14317978 0.8208876
v -0.63727313 5.26353154 0.63727297
v -0.66366946 5.23055873 0.66366931
v -0.68463164 5.18908868 0.6846315
v -0.69810766 5.14317976 0.69810752
v -0.74935388 5.26353152 0.5007021
v -0.78039276 5.23055871 0.52144166
v -0.80504161 5.18908866 0.53791151
v -0.82088774 5.14317973 0.54849956
v -0.83263748 5.26353149 0.3448896
v -0.86712598 5.23055868 0.35917523
v -0.89451431 5.18908863 0.37051988
v -0.91212165 5.14317971 0.37781305
v -0.88392317 5.26353146 0.17582309
v -0.92053591 5.23055865 0.18310583
v -0.9496113 5.1890886 0.18888927
v -0.96830307 5.14317968 0.19260733
v -0.90124022 5.26353143 -1.5E-07
v -0.93857031 5.23055862 -1.5E-07
v -0.96821522 5.18908857 -1.4E-07
v -0.98727321 5.14317965 -1.3E-07
v -0.88392317 5.26353141 -0.17582338
v -0.92053591 5.23055859 -0.18310611
v -0.9496113 5.18908854 -0.18888955
v -0.96830307 5.14317961 -0.19260759
v -0.83263748 5.26353138 -0.3448899
v -0.86712598 5.23055856 -0.35917552
v -0.89451431 5.18908851 -0.37052015
v -0.91212165 5.14317958 -0.37781331
v -0.74935388 5.26353135 -0.5007024
v -0.78039276 5.23055854 -0.52144195
v -0.80504161 5.18908848 -0.53791178
v -0.82088774 5.14317956 -0.54849982
v -0.63727313 5.26353133 -0.63727327
v -0.66366946 5.23055851 -0.66366959
v -0.68463164 5.18908846 -0.68463177
v -0.69810766 5.14317953 -0.69810777
v -0.50070226 5.26353131 -0.74935402
v -0.52144182 5.23055849 -0.78039289
v -0.53791165 5.18908844 -0.80504173
v -0.5484997 5.14317951 -0.82088785
v -0.34488976 5.2635313 -0.83263762
v -0.35917539 5.23055848 -0.86712611
v -0.37052003 5.18908843 -0.89451444
v -0.37781319 5.1431795 -0.91212176
v -0.17582326 5.26353129 -0.8839233
v -0.183106 5.23055847 -0.92053604
v -0.18888944 5.18908842 -0.94961142
v -0.19260746 5.14317949 -0.96830319
v -1E-08 5.26353129 -0.90124036
v -0 5.23055847 -0.93857044
v -0 5.18908841 -0.96821534
v -0 5.14317948 -0.98727332
v -2E-08 5.33849441 -0.70861503
v 0.1382439 5.33849441 -0.69499918
v -2E-08 5.34459173 -0.70144727
v 0.13684553 5.34459173 -0.68796911
v -2E-08 5.35225736 -0.69556066
v 0.13569711 5.35225736 -0.68219563
v -2E-08 5.36074173 -0.69153145
v 0.13491105 5.36074173 -0.67824384
v -2E-08 5.36921369 -0.68975404
v 0.27117519 5.33849442 -0.65467503
v 0.26843218 5.34459174 -0.64805284
v 0.26617948 5.35225737 -0.64261433
v 0.26463757 5.36074173 -0.63889185
v 0.39368532 5.33849443 -0.58919194
v 0.3897031 5.34459175 -0.58323213
v 0.38643269 5.35225738 -0.57833758
v 0.38419417 5.36074175 -0.57498738
v 0.50106636 5.33849444 -0.50106654
v 0.495998 5.34459176 -0.49599814
v 0.49183551 5.3522574 -0.49183569
v 0.48898644 5.36074176 -0.48898658
v 0.58919177 5.33849446 -0.39368549
v 0.58323196 5.34459178 -0.38970328
v 0.57833741 5.35225741 -0.38643286
v 0.57498721 5.36074178 -0.38419435
v 0.65467486 5.33849448 -0.27117536
v 0.64805267 5.3445918 -0.26843235
v 0.64261416 5.35225743 -0.26617966
v 0.63889167 5.3607418 -0.26463775
v 0.69499901 5.3384945 -0.13824406
v 0.68796894 5.34459182 -0.13684569
v 0.68219546 5.35225745 -0.13569729
v 0.67824367 5.36074182 -0.13491122
v 0.70861486 5.33849452 -1.7E-07
v 0.7014471 5.34459184 -1.7E-07
v 0.69556049 5.35225748 -1.7E-07
v 0.69153127 5.36074184 -1.7E-07
v 0.69499901 5.33849455 0.13824374
v 0.68796894 5.34459186 0.13684537
v 0.68219546 5.3522575 0.13569696
v 0.67824367 5.36074186 0.13491089
v 0.65467486 5.33849457 0.27117504
v 0.64805267 5.34459189 0.26843203
v 0.64261416 5.35225752 0.26617933
v 0.63889167 5.36074188 0.26463742
v 0.58919177 5.33849459 0.39368517
v 0.58323196 5.3445919 0.38970296
v 0.57833741 5.35225754 0.38643254
v 0.57498721 5.3607419 0.38419402
v 0.50106642 5.33849461 0.50106628
v 0.495998 5.34459192 0.49599785
v 0.49183557 5.35225756 0.49183539
v 0.48898647 5.36074192 0.48898632
v 0.39368532 5.33849462 0.58919162
v 0.3897031 5.34459194 0.58323181
v 0.38643269 5.35225757 0.57833726
v 0.38419417 5.36074193 0.57498706
v 0.27117519 5.33849463 0.65467471
v 0.26843218 5.34459195 0.64805252
v 0.26617948 5.35225758 0.64261401
v 0.26463757 5.36074194 0.63889152
v 0.1382439 5.33849464 0.69499886
v 0.13684553 5.34459195 0.68796879
v 0.13569711 5.35225759 0.68219531
v 0.13491105 5.36074195 0.67824352
v -2E-08 5.33849464 0.70861471
v -2E-08 5.34459196 0.70144695
v -2E-08 5.35225759 0.69556034
v -2E-08 5.36074195 0.69153112
v -0.13824392 5.33849464 0.69499886
v -0.13684555 5.34459195 0.68796879
v -0.13569715 5.35225759 0.68219531
v -0.13491108 5.36074195 0.67824352
v -0.27117521 5.33849463 0.65467471
v -0.26843224 5.34459195 0.64805252
v -0.26617954 5.35225758 0.64261401
v -0.26463763 5.36074194 0.63889152
v -0.39368534 5.33849462 0.58919162
v -0.38970313 5.34459194 0.58323181
v -0.38643271 5.35225757 0.57833726
v -0.3841942 5.36074193 0.57498706
v -0.50106639 5.33849461 0.50106622
v -0.49599803 5.34459192 0.49599785
v -0.49183557 5.35225756 0.49183539
v -0.48898649 5.36074192 0.48898632
v -0.58919179 5.33849459 0.39368517
v -0.58323198 5.3445919 0.38970296
v -0.57833743 5.35225754 0.38643254
v -0.57498723 5.3607419 0.38419402
v -0.65467489 5.33849457 0.27117504
v -0.64805269 5.34459189 0.26843203
v -0.64261418 5.35225752 0.26617933
v -0.63889169 5.36074188 0.26463742
v -0.6949991 5.33849455 0.13824375
v -0.68796903 5.34459186 0.13684538
v -0.68219554 5.3522575 0.13569696
v -0.67824375 5.36074186 0.13491089
v -0.70861488 5.33849452 -1.7E-07
v -0.70144713 5.34459184 -1.7E-07
v -0.69556051 5.35225748 -1.7E-07
v -0.6915313 5.36074184 -1.7E-07
v -0.6949991 5.3384945 -0.13824407
v -0.68796903 5.34459182 -0.1368457
v -0.68219554 5.35225745 -0.13569729
v -0.67824375 5.36074182 -0.13491122
v -0.65467489 5.33849448 -0.27117536
v -0.64805269 5.3445918 -0.26843235
v -0.64261418 5.35225743 -0.26617966
v -0.63889169 5.3607418 -0.26463775
v -0.58919179 5.33849446 -0.39368549
v -0.58323198 5.34459178 -0.38970328
v -0.57833743 5.35225741 -0.38643286
v -0.57498723 5.36074178 -0.38419435
v -0.50106639 5.33849444 -0.50106654
v -0.49599803 5.34459176 -0.49599817
v -0.49183557 5.3522574 -0.49183572
v -0.48898649 5.36074176 -0.48898664
v -0.39368534 5.33849443 -0.58919194
v -0.38970313 5.34459175 -0.58323213
v -0.38643271 5.35225738 -0.57833758
v -0.3841942 5.36074175 -0.57498738
v -0.27117521 5.33849442 -0.65467503
v -0.26843224 5.34459174 -0.64805284
v -0.26617954 5.35225737 -0.64261433
v -0.26463763 5.36074173 -0.63889185
v -0.13824392 5.33849441 -0.69499918
v -0.13684555 5.34459173 -0.68796911
v -0.13569715 5.35225736 -0.68219563
v -0.13491108 5.36074173 -0.67824384
v -2E-08 5.33849441 -0.70861503
v -2E-08 5.34459173 -0.70144727
v -2E-08 5.35225736 -0.69556066
v -2E-08 5.36074173 -0.69153145
v -4E-08 5.56258165 -0.67619634
vn -0.1945 0.97781 -0.07781
vn -0.19459 0.97825 0.0718
vn 0 0.99742 0.0718
vn 0 0.99697 -0.07781
vn 0.3301 -0.22056 0.91782
vn 0.32214 -0.21525 0.9219
vn 0.27395 -0.27396 0.9219
vn 0.28073 -0.28073 0.91782
vn -0.3301 0.22056 0.91782
vn -0.32214 0.21525 0.9219
vn -0.27395 0.27395 0.9219
vn -0.28073 0.28073 0.91782
vn -0.28072 -0.28073 0.91782
vn -0.27395 -0.27395 0.9219
vn -0.32214 -0.21524 0.9219
vn -0.3301 -0.22056 0.91782
vn -0.22056 0.3301 0.91782
vn -0.21525 0.32214 0.9219
vn -0.14826 0.35794 0.9219
vn -0.15193 0.36679 0.91782
vn 0.38938 0.07745 0.91782
vn 0.37999 0.07558 0.9219
vn 0.38743 0 0.9219
vn 0.39701 0 0.91782
vn -0 -0.39701 0.91782
vn -0 -0.38743 0.9219
vn -0.07558 -0.37999 0.9219
vn -0.07745 -0.38938 0.91782
vn -0.38938 0.07745 0.91782
vn -0.37999 0.07558 0.9219
vn -0.35794 0.14826 0.9219
vn -0.36679 0.15193 0.91782
vn 0.28072 0.28073 0.91782
vn 0.27395 0.27395 0.9219
vn 0.32214 0.21524 0.9219
vn 0.3301 0.22056 0.91782
vn 0.21524 -0.32214 0.9219
vn 0.22056 -0.3301 0.91782
vn -0.35794 -0.14826 0.9219
vn -0.36679 -0.15193 0.91782
vn -0.07558 0.37999 0.9219
vn -0.07745 0.38938 0.91782
vn 0.37999 -0.07558 0.9219
vn 0.38938 -0.07745 0.91782
vn -0.14826 -0.35794 0.9219
vn -0.15193 -0.36679 0.91782
vn 0.22056 0.3301 0.91782
vn 0.21525 0.32214 0.9219
vn 0.14826 -0.35794 0.9219
vn 0.15193 -0.36679 0.91782
vn -0.37999 -0.07558 0.9219
vn -0.38938 -0.07745 0.91782
vn 0.35794 -0.14826 0.9219
vn 0.36679 -0.15193 0.91782
vn -0.21525 -0.32214 0.9219
vn -0.22056 -0.3301 0.91782
vn 0.35794 0.14826 0.9219
vn 0.36679 0.15193 0.91782
vn 0.07558 -0.37999 0.9219
vn 0.07745 -0.38938 0.91782
vn -0.38743 -0 0.9219
vn -0.39701 0 0.91782
vn 0.15193 0.36679 0.91782
vn 0.14826 0.35794 0.9219
vn 0.37899 0.91497 0.13854
vn 0.38245 0.92331 0.03507
vn 0.55523 0.83096 0.03507
vn 0.55021 0.82345 0.13854
vn 0.3817 0.9215 0.0718
vn 0.38152 0.92108 -0.07781
vn 0.1945 0.97781 -0.07781
vn 0.19459 0.97825 0.0718
vn 0.70667 0.70667 0.03507
vn 0.70029 0.70029 0.13854
vn 0.55414 0.82932 0.0718
vn 0.55389 0.82895 -0.07781
vn 0.83096 0.55523 0.03507
vn 0.82345 0.55021 0.13854
vn 0.70528 0.70528 0.0718
vn 0.70496 0.70496 -0.07781
vn 0.92331 0.38245 0.03507
vn 0.91497 0.37899 0.13855
vn 0.82932 0.55414 0.0718
vn 0.82895 0.55389 -0.07781
vn 0.98018 0.19497 0.03507
vn 0.97133 0.19321 0.13854
vn 0.9215 0.3817 0.0718
vn 0.92108 0.38152 -0.07781
vn 0.99938 0 0.03507
vn 0.99036 0 0.13854
vn 0.97825 0.19459 0.0718
vn 0.97781 0.1945 -0.07781
vn 0.98018 -0.19497 0.03507
vn 0.97133 -0.19321 0.13854
vn 0.99742 -0 0.0718
vn 0.99697 0 -0.07781
vn 0.92331 -0.38245 0.03507
vn 0.91497 -0.37899 0.13855
vn 0.97825 -0.19459 0.0718
vn 0.97781 -0.1945 -0.07781
vn 0.83096 -0.55523 0.03507
vn 0.82345 -0.55021 0.13854
vn 0.9215 -0.3817 0.0718
vn 0.92108 -0.38152 -0.07781
vn 0.70667 -0.70667 0.03507
vn 0.70029 -0.70029 0.13854
vn 0.82932 -0.55414 0.0718
vn 0.82895 -0.55389 -0.07781
vn 0.55523 -0.83096 0.03507
vn 0.55021 -0.82345 0.13854
vn 0.70528 -0.70528 0.0718
vn 0.70496 -0.70496 -0.07781
vn 0.38245 -0.92331 0.03507
vn 0.37899 -0.91497 0.13854
vn 0.55414 -0.82932 0.0718
vn 0.55389 -0.82895 -0.07781
vn 0.19497 -0.98018 0.03507
vn 0.19321 -0.97133 0.13854
vn 0.3817 -0.9215 0.0718
vn 0.38152 -0.92108 -0.07781
vn -0 -0.99938 0.03507
vn 0 -0.99036 0.13855
vn 0.19459 -0.97825 0.0718
vn 0.1945 -0.97781 -0.07781
vn -0.19497 -0.98018 0.03507
vn -0.19321 -0.97133 0.13855
vn -0 -0.99742 0.0718
vn 0 -0.99697 -0.07781
vn -0.38245 -0.92331 0.03507
vn -0.37899 -0.91497 0.13854
vn -0.19459 -0.97825 0.0718
vn -0.1945 -0.97781 -0.07781
vn -0.55523 -0.83096 0.03507
vn -0.55021 -0.82345 0.13855
vn -0.3817 -0.9215 0.0718
vn -0.38152 -0.92108 -0.07781
vn -0.70667 -0.70667 0.03507
vn -0.70029 -0.70029 0.13855
vn -0.55414 -0.82932 0.0718
vn -0.55389 -0.82895 -0.07781
vn -0.83096 -0.55523 0.03507
vn -0.82345 -0.55021 0.13854
vn -0.70528 -0.70528 0.0718
vn -0.70496 -0.70496 -0.07781
vn -0.92331 -0.38245 0.03507
vn -0.91497 -0.37899 0.13855
vn -0.82932 -0.55414 0.0718
vn -0.82895 -0.55389 -0.07781
vn -0.98018 -0.19497 0.03507
vn -0.97133 -0.19321 0.13854
vn -0.9215 -0.3817 0.0718
vn -0.92108 -0.38152 -0.07781
vn -0.99938 -0 0.03507
vn -0.99036 0 0.13854
vn -0.97825 -0.19459 0.0718
vn -0.97781 -0.1945 -0.07781
vn -0.98018 0.19497 0.03507
vn -0.97133 0.19321 0.13854
vn -0.99742 0 0.0718
vn -0.99697 0 -0.07781
vn -0.92331 0.38245 0.03507
vn -0.91497 0.37899 0.13855
vn -0.97825 0.19459 0.0718
vn -0.97781 0.1945 -0.07781
vn -0.83096 0.55523 0.03507
vn -0.82345 0.55021 0.13854
vn -0.9215 0.3817 0.0718
vn -0.92108 0.38152 -0.07781
vn -0.70667 0.70667 0.03507
vn -0.70029 0.70029 0.13855
vn -0.82932 0.55414 0.0718
vn -0.82895 0.55389 -0.07781
vn -0.55523 0.83096 0.03507
vn -0.55021 0.82345 0.13855
vn -0.70528 0.70528 0.0718
vn -0.70496 0.70496 -0.07781
vn -0.38245 0.92331 0.03507
vn -0.37899 0.91497 0.13854
vn -0.55414 0.82932 0.0718
vn -0.55389 0.82895 -0.07781
vn -0.19497 0.98018 0.03507
vn -0.19321 0.97133 0.13855
vn -0.3817 0.9215 0.0718
vn -0.38152 0.92108 -0.07781
vn 0.19321 0.97133 0.13854
vn 0.19497 0.98018 0.03507
vn -0 0.38743 0.9219
vn -0 0.39701 0.91782
vn -0 0.99938 0.03507
vn 0 0.99036 0.13855
vn 0.07745 0.38938 0.91782
vn 0.07558 0.37999 0.9219
vn 0.18564 0.93328 -0.30745
vn 0 0.95157 -0.30745
vn 0.15823 0.79549 -0.58494
vn -0 0.81108 -0.58494
vn 0.11556 0.58097 -0.80568
vn 0 0.59235 -0.80568
vn 0.06175 0.31042 -0.94859
vn -0 0.3165 -0.94859
vn 0.01618 0.08134 -0.99656
vn -0 0.08293 -0.99656
vn 0.36415 0.87913 -0.30745
vn 0.31039 0.74934 -0.58494
vn 0.22668 0.54726 -0.80568
vn 0.12112 0.29241 -0.94859
vn 0.03174 0.07662 -0.99656
vn 0.52866 0.7912 -0.30745
vn 0.45061 0.67439 -0.58494
vn 0.32909 0.49252 -0.80568
vn 0.17584 0.26316 -0.94859
vn 0.04608 0.06896 -0.99656
vn 0.67286 0.67286 -0.30745
vn 0.57352 0.57352 -0.58494
vn 0.41886 0.41886 -0.80568
vn 0.2238 0.2238 -0.94859
vn 0.05864 0.05864 -0.99656
vn 0.7912 0.52866 -0.30745
vn 0.67439 0.45061 -0.58494
vn 0.49252 0.32909 -0.80568
vn 0.26316 0.17584 -0.94859
vn 0.06896 0.04608 -0.99656
vn 0.87913 0.36415 -0.30745
vn 0.74934 0.31039 -0.58493
vn 0.54726 0.22668 -0.80568
vn 0.29241 0.12112 -0.94859
vn 0.07662 0.03174 -0.99655
vn 0.93328 0.18564 -0.30745
vn 0.79549 0.15823 -0.58494
vn 0.58097 0.11556 -0.80568
vn 0.31042 0.06175 -0.94859
vn 0.08134 0.01618 -0.99656
vn 0.95157 0 -0.30745
vn 0.81108 0 -0.58494
vn 0.59235 0 -0.80568
vn 0.3165 0 -0.94859
vn 0.08293 -0 -0.99656
vn 0.93328 -0.18564 -0.30745
vn 0.79549 -0.15823 -0.58494
vn 0.58097 -0.11556 -0.80568
vn 0.31042 -0.06175 -0.94859
vn 0.08134 -0.01618 -0.99656
vn 0.87913 -0.36415 -0.30745
vn 0.74934 -0.31039 -0.58493
vn 0.54726 -0.22668 -0.80568
vn 0.29241 -0.12112 -0.94859
vn 0.07662 -0.03174 -0.99655
vn 0.7912 -0.52866 -0.30745
vn 0.67439 -0.45061 -0.58494
vn 0.49252 -0.32909 -0.80568
vn 0.26316 -0.17584 -0.94859
vn 0.06896 -0.04608 -0.99656
vn 0.67286 -0.67286 -0.30745
vn 0.57352 -0.57352 -0.58494
vn 0.41886 -0.41886 -0.80568
vn 0.2238 -0.2238 -0.94859
vn 0.05864 -0.05864 -0.99656
vn 0.52866 -0.7912 -0.30745
vn 0.45061 -0.67439 -0.58494
vn 0.32909 -0.49252 -0.80568
vn 0.17584 -0.26316 -0.94859
vn 0.04607 -0.06896 -0.99656
vn 0.36415 -0.87913 -0.30745
vn 0.31039 -0.74934 -0.58494
vn 0.22668 -0.54726 -0.80568
vn 0.12112 -0.29241 -0.94859
vn 0.03174 -0.07662 -0.99656
vn 0.18564 -0.93328 -0.30745
vn 0.15823 -0.79549 -0.58494
vn 0.11556 -0.58097 -0.80568
vn 0.06175 -0.31042 -0.94859
vn 0.01618 -0.08134 -0.99656
vn 0 -0.95157 -0.30745
vn 0 -0.81108 -0.58494
vn 0 -0.59235 -0.80568
vn 0 -0.3165 -0.94859
vn 0 -0.08293 -0.99656
vn -0.18564 -0.93328 -0.30745
vn -0.15823 -0.79549 -0.58494
vn -0.11556 -0.58097 -0.80568
vn -0.06175 -0.31042 -0.94859
vn -0.01618 -0.08134 -0.99656
vn -0.36415 -0.87913 -0.30745
vn -0.31039 -0.74934 -0.58494
vn -0.22668 -0.54726 -0.80568
vn -0.12112 -0.29241 -0.94859
vn -0.03174 -0.07662 -0.99656
vn -0.52866 -0.7912 -0.30745
vn -0.45061 -0.67439 -0.58494
vn -0.32909 -0.49252 -0.80568
vn -0.17584 -0.26316 -0.94859
vn -0.04608 -0.06896 -0.99656
vn -0.67286 -0.67286 -0.30745
vn -0.57352 -0.57352 -0.58494
vn -0.41886 -0.41886 -0.80568
vn -0.2238 -0.2238 -0.94859
vn -0.05864 -0.05864 -0.99656
vn -0.7912 -0.52866 -0.30745
vn -0.67439 -0.45061 -0.58494
vn -0.49252 -0.32909 -0.80568
vn -0.26316 -0.17584 -0.94859
vn -0.06896 -0.04608 -0.99656
vn -0.87913 -0.36415 -0.30745
vn -0.74934 -0.31039 -0.58493
vn -0.54726 -0.22668 -0.80568
vn -0.29241 -0.12112 -0.94859
vn -0.07662 -0.03174 -0.99656
vn -0.93328 -0.18564 -0.30745
vn -0.79549 -0.15823 -0.58494
vn -0.58097 -0.11556 -0.80568
vn -0.31042 -0.06175 -0.94859
vn -0.08134 -0.01618 -0.99656
vn -0.95157 0 -0.30745
vn -0.81108 0 -0.58494
vn -0.59235 -0 -0.80568
vn -0.3165 -0 -0.94859
vn -0.08293 0 -0.99656
vn -0.93328 0.18564 -0.30745
vn -0.79549 0.15823 -0.58494
vn -0.58097 0.11556 -0.80568
vn -0.31042 0.06175 -0.94859
vn -0.08134 0.01618 -0.99656
vn -0.87913 0.36415 -0.30745
vn -0.74934 0.31039 -0.58493
vn -0.54726 0.22668 -0.80568
vn -0.29241 0.12112 -0.94859
vn -0.07662 0.03174 -0.99656
vn -0.7912 0.52866 -0.30745
vn -0.67439 0.45061 -0.58494
vn -0.49252 0.32909 -0.80568
vn -0.26316 0.17584 -0.94859
vn -0.06896 0.04608 -0.99656
vn -0.67286 0.67286 -0.30745
vn -0.57352 0.57352 -0.58494
vn -0.41886 0.41886 -0.80568
vn -0.2238 0.2238 -0.94859
vn -0.05864 0.05864 -0.99656
vn -0.52866 0.7912 -0.30745
vn -0.45061 0.67439 -0.58494
vn -0.32909 0.49252 -0.80568
vn -0.17584 0.26316 -0.94859
vn -0.04607 0.06896 -0.99656
vn -0.36415 0.87913 -0.30745
vn -0.31039 0.74934 -0.58494
vn -0.22668 0.54726 -0.80568
vn -0.12112 0.29241 -0.94859
vn -0.03174 0.07662 -0.99656
vn -0.18564 0.93328 -0.30745
vn -0.15823 0.79549 -0.58494
vn -0.11556 0.58097 -0.80568
vn -0.06175 0.31042 -0.94859
vn -0.01618 0.08134 -0.99656
vn 0.11102 0.55815 0.82228
vn 0 0.56908 0.82228
vn 0.14547 0.73134 0.66632
vn 0 0.74566 0.66632
vn 0.17087 0.859 0.48262
vn -0 0.87583 0.48262
vn 0.18822 0.94623 0.2631
vn -0 0.96477 0.2631
vn 0.21778 0.52576 0.82228
vn 0.28535 0.6889 0.66632
vn 0.33517 0.80916 0.48262
vn 0.3692 0.89133 0.2631
vn 0.31616 0.47317 0.82228
vn 0.41427 0.62 0.66632
vn 0.48658 0.72823 0.48262
vn 0.536 0.80218 0.2631
vn 0.4024 0.4024 0.82228
vn 0.52726 0.52726 0.66632
vn 0.6193 0.6193 0.48262
vn 0.68219 0.68219 0.2631
vn 0.47317 0.31616 0.82228
vn 0.62 0.41427 0.66632
vn 0.72822 0.48658 0.48262
vn 0.80218 0.536 0.2631
vn 0.52576 0.21778 0.82228
vn 0.6889 0.28535 0.66632
vn 0.80916 0.33517 0.48262
vn 0.89133 0.3692 0.2631
vn 0.55815 0.11102 0.82228
vn 0.73134 0.14547 0.66632
vn 0.859 0.17087 0.48262
vn 0.94623 0.18822 0.2631
vn 0.56908 0 0.82228
vn 0.74566 0 0.66632
vn 0.87583 0 0.48262
vn 0.96477 0 0.2631
vn 0.55815 -0.11102 0.82228
vn 0.73134 -0.14547 0.66632
vn 0.859 -0.17087 0.48262
vn 0.94623 -0.18822 0.2631
vn 0.52576 -0.21778 0.82228
vn 0.6889 -0.28535 0.66632
vn 0.80916 -0.33516 0.48262
vn 0.89133 -0.3692 0.2631
vn 0.47317 -0.31617 0.82228
vn 0.62 -0.41427 0.66632
vn 0.72822 -0.48658 0.48262
vn 0.80218 -0.536 0.2631
vn 0.4024 -0.4024 0.82228
vn 0.52726 -0.52726 0.66632
vn 0.6193 -0.6193 0.48262
vn 0.68219 -0.68219 0.2631
vn 0.31616 -0.47317 0.82228
vn 0.41427 -0.62 0.66632
vn 0.48658 -0.72822 0.48262
vn 0.536 -0.80218 0.2631
vn 0.21778 -0.52576 0.82228
vn 0.28535 -0.6889 0.66632
vn 0.33517 -0.80916 0.48262
vn 0.3692 -0.89133 0.2631
vn 0.11102 -0.55815 0.82228
vn 0.14547 -0.73134 0.66632
vn 0.17087 -0.859 0.48262
vn 0.18822 -0.94623 0.2631
vn -0 -0.56908 0.82228
vn -0 -0.74566 0.66632
vn 0 -0.87583 0.48262
vn 0 -0.96477 0.2631
vn -0.11102 -0.55815 0.82228
vn -0.14547 -0.73134 0.66632
vn -0.17087 -0.859 0.48262
vn -0.18822 -0.94623 0.2631
vn -0.21778 -0.52576 0.82228
vn -0.28535 -0.6889 0.66632
vn -0.33517 -0.80916 0.48262
vn -0.3692 -0.89133 0.2631
vn -0.31616 -0.47317 0.82228
vn -0.41427 -0.62 0.66632
vn -0.48658 -0.72823 0.48262
vn -0.536 -0.80218 0.2631
vn -0.4024 -0.4024 0.82228
vn -0.52726 -0.52726 0.66632
vn -0.6193 -0.6193 0.48262
vn -0.68219 -0.68219 0.2631
vn -0.47317 -0.31616 0.82228
vn -0.62 -0.41427 0.66632
vn -0.72822 -0.48658 0.48262
vn -0.80218 -0.536 0.2631
vn -0.52576 -0.21778 0.82228
vn -0.6889 -0.28535 0.66632
vn -0.80916 -0.33517 0.48262
vn -0.89133 -0.3692 0.2631
vn -0.55815 -0.11102 0.82228
vn -0.73134 -0.14547 0.66632
vn -0.859 -0.17087 0.48262
vn -0.94623 -0.18822 0.2631
vn -0.56908 0 0.82228
vn -0.74566 0 0.66632
vn -0.87583 0 0.48262
vn -0.96477 0 0.2631
vn -0.55815 0.11102 0.82228
vn -0.73134 0.14547 0.66632
vn -0.859 0.17087 0.48262
vn -0.94623 0.18822 0.2631
vn -0.52576 0.21778 0.82228
vn -0.6889 0.28535 0.66632
vn -0.80916 0.33516 0.48262
vn -0.89133 0.3692 0.2631
vn -0.47317 0.31617 0.82228
vn -0.62 0.41427 0.66632
vn -0.72822 0.48658 0.48262
vn -0.80218 0.536 0.2631
vn -0.4024 0.4024 0.82228
vn -0.52726 0.52726 0.66632
vn -0.6193 0.6193 0.48262
vn -0.68219 0.68219 0.2631
vn -0.31616 0.47317 0.82228
vn -0.41427 0.62 0.66632
vn -0.48658 0.72822 0.48262
vn -0.536 0.80218 0.2631
vn -0.21778 0.52576 0.82228
vn -0.28535 0.6889 0.66632
vn -0.33517 0.80916 0.48262
vn -0.3692 0.89133 0.2631
vn -0.11102 0.55815 0.82228
vn -0.14547 0.73134 0.66632
vn -0.17087 0.859 0.48262
vn -0.18822 0.94623 0.2631
vn 0 0.54894 0.83586
vn 0.10709 0.5384 0.83586
vn 0 0.72141 0.69251
vn 0.14074 0.70755 0.69251
vn -0 0.85117 0.52489
vn 0.16606 0.83482 0.52489
vn -0 0.94686 0.32164
vn 0.18472 0.92867 0.32164
vn 0.21007 0.50716 0.83586
vn 0.27607 0.66649 0.69251
vn 0.32573 0.78638 0.52489
vn 0.36235 0.87479 0.32164
vn 0.30498 0.45643 0.83586
vn 0.40079 0.59983 0.69251
vn 0.47288 0.70772 0.52489
vn 0.52605 0.78729 0.32164
vn 0.38816 0.38816 0.83586
vn 0.51011 0.51011 0.69251
vn 0.60187 0.60187 0.52489
vn 0.66953 0.66953 0.32164
vn 0.45643 0.30498 0.83586
vn 0.59983 0.40079 0.69251
vn 0.70772 0.47288 0.52489
vn 0.78729 0.52605 0.32164
vn 0.50716 0.21007 0.83586
vn 0.66649 0.27607 0.69251
vn 0.78638 0.32573 0.52489
vn 0.87479 0.36235 0.32164
vn 0.5384 0.10709 0.83586
vn 0.70755 0.14074 0.69251
vn 0.83482 0.16605 0.52489
vn 0.92867 0.18472 0.32164
vn 0.54894 0 0.83586
vn 0.72141 0 0.69251
vn 0.85117 0 0.52489
vn 0.94686 0 0.32164
vn 0.5384 -0.10709 0.83586
vn 0.70755 -0.14074 0.69251
vn 0.83482 -0.16605 0.52489
vn 0.92867 -0.18472 0.32164
vn 0.50716 -0.21007 0.83586
vn 0.6665 -0.27607 0.69251
vn 0.78638 -0.32573 0.52489
vn 0.87479 -0.36235 0.32164
vn 0.45643 -0.30498 0.83586
vn 0.59983 -0.40079 0.69251
vn 0.70772 -0.47288 0.52489
vn 0.78729 -0.52605 0.32164
vn 0.38816 -0.38816 0.83586
vn 0.51011 -0.51011 0.69251
vn 0.60187 -0.60187 0.52489
vn 0.66953 -0.66953 0.32164
vn 0.30498 -0.45643 0.83586
vn 0.40079 -0.59983 0.69251
vn 0.47288 -0.70772 0.52489
vn 0.52605 -0.78729 0.32164
vn 0.21007 -0.50716 0.83586
vn 0.27607 -0.66649 0.69251
vn 0.32573 -0.78638 0.52489
vn 0.36235 -0.87479 0.32164
vn 0.10709 -0.5384 0.83586
vn 0.14074 -0.70755 0.69251
vn 0.16606 -0.83482 0.52489
vn 0.18472 -0.92867 0.32164
vn -0 -0.54894 0.83586
vn 0 -0.72141 0.69251
vn 0 -0.85117 0.52489
vn -0 -0.94686 0.32164
vn -0.10709 -0.5384 0.83586
vn -0.14074 -0.70755 0.69251
vn -0.16605 -0.83481 0.52489
vn -0.18472 -0.92867 0.32164
vn -0.21007 -0.50716 0.83586
vn -0.27607 -0.66649 0.69251
vn -0.32573 -0.78638 0.52489
vn -0.36235 -0.87479 0.32164
vn -0.30498 -0.45643 0.83586
vn -0.40079 -0.59983 0.69251
vn -0.47288 -0.70772 0.52489
vn -0.52605 -0.78729 0.32164
vn -0.38816 -0.38816 0.83586
vn -0.51011 -0.51011 0.69251
vn -0.60187 -0.60187 0.52489
vn -0.66953 -0.66953 0.32164
vn -0.45643 -0.30498 0.83586
vn -0.59983 -0.40079 0.69251
vn -0.70772 -0.47288 0.52489
vn -0.78729 -0.52605 0.32164
vn -0.50716 -0.21007 0.83586
vn -0.66649 -0.27607 0.69251
vn -0.78638 -0.32573 0.52489
vn -0.87479 -0.36235 0.32164
vn -0.5384 -0.10709 0.83586
vn -0.70755 -0.14074 0.69251
vn -0.83482 -0.16605 0.52489
vn -0.92867 -0.18472 0.32164
vn -0.54894 0 0.83586
vn -0.72141 0 0.69251
vn -0.85117 -0 0.52489
vn -0.94686 0 0.32164
vn -0.5384 0.10709 0.83586
vn -0.70755 0.14074 0.69251
vn -0.83482 0.16605 0.52489
vn -0.92867 0.18472 0.32164
vn -0.50716 0.21007 0.83586
vn -0.6665 0.27607 0.69251
vn -0.78638 0.32573 0.52489
vn -0.87479 0.36235 0.32164
vn -0.45643 0.30498 0.83586
vn -0.59983 0.40079 0.69251
vn -0.70772 0.47288 0.52489
vn -0.78729 0.52605 0.32164
vn -0.38816 0.38816 0.83586
vn -0.51011 0.51011 0.69251
vn -0.60187 0.60187 0.52489
vn -0.66953 0.66953 0.32164
vn -0.30498 0.45643 0.83586
vn -0.40079 0.59983 0.69251
vn -0.47288 0.70772 0.52489
vn -0.52605 0.78729 0.32164
vn -0.21007 0.50716 0.83586
vn -0.27607 0.66649 0.69251
vn -0.32573 0.78638 0.52489
vn -0.36235 0.87479 0.32164
vn -0.10709 0.5384 0.83586
vn -0.14074 0.70755 0.69251
vn -0.16605 0.83481 0.52489
vn -0.18472 0.92867 0.32164
vt 0.03125 0.48762
vt 0.03125 0.014
vt 0.0001 0.014
vt 0 0.48762
vt 0.65625 0
vt 0.625 0
vt 0.15625 0
vt 0.125 0
vt 0.375 0
vt 0.34375 0
vt 0.09375 0
vt 0.0625 0
vt 0.78125 0
vt 0.75 0
vt 0.5 0
vt 0.46875 0
vt 0.21875 0
vt 0.1875 0
vt 0.875 0
vt 0.84375 0
vt 0.59375 0
vt 0.3125 0
vt 0.03125 0
vt 0.71875 0
vt 0.71875 0
vt 0.4375 0
vt 0.90625 0
vt 0.5625 0
vt 0.28125 0
vt 0.6875 0
vt 0.40625 0
vt 0.40625 0
vt 0.8125 0
vt 0.53125 0
vt 0.25 0
vt 0.9375 0
vt 0.375 0
vt 0.09375 0
vt 0.9375 0
vt 0.9375 0.014
vt 0.9375 0.48762
vt 0.96875 0.48762
vt 0.96875 0.014
vt 0.90625 0.014
vt 0.90625 0.48762
vt 0.9375 0.48762
vt 0.9375 0.014
vt 0.875 0.014
vt 0.875 0.48762
vt 0.90625 0.48762
vt 0.90625 0.014
vt 0.84375 0.014
vt 0.84375 0.48762
vt 0.875 0.48762
vt 0.8125 0.014
vt 0.8125 0.48762
vt 0.84375 0.48762
vt 0.84375 0.014
vt 0.78125 0
vt 0.78125 0.014
vt 0.78125 0.48762
vt 0.8125 0.48762
vt 0.8125 0.014
vt 0.75 0.014
vt 0.75 0.48762
vt 0.78125 0.48762
vt 0.78125 0.014
vt 0.71875 0.014
vt 0.71875 0.48762
vt 0.75 0.48762
vt 0.75 0.014
vt 0.6875 0
vt 0.6875 0.014
vt 0.6875 0.48762
vt 0.71875 0.48762
vt 0.65625 0.014
vt 0.65625 0.48762
vt 0.6875 0.48762
vt 0.625 0.014
vt 0.625 0.48762
vt 0.65625 0.48762
vt 0.65625 0.014
vt 0.59375 0.014
vt 0.59375 0.48762
vt 0.625 0.48762
vt 0.5625 0.014
vt 0.5625 0.48762
vt 0.59375 0.48762
vt 0.59375 0.014
vt 0.53125 0.014
vt 0.53125 0.48762
vt 0.5625 0.48762
vt 0.5 0.014
vt 0.5 0.48762
vt 0.53125 0.48762
vt 0.46875 0
vt 0.46875 0.014
vt 0.46875 0.48762
vt 0.5 0.48762
vt 0.4375 0
vt 0.4375 0.014
vt 0.4375 0.48762
vt 0.46875 0.48762
vt 0.46875 0.014
vt 0.40625 0.014
vt 0.40625 0.48762
vt 0.4375 0.48762
vt 0.4375 0.014
vt 0.375 0.014
vt 0.375 0.48762
vt 0.40625 0.48762
vt 0.40625 0.014
vt 0.34375 0
vt 0.34375 0.014
vt 0.34375 0.48762
vt 0.375 0.48762
vt 0.3125 0.014
vt 0.3125 0.48762
vt 0.34375 0.48762
vt 0.34375 0.014
vt 0.28125 0.014
vt 0.28125 0.48762
vt 0.3125 0.48762
vt 0.25 0.014
vt 0.25 0.48762
vt 0.28125 0.48762
vt 0.21875 0
vt 0.21875 0.014
vt 0.21875 0.48762
vt 0.25 0.48762
vt 0.1875 0.014
vt 0.1875 0.48762
vt 0.21875 0.48762
vt 0.21875 0.014
vt 0.15625 0.014
vt 0.15625 0.48762
vt 0.1875 0.48762
vt 0.1875 0.014
vt 0.125 0.014
vt 0.125 0.48762
vt 0.15625 0.48762
vt 0.15625 0.014
vt 0.09375 0.014
vt 0.09375 0.48762
vt 0.125 0.48762
vt 0.0625 0.014
vt 0.0625 0.48762
vt 0.09375 0.48762
vt 0.09375 0.014
vt 0.03125 0.48762
vt 0.0625 0.48762
vt 0.96875 0
vt 1E-05 0
vt 5E-05 0
vt 0 0
vt 0.99995 0
vt 0.99999 0
vt 1 0.48762
vt 0.96875 0.48762
vt 0.96885 0.49145
vt 0.9999 0.49145
vt 0.96912 0.4949
vt 0.99963 0.4949
vt 0.96956 0.5
vt 0.99919 0.5
vt 0.75121 0.51012
vt 0.79561 0.51449
vt 0.79277 0.53499
vt 0.75 0.53078
vt 0.79095 0.54411
vt 0.75 0.54008
vt 0.9376 0.49145
vt 0.96865 0.49145
vt 0.93787 0.4949
vt 0.96838 0.4949
vt 0.93831 0.5
vt 0.96794 0.5
vt 0.79798 0.51496
vt 0.84068 0.52792
vt 0.83389 0.54747
vt 0.83033 0.55606
vt 0.90635 0.49145
vt 0.9374 0.49145
vt 0.90662 0.4949
vt 0.93713 0.4949
vt 0.90706 0.5
vt 0.93669 0.5
vt 0.84292 0.52884
vt 0.88227 0.54987
vt 0.87179 0.56773
vt 0.86663 0.57546
vt 0.8751 0.49145
vt 0.90615 0.49145
vt 0.87537 0.4949
vt 0.90588 0.4949
vt 0.87581 0.5
vt 0.90544 0.5
vt 0.88428 0.55122
vt 0.91877 0.57952
vt 0.90501 0.59499
vt 0.89844 0.60156
vt 0.84385 0.49145
vt 0.8749 0.49145
vt 0.84412 0.4949
vt 0.87463 0.4949
vt 0.84456 0.5
vt 0.87419 0.5
vt 0.92048 0.58123
vt 0.94878 0.61572
vt 0.93227 0.62821
vt 0.92454 0.63337
vt 0.8126 0.49145
vt 0.84365 0.49145
vt 0.81287 0.4949
vt 0.84338 0.4949
vt 0.81331 0.5
vt 0.84294 0.5
vt 0.95013 0.61773
vt 0.97116 0.65708
vt 0.95253 0.66611
vt 0.94394 0.66967
vt 0.78135 0.49145
vt 0.8124 0.49145
vt 0.78162 0.4949
vt 0.81213 0.4949
vt 0.78206 0.5
vt 0.81169 0.5
vt 0.97208 0.65932
vt 0.98504 0.70202
vt 0.96501 0.70723
vt 0.95589 0.70905
vt 0.7501 0.49145
vt 0.78115 0.49145
vt 0.75037 0.4949
vt 0.78088 0.4949
vt 0.75081 0.5
vt 0.78044 0.5
vt 0.98551 0.70439
vt 0.98988 0.74879
vt 0.96922 0.75
vt 0.95992 0.75
vt 0.71885 0.49145
vt 0.7499 0.49145
vt 0.71912 0.4949
vt 0.74963 0.4949
vt 0.71956 0.5
vt 0.74919 0.5
vt 0.98988 0.75121
vt 0.98551 0.79561
vt 0.96501 0.79277
vt 0.95589 0.79095
vt 0.6876 0.49145
vt 0.71865 0.49145
vt 0.68787 0.4949
vt 0.71838 0.4949
vt 0.68831 0.5
vt 0.71794 0.5
vt 0.98504 0.79798
vt 0.97208 0.84068
vt 0.95253 0.83389
vt 0.94394 0.83033
vt 0.65635 0.49145
vt 0.6874 0.49145
vt 0.65662 0.4949
vt 0.68713 0.4949
vt 0.65706 0.5
vt 0.68669 0.5
vt 0.97116 0.84292
vt 0.95013 0.88227
vt 0.93227 0.87179
vt 0.92454 0.86663
vt 0.6251 0.49145
vt 0.65615 0.49145
vt 0.62537 0.4949
vt 0.65588 0.4949
vt 0.62581 0.5
vt 0.65544 0.5
vt 0.94878 0.88428
vt 0.92048 0.91877
vt 0.90501 0.90501
vt 0.89844 0.89844
vt 0.59385 0.49145
vt 0.6249 0.49145
vt 0.59412 0.4949
vt 0.62463 0.4949
vt 0.59456 0.5
vt 0.62419 0.5
vt 0.91877 0.92048
vt 0.88428 0.94878
vt 0.87179 0.93227
vt 0.86663 0.92454
vt 0.5626 0.49145
vt 0.59365 0.49145
vt 0.56287 0.4949
vt 0.59338 0.4949
vt 0.56331 0.5
vt 0.59294 0.5
vt 0.88227 0.95013
vt 0.84292 0.97116
vt 0.83389 0.95253
vt 0.83033 0.94394
vt 0.53135 0.49145
vt 0.5624 0.49145
vt 0.53162 0.4949
vt 0.56213 0.4949
vt 0.53206 0.5
vt 0.56169 0.5
vt 0.84068 0.97208
vt 0.79798 0.98504
vt 0.79277 0.96501
vt 0.79095 0.95589
vt 0.5001 0.49145
vt 0.53115 0.49145
vt 0.50037 0.4949
vt 0.53088 0.4949
vt 0.50081 0.5
vt 0.53044 0.5
vt 0.79561 0.98551
vt 0.75121 0.98988
vt 0.75 0.96922
vt 0.75 0.95992
vt 0.46885 0.49145
vt 0.4999 0.49145
vt 0.46912 0.4949
vt 0.49963 0.4949
vt 0.46956 0.5
vt 0.49919 0.5
vt 0.74879 0.98988
vt 0.70439 0.98551
vt 0.70723 0.96501
vt 0.70905 0.95589
vt 0.4376 0.49145
vt 0.46865 0.49145
vt 0.43787 0.4949
vt 0.46838 0.4949
vt 0.43831 0.5
vt 0.46794 0.5
vt 0.70202 0.98504
vt 0.65932 0.97208
vt 0.66611 0.95253
vt 0.66967 0.94394
vt 0.40635 0.49145
vt 0.4374 0.49145
vt 0.40662 0.4949
vt 0.43713 0.4949
vt 0.40706 0.5
vt 0.43669 0.5
vt 0.65708 0.97116
vt 0.61773 0.95013
vt 0.62821 0.93227
vt 0.63337 0.92454
vt 0.3751 0.49145
vt 0.40615 0.49145
vt 0.37537 0.4949
vt 0.40588 0.4949
vt 0.37581 0.5
vt 0.40544 0.5
vt 0.61572 0.94878
vt 0.58123 0.92048
vt 0.59499 0.90501
vt 0.60156 0.89844
vt 0.34385 0.49145
vt 0.3749 0.49145
vt 0.34412 0.4949
vt 0.37463 0.4949
vt 0.34456 0.5
vt 0.37419 0.5
vt 0.57952 0.91877
vt 0.55122 0.88428
vt 0.56773 0.87179
vt 0.57546 0.86663
vt 0.3126 0.49145
vt 0.34365 0.49145
vt 0.31287 0.4949
vt 0.34338 0.4949
vt 0.31331 0.5
vt 0.34294 0.5
vt 0.54987 0.88227
vt 0.52884 0.84292
vt 0.54747 0.83389
vt 0.55606 0.83033
vt 0.28135 0.49145
vt 0.3124 0.49145
vt 0.28162 0.4949
vt 0.31213 0.4949
vt 0.28206 0.5
vt 0.31169 0.5
vt 0.52792 0.84068
vt 0.51496 0.79798
vt 0.53499 0.79277
vt 0.54411 0.79095
vt 0.2501 0.49145
vt 0.28115 0.49145
vt 0.25037 0.4949
vt 0.28088 0.4949
vt 0.25081 0.5
vt 0.28044 0.5
vt 0.51449 0.79561
vt 0.51012 0.75121
vt 0.53078 0.75
vt 0.54008 0.75
vt 0.21885 0.49145
vt 0.2499 0.49145
vt 0.21912 0.4949
vt 0.24963 0.4949
vt 0.21956 0.5
vt 0.24919 0.5
vt 0.51012 0.74879
vt 0.51449 0.70439
vt 0.53499 0.70723
vt 0.54411 0.70905
vt 0.1876 0.49145
vt 0.21865 0.49145
vt 0.18787 0.4949
vt 0.21838 0.4949
vt 0.18831 0.5
vt 0.21794 0.5
vt 0.51496 0.70202
vt 0.52792 0.65932
vt 0.54747 0.66611
vt 0.55606 0.66967
vt 0.15635 0.49145
vt 0.1874 0.49145
vt 0.15662 0.4949
vt 0.18713 0.4949
vt 0.15706 0.5
vt 0.18669 0.5
vt 0.52884 0.65708
vt 0.54987 0.61773
vt 0.56773 0.62821
vt 0.57546 0.63337
vt 0.1251 0.49145
vt 0.15615 0.49145
vt 0.12537 0.4949
vt 0.15588 0.4949
vt 0.12581 0.5
vt 0.15544 0.5
vt 0.55122 0.61572
vt 0.57952 0.58123
vt 0.59499 0.59499
vt 0.60156 0.60156
vt 0.09385 0.49145
vt 0.1249 0.49145
vt 0.09412 0.4949
vt 0.12463 0.4949
vt 0.09456 0.5
vt 0.12419 0.5
vt 0.58123 0.57952
vt 0.61572 0.55122
vt 0.62821 0.56773
vt 0.63337 0.57546
vt 0.0626 0.49145
vt 0.09365 0.49145
vt 0.06287 0.4949
vt 0.09338 0.4949
vt 0.06331 0.5
vt 0.09294 0.5
vt 0.61773 0.54987
vt 0.65708 0.52884
vt 0.66611 0.54747
vt 0.66967 0.55606
vt 0.03135 0.49145
vt 0.0624 0.49145
vt 0.03162 0.4949
vt 0.06213 0.4949
vt 0.03206 0.5
vt 0.06169 0.5
vt 0.65932 0.52792
vt 0.70202 0.51496
vt 0.70723 0.53499
vt 0.70905 0.54411
vt 0.0001 0.49145
vt 0.03115 0.49145
vt 0.00037 0.4949
vt 0.03088 0.4949
vt 0.00081 0.5
vt 0.03044 0.5
vt 0.70439 0.51449
vt 0.74879 0.51012
vt 0.96875 0
vt 0.99989 0
vt 0.96875 0
vt 0.99977 0
vt 0.96875 0.00489
vt 0.9995 0.00489
vt 0.96875 0.00945
vt 0.9998 0.00945
vt 0.96875 0.014
vt 0.9999 0.014
vt 0.9375 0.00489
vt 0.9375 0.00945
vt 0.90625 0
vt 0.90625 0.00489
vt 0.90625 0.00945
vt 0.875 0.00489
vt 0.875 0.00945
vt 0.84375 0.00489
vt 0.84375 0.00945
vt 0.8125 0.00489
vt 0.8125 0.00945
vt 0.78125 0.00489
vt 0.78125 0.00945
vt 0.75 0.00489
vt 0.75 0.00945
vt 0.71875 0.00489
vt 0.71875 0.00945
vt 0.6875 0.00489
vt 0.6875 0.00945
vt 0.65625 0.00489
vt 0.65625 0.00945
vt 0.625 0.00489
vt 0.625 0.00945
vt 0.59375 0.00489
vt 0.59375 0.00945
vt 0.5625 0.00489
vt 0.5625 0.00945
vt 0.53125 0
vt 0.53125 0.00489
vt 0.53125 0.00945
vt 0.5 0.00489
vt 0.5 0.00945
vt 0.46875 0.00489
vt 0.46875 0.00945
vt 0.4375 0.00489
vt 0.4375 0.00945
vt 0.40625 0.00489
vt 0.40625 0.00945
vt 0.375 0
vt 0.375 0.00489
vt 0.375 0.00945
vt 0.34375 0.00489
vt 0.34375 0.00945
vt 0.3125 0.00489
vt 0.3125 0.00945
vt 0.28125 0
vt 0.28125 0.00489
vt 0.28125 0.00945
vt 0.25 0
vt 0.25 0.00489
vt 0.25 0.00945
vt 0.21875 0.00489
vt 0.21875 0.00945
vt 0.1875 0
vt 0.1875 0.00489
vt 0.1875 0.00945
vt 0.15625 0.00489
vt 0.15625 0.00945
vt 0.125 0
vt 0.125 0.00489
vt 0.125 0.00945
vt 0.09375 0
vt 0.09375 0.00489
vt 0.09375 0.00945
vt 0.0625 0
vt 0.0625 0
vt 0.0625 0.00489
vt 0.0625 0.00945
vt 0.03125 0
vt 0.03125 0
vt 0.03125 0.00489
vt 0.03125 0.00945
vt 0.00011 0
vt 0.00023 0
vt 0.0005 0.00489
vt 0.0002 0.00945
vt 1 0
vt 1.00003 0
vt 1.0001 -0
vt 1.00003 -0
vt 0.96875 0
vt 1 0
vt 0.84375 0
vt 0.8125 0
vt 0.78125 0
vt 0.75 0
vt 0.75 0
vt 0.625 -0
vt 0.59375 0
vt 0.4375 0
vt 0.375 0
vt 0.25 0
vt 0.21875 0
vt 0.125 0
vt 0.09375 -0
vt 0.03125 0
vt 0.03125 0
vt 0.03125 0
vt -0 0
vt -3E-05 0
vt -0.0001 0
vt -3E-05 0
usemtl mat0
f 1/1/1 2/2/2 3/3/3
f 1/1/1 3/3/3 4/4/4
f 5/5/5 6/5/6 7/6/7
f 5/5/5 7/6/7 8/6/8
f 9/7/9 10/7/10 11/8/11
f 9/7/9 11/8/11 12/8/12
f 13/9/13 14/9/14 15/10/15
f 13/9/13 15/10/15 16/10/16
f 17/11/17 18/11/18 19/12/19
f 17/11/17 19/12/19 20/12/20
f 21/13/21 22/13/22 23/14/23
f 21/13/21 23/14/23 24/14/24
f 25/15/25 26/15/26 27/16/27
f 25/15/25 27/16/27 28/16/28
f 29/17/29 30/17/30 31/18/31
f 29/17/29 31/18/31 32/18/32
f 33/19/33 34/19/34 35/20/35
f 33/19/33 35/20/35 36/20/36
f 8/6/8 7/6/7 37/21/37
f 8/6/8 37/21/37 38/21/38
f 16/10/16 15/10/15 39/22/39
f 16/10/16 39/22/39 40/22/40
f 20/12/20 19/12/19 41/23/41
f 20/12/20 41/23/41 42/23/42
f 24/14/24 23/14/23 43/24/43
f 24/14/24 43/24/43 44/25/44
f 28/16/28 27/16/27 45/26/45
f 28/16/28 45/26/45 46/26/46
f 47/27/47 48/27/48 34/19/34
f 47/27/47 34/19/34 33/19/33
f 38/21/38 37/21/37 49/28/49
f 38/21/38 49/28/49 50/28/50
f 40/22/40 39/22/39 51/29/51
f 40/22/40 51/29/51 52/29/52
f 44/25/44 53/25/43 54/30/53
f 44/25/44 54/30/53 55/30/54
f 46/26/46 45/26/45 56/31/55
f 46/26/46 56/31/55 57/32/56
f 32/18/32 31/18/31 10/7/10
f 32/18/32 10/7/10 9/7/9
f 36/20/36 35/20/35 58/33/57
f 36/20/36 58/33/57 59/33/58
f 50/28/50 49/28/49 60/34/59
f 50/28/50 60/34/59 61/34/60
f 52/29/52 51/29/51 62/35/61
f 52/29/52 62/35/61 63/35/62
f 64/36/63 65/36/64 48/27/48
f 64/36/63 48/27/48 47/27/47
f 55/30/54 54/30/53 6/5/6
f 55/30/54 6/5/6 5/5/5
f 57/32/56 66/32/55 67/37/14
f 57/32/56 67/37/14 13/9/13
f 12/8/12 11/8/11 68/38/18
f 12/8/12 68/38/18 17/11/17
f 59/33/58 58/33/57 22/13/22
f 59/33/58 22/13/22 21/13/21
f 61/34/60 60/34/59 26/15/26
f 61/34/60 26/15/26 25/15/25
f 63/35/62 62/35/61 30/17/30
f 63/35/62 30/17/30 29/17/29
f 69/39/65 70/36/66 71/27/67
f 69/39/65 71/27/67 72/27/68
f 73/40/69 74/41/70 75/42/71
f 73/40/69 75/42/71 76/43/72
f 72/27/68 71/27/67 77/19/73
f 72/27/68 77/19/73 78/19/74
f 79/44/75 80/45/76 81/46/70
f 79/44/75 81/46/70 82/47/69
f 78/19/74 77/19/73 83/20/77
f 78/19/74 83/20/77 84/20/78
f 85/48/79 86/49/80 87/50/76
f 85/48/79 87/50/76 88/51/75
f 84/20/78 83/20/77 89/33/81
f 84/20/78 89/33/81 90/33/82
f 91/52/83 92/53/84 93/54/80
f 91/52/83 93/54/80 85/48/79
f 90/33/82 89/33/81 94/13/85
f 90/33/82 94/13/85 95/13/86
f 96/55/87 97/56/88 98/57/84
f 96/55/87 98/57/84 99/58/83
f 100/59/86 94/13/85 101/14/89
f 100/59/86 101/14/89 102/14/90
f 103/60/91 104/61/92 105/62/88
f 103/60/91 105/62/88 106/63/87
f 102/14/90 101/14/89 107/25/93
f 102/14/90 107/25/93 108/25/94
f 109/64/95 110/65/96 111/66/92
f 109/64/95 111/66/92 112/67/91
f 108/25/94 107/25/93 113/30/97
f 108/25/94 113/30/97 114/30/98
f 115/68/99 116/69/100 117/70/96
f 115/68/99 117/70/96 118/71/95
f 119/72/98 113/30/97 120/5/101
f 119/72/98 120/5/101 121/5/102
f 122/73/103 123/74/104 124/75/100
f 122/73/103 124/75/100 115/68/99
f 121/5/102 120/5/101 125/6/105
f 121/5/102 125/6/105 126/6/106
f 127/76/107 128/77/108 129/78/104
f 127/76/107 129/78/104 122/73/103
f 126/6/106 125/6/105 130/21/109
f 126/6/106 130/21/109 131/21/110
f 132/79/111 133/80/112 134/81/108
f 132/79/111 134/81/108 135/82/107
f 131/21/110 130/21/109 136/28/113
f 131/21/110 136/28/113 137/28/114
f 138/83/115 139/84/116 140/85/112
f 138/83/115 140/85/112 132/79/111
f 137/28/114 136/28/113 141/34/117
f 137/28/114 141/34/117 142/34/118
f 143/86/119 144/87/120 145/88/116
f 143/86/119 145/88/116 146/89/115
f 142/34/118 141/34/117 147/15/121
f 142/34/118 147/15/121 148/15/122
f 149/90/123 150/91/124 151/92/120
f 149/90/123 151/92/120 143/86/119
f 148/15/122 147/15/121 152/16/125
f 148/15/122 152/16/125 153/16/126
f 154/93/127 155/94/128 156/95/124
f 154/93/127 156/95/124 149/90/123
f 157/96/126 152/16/125 158/26/129
f 157/96/126 158/26/129 159/26/130
f 160/97/131 161/98/132 162/99/128
f 160/97/131 162/99/128 154/93/127
f 163/100/130 158/26/129 164/32/133
f 163/100/130 164/32/133 165/32/134
f 166/101/135 167/102/136 168/103/132
f 166/101/135 168/103/132 169/104/131
f 165/32/134 164/32/133 170/9/137
f 165/32/134 170/9/137 171/37/138
f 172/105/139 173/106/140 174/107/136
f 172/105/139 174/107/136 175/108/135
f 176/9/138 170/9/137 177/10/141
f 176/9/138 177/10/141 178/10/142
f 179/109/143 180/110/144 181/111/140
f 179/109/143 181/111/140 182/112/139
f 183/113/142 177/10/141 184/22/145
f 183/113/142 184/22/145 185/22/146
f 186/114/147 187/115/148 188/116/144
f 186/114/147 188/116/144 179/109/143
f 185/22/146 184/22/145 189/29/149
f 185/22/146 189/29/149 190/29/150
f 191/117/151 192/118/152 193/119/148
f 191/117/151 193/119/148 194/120/147
f 190/29/150 189/29/149 195/35/153
f 190/29/150 195/35/153 196/35/154
f 197/121/155 198/122/156 199/123/152
f 197/121/155 199/123/152 191/117/151
f 196/35/154 195/35/153 200/17/157
f 196/35/154 200/17/157 201/17/158
f 202/124/159 203/125/160 204/126/156
f 202/124/159 204/126/156 197/121/155
f 205/127/158 200/17/157 206/18/161
f 205/127/158 206/18/161 207/18/162
f 208/128/163 209/129/164 210/130/160
f 208/128/163 210/130/160 202/124/159
f 207/18/162 206/18/161 211/7/165
f 207/18/162 211/7/165 212/7/166
f 213/131/167 214/132/168 215/133/164
f 213/131/167 215/133/164 216/134/163
f 212/7/166 211/7/165 217/8/169
f 212/7/166 217/8/169 218/8/170
f 219/135/171 220/136/172 221/137/168
f 219/135/171 221/137/168 222/138/167
f 218/8/170 217/8/169 223/11/173
f 218/8/170 223/11/173 224/38/174
f 225/139/175 226/140/176 227/141/172
f 225/139/175 227/141/172 228/142/171
f 229/11/174 223/11/173 230/12/177
f 229/11/174 230/12/177 231/12/178
f 232/143/179 233/144/180 234/145/176
f 232/143/179 234/145/176 225/139/175
f 231/12/178 230/12/177 235/23/181
f 231/12/178 235/23/181 236/23/182
f 237/146/183 238/147/184 239/148/180
f 237/146/183 239/148/180 240/149/179
f 2/2/2 241/150/1 242/151/184
f 2/2/2 242/151/184 237/146/183
f 243/152/185 244/152/186 70/36/66
f 243/152/185 70/36/66 245/36/65
f 42/23/42 41/23/41 246/153/187
f 42/23/42 246/153/187 247/154/188
f 236/23/182 235/23/181 248/155/189
f 236/23/182 248/155/189 249/155/190
f 250/152/191 251/152/192 252/39/64
f 250/152/191 252/39/64 64/36/63
f 253/156/188 254/157/187 251/152/192
f 253/156/188 251/152/192 250/152/191
f 255/158/4 256/159/71 257/160/193
f 255/158/4 257/160/193 258/161/194
f 258/161/194 257/160/193 259/162/195
f 258/161/194 259/162/195 260/163/196
f 260/163/196 259/162/195 261/164/197
f 260/163/196 261/164/197 262/165/198
f 263/166/198 264/167/197 265/168/199
f 263/166/198 265/168/199 266/169/200
f 266/169/200 265/168/199 267/170/201
f 266/169/200 267/170/201 268/171/202
f 75/42/71 74/41/70 269/172/203
f 75/42/71 269/172/203 270/173/193
f 270/173/193 269/172/203 271/174/204
f 270/173/193 271/174/204 272/175/195
f 272/175/195 271/174/204 273/176/205
f 272/175/195 273/176/205 274/177/197
f 275/178/197 276/179/205 277/180/206
f 275/178/197 277/180/206 265/168/199
f 265/168/199 277/180/206 278/181/207
f 265/168/199 278/181/207 267/170/201
f 81/46/70 80/45/76 279/182/208
f 81/46/70 279/182/208 280/183/203
f 280/183/203 279/182/208 281/184/209
f 280/183/203 281/184/209 282/185/204
f 282/185/204 281/184/209 283/186/210
f 282/185/204 283/186/210 284/187/205
f 285/188/205 286/189/210 287/190/211
f 285/188/205 287/190/211 277/180/206
f 277/180/206 287/190/211 288/191/212
f 277/180/206 288/191/212 278/181/207
f 87/50/76 86/49/80 289/192/213
f 87/50/76 289/192/213 290/193/208
f 290/193/208 289/192/213 291/194/214
f 290/193/208 291/194/214 292/195/209
f 292/195/209 291/194/214 293/196/215
f 292/195/209 293/196/215 294/197/210
f 295/198/210 296/199/215 297/200/216
f 295/198/210 297/200/216 287/190/211
f 287/190/211 297/200/216 298/201/217
f 287/190/211 298/201/217 288/191/212
f 93/54/80 92/53/84 299/202/218
f 93/54/80 299/202/218 300/203/213
f 300/203/213 299/202/218 301/204/219
f 300/203/213 301/204/219 302/205/214
f 302/205/214 301/204/219 303/206/220
f 302/205/214 303/206/220 304/207/215
f 305/208/215 306/209/220 307/210/221
f 305/208/215 307/210/221 297/200/216
f 297/200/216 307/210/221 308/211/222
f 297/200/216 308/211/222 298/201/217
f 98/57/84 97/56/88 309/212/223
f 98/57/84 309/212/223 310/213/218
f 310/213/218 309/212/223 311/214/224
f 310/213/218 311/214/224 312/215/219
f 312/215/219 311/214/224 313/216/225
f 312/215/219 313/216/225 314/217/220
f 315/218/220 316/219/225 317/220/226
f 315/218/220 317/220/226 307/210/221
f 307/210/221 317/220/226 318/221/227
f 307/210/221 318/221/227 308/211/222
f 105/62/88 104/61/92 319/222/228
f 105/62/88 319/222/228 320/223/223
f 320/223/223 319/222/228 321/224/229
f 320/223/223 321/224/229 322/225/224
f 322/225/224 321/224/229 323/226/230
f 322/225/224 323/226/230 324/227/225
f 325/228/225 326/229/230 327/230/231
f 325/228/225 327/230/231 317/220/226
f 317/220/226 327/230/231 328/231/232
f 317/220/226 328/231/232 318/221/227
f 111/66/92 110/65/96 329/232/233
f 111/66/92 329/232/233 330/233/228
f 330/233/228 329/232/233 331/234/234
f 330/233/228 331/234/234 332/235/229
f 332/235/229 331/234/234 333/236/235
f 332/235/229 333/236/235 334/237/230
f 335/238/230 336/239/235 337/240/236
f 335/238/230 337/240/236 327/230/231
f 327/230/231 337/240/236 338/241/237
f 327/230/231 338/241/237 328/231/232
f 117/70/96 116/69/100 339/242/238
f 117/70/96 339/242/238 340/243/233
f 340/243/233 339/242/238 341/244/239
f 340/243/233 341/244/239 342/245/234
f 342/245/234 341/244/239 343/246/240
f 342/245/234 343/246/240 344/247/235
f 345/248/235 346/249/240 347/250/241
f 345/248/235 347/250/241 337/240/236
f 337/240/236 347/250/241 348/251/242
f 337/240/236 348/251/242 338/241/237
f 124/75/100 123/74/104 349/252/243
f 124/75/100 349/252/243 350/253/238
f 350/253/238 349/252/243 351/254/244
f 350/253/238 351/254/244 352/255/239
f 352/255/239 351/254/244 353/256/245
f 352/255/239 353/256/245 354/257/240
f 355/258/240 356/259/245 357/260/246
f 355/258/240 357/260/246 347/250/241
f 347/250/241 357/260/246 358/261/247
f 347/250/241 358/261/247 348/251/242
f 129/78/104 128/77/108 359/262/248
f 129/78/104 359/262/248 360/263/243
f 360/263/243 359/262/248 361/264/249
f 360/263/243 361/264/249 362/265/244
f 362/265/244 361/264/249 363/266/250
f 362/265/244 363/266/250 364/267/245
f 365/268/245 366/269/250 367/270/251
f 365/268/245 367/270/251 357/260/246
f 357/260/246 367/270/251 368/271/252
f 357/260/246 368/271/252 358/261/247
f 134/81/108 133/80/112 369/272/253
f 134/81/108 369/272/253 370/273/248
f 370/273/248 369/272/253 371/274/254
f 370/273/248 371/274/254 372/275/249
f 372/275/249 371/274/254 373/276/255
f 372/275/249 373/276/255 374/277/250
f 375/278/250 376/279/255 377/280/256
f 375/278/250 377/280/256 367/270/251
f 367/270/251 377/280/256 378/281/257
f 367/270/251 378/281/257 368/271/252
f 140/85/112 139/84/116 379/282/258
f 140/85/112 379/282/258 380/283/253
f 380/283/253 379/282/258 381/284/259
f 380/283/253 381/284/259 382/285/254
f 382/285/254 381/284/259 383/286/260
f 382/285/254 383/286/260 384/287/255
f 385/288/255 386/289/260 387/290/261
f 385/288/255 387/290/261 377/280/256
f 377/280/256 387/290/261 388/291/262
f 377/280/256 388/291/262 378/281/257
f 145/88/116 144/87/120 389/292/263
f 145/88/116 389/292/263 390/293/258
f 390/293/258 389/292/263 391/294/264
f 390/293/258 391/294/264 392/295/259
f 392/295/259 391/294/264 393/296/265
f 392/295/259 393/296/265 394/297/260
f 395/298/260 396/299/265 397/300/266
f 395/298/260 397/300/266 387/290/261
f 387/290/261 397/300/266 398/301/267
f 387/290/261 398/301/267 388/291/262
f 151/92/120 150/91/124 399/302/268
f 151/92/120 399/302/268 400/303/263
f 400/303/263 399/302/268 401/304/269
f 400/303/263 401/304/269 402/305/264
f 402/305/264 401/304/269 403/306/270
f 402/305/264 403/306/270 404/307/265
f 405/308/265 406/309/270 407/310/271
f 405/308/265 407/310/271 397/300/266
f 397/300/266 407/310/271 408/311/272
f 397/300/266 408/311/272 398/301/267
f 156/95/124 155/94/128 409/312/273
f 156/95/124 409/312/273 410/313/268
f 410/313/268 409/312/273 411/314/274
f 410/313/268 411/314/274 412/315/269
f 412/315/269 411/314/274 413/316/275
f 412/315/269 413/316/275 414/317/270
f 415/318/270 416/319/275 417/320/276
f 415/318/270 417/320/276 407/310/271
f 407/310/271 417/320/276 418/321/277
f 407/310/271 418/321/277 408/311/272
f 162/99/128 161/98/132 419/322/278
f 162/99/128 419/322/278 420/323/273
f 420/323/273 419/322/278 421/324/279
f 420/323/273 421/324/279 422/325/274
f 422/325/274 421/324/279 423/326/280
f 422/325/274 423/326/280 424/327/275
f 425/328/275 426/329/280 427/330/281
f 425/328/275 427/330/281 417/320/276
f 417/320/276 427/330/281 428/331/282
f 417/320/276 428/331/282 418/321/277
f 168/103/132 167/102/136 429/332/283
f 168/103/132 429/332/283 430/333/278
f 430/333/278 429/332/283 431/334/284
f 430/333/278 431/334/284 432/335/279
f 432/335/279 431/334/284 433/336/285
f 432/335/279 433/336/285 434/337/280
f 435/338/280 436/339/285 437/340/286
f 435/338/280 437/340/286 427/330/281
f 427/330/281 437/340/286 438/341/287
f 427/330/281 438/341/287 428/331/282
f 174/107/136 173/106/140 439/342/288
f 174/107/136 439/342/288 440/343/283
f 440/343/283 439/342/288 441/344/289
f 440/343/283 441/344/289 442/345/284
f 442/345/284 441/344/289 443/346/290
f 442/345/284 443/346/290 444/347/285
f 445/348/285 446/349/290 447/350/291
f 445/348/285 447/350/291 437/340/286
f 437/340/286 447/350/291 448/351/292
f 437/340/286 448/351/292 438/341/287
f 181/111/140 180/110/144 449/352/293
f 181/111/140 449/352/293 450/353/288
f 450/353/288 449/352/293 451/354/294
f 450/353/288 451/354/294 452/355/289
f 452/355/289 451/354/294 453/356/295
f 452/355/289 453/356/295 454/357/290
f 455/358/290 456/359/295 457/360/296
f 455/358/290 457/360/296 447/350/291
f 447/350/291 457/360/296 458/361/297
f 447/350/291 458/361/297 448/351/292
f 188/116/144 187/115/148 459/362/298
f 188/116/144 459/362/298 460/363/293
f 460/363/293 459/362/298 461/364/299
f 460/363/293 461/364/299 462/365/294
f 462/365/294 461/364/299 463/366/300
f 462/365/294 463/366/300 464/367/295
f 465/368/295 466/369/300 467/370/301
f 465/368/295 467/370/301 457/360/296
f 457/360/296 467/370/301 468/371/302
f 457/360/296 468/371/302 458/361/297
f 193/119/148 192/118/152 469/372/303
f 193/119/148 469/372/303 470/373/298
f 470/373/298 469/372/303 471/374/304
f 470/373/298 471/374/304 472/375/299
f 472/375/299 471/374/304 473/376/305
f 472/375/299 473/376/305 474/377/300
f 475/378/300 476/379/305 477/380/306
f 475/378/300 477/380/306 467/370/301
f 467/370/301 477/380/306 478/381/307
f 467/370/301 478/381/307 468/371/302
f 199/123/152 198/122/156 479/382/308
f 199/123/152 479/382/308 480/383/303
f 480/383/303 479/382/308 481/384/309
f 480/383/303 481/384/309 482/385/304
f 482/385/304 481/384/309 483/386/310
f 482/385/304 483/386/310 484/387/305
f 485/388/305 486/389/310 487/390/311
f 485/388/305 487/390/311 477/380/306
f 477/380/306 487/390/311 488/391/312
f 477/380/306 488/391/312 478/381/307
f 204/126/156 203/125/160 489/392/313
f 204/126/156 489/392/313 490/393/308
f 490/393/308 489/392/313 491/394/314
f 490/393/308 491/394/314 492/395/309
f 492/395/309 491/394/314 493/396/315
f 492/395/309 493/396/315 494/397/310
f 495/398/310 496/399/315 497/400/316
f 495/398/310 497/400/316 487/390/311
f 487/390/311 497/400/316 498/401/317
f 487/390/311 498/401/317 488/391/312
f 210/130/160 209/129/164 499/402/318
f 210/130/160 499/402/318 500/403/313
f 500/403/313 499/402/318 501/404/319
f 500/403/313 501/404/319 502/405/314
f 502/405/314 501/404/319 503/406/320
f 502/405/314 503/406/320 504/407/315
f 505/408/315 506/409/320 507/410/321
f 505/408/315 507/410/321 497/400/316
f 497/400/316 507/410/321 508/411/322
f 497/400/316 508/411/322 498/401/317
f 215/133/164 214/132/168 509/412/323
f 215/133/164 509/412/323 510/413/318
f 510/413/318 509/412/323 511/414/324
f 510/413/318 511/414/324 512/415/319
f 512/415/319 511/414/324 513/416/325
f 512/415/319 513/416/325 514/417/320
f 515/418/320 516/419/325 517/420/326
f 515/418/320 517/420/326 507/410/321
f 507/410/321 517/420/326 518/421/327
f 507/410/321 518/421/327 508/411/322
f 221/137/168 220/136/172 519/422/328
f 221/137/168 519/422/328 520/423/323
f 520/423/323 519/422/328 521/424/329
f 520/423/323 521/424/329 522/425/324
f 522/425/324 521/424/329 523/426/330
f 522/425/324 523/426/330 524/427/325
f 525/428/325 526/429/330 527/430/331
f 525/428/325 527/430/331 517/420/326
f 517/420/326 527/430/331 528/431/332
f 517/420/326 528/431/332 518/421/327
f 227/141/172 226/140/176 529/432/333
f 227/141/172 529/432/333 530/433/328
f 530/433/328 529/432/333 531/434/334
f 530/433/328 531/434/334 532/435/329
f 532/435/329 531/434/334 533/436/335
f 532/435/329 533/436/335 534/437/330
f 535/438/330 536/439/335 537/440/336
f 535/438/330 537/440/336 527/430/331
f 527/430/331 537/440/336 538/441/337
f 527/430/331 538/441/337 528/431/332
f 234/145/176 233/144/180 539/442/338
f 234/145/176 539/442/338 540/443/333
f 540/443/333 539/442/338 541/444/339
f 540/443/333 541/444/339 542/445/334
f 542/445/334 541/444/339 543/446/340
f 542/445/334 543/446/340 544/447/335
f 545/448/335 546/449/340 547/450/341
f 545/448/335 547/450/341 537/440/336
f 537/440/336 547/450/341 548/451/342
f 537/440/336 548/451/342 538/441/337
f 239/148/180 238/147/184 549/452/343
f 239/148/180 549/452/343 550/453/338
f 550/453/338 549/452/343 551/454/344
f 550/453/338 551/454/344 552/455/339
f 552/455/339 551/454/344 553/456/345
f 552/455/339 553/456/345 554/457/340
f 555/458/340 556/459/345 557/460/346
f 555/458/340 557/460/346 547/450/341
f 547/450/341 557/460/346 558/461/347
f 547/450/341 558/461/347 548/451/342
f 242/151/184 241/150/1 559/462/348
f 242/151/184 559/462/348 560/463/343
f 560/463/343 559/462/348 561/464/349
f 560/463/343 561/464/349 562/465/344
f 562/465/344 561/464/349 563/466/350
f 562/465/344 563/466/350 564/467/345
f 565/468/345 566/469/350 567/470/351
f 565/468/345 567/470/351 557/460/346
f 557/460/346 567/470/351 568/471/352
f 557/460/346 568/471/352 558/461/347
f 1/1/1 4/4/4 569/472/194
f 1/1/1 569/472/194 570/473/348
f 570/473/348 569/472/194 571/474/196
f 570/473/348 571/474/196 572/475/349
f 572/475/349 571/474/196 573/476/198
f 572/475/349 573/476/198 574/477/350
f 575/478/350 576/479/198 266/169/200
f 575/478/350 266/169/200 567/470/351
f 567/470/351 266/169/200 268/171/202
f 567/470/351 268/171/202 568/471/352
f 253/156/188 250/152/191 577/480/353
f 253/156/188 577/480/353 578/481/354
f 578/481/354 577/480/353 579/482/355
f 578/481/354 579/482/355 580/483/356
f 580/483/356 579/482/355 581/484/357
f 580/483/356 581/484/357 582/485/358
f 582/485/358 581/484/357 583/486/359
f 582/485/358 583/486/359 584/487/360
f 584/487/360 583/486/359 585/488/72
f 584/487/360 585/488/72 586/489/3
f 250/152/191 64/36/63 587/36/361
f 250/152/191 587/36/361 577/480/353
f 577/480/353 587/36/361 588/36/362
f 577/480/353 588/36/362 579/482/355
f 579/482/355 588/36/362 589/490/363
f 579/482/355 589/490/363 581/484/357
f 581/484/357 589/490/363 590/491/364
f 581/484/357 590/491/364 583/486/359
f 583/486/359 590/491/364 73/40/69
f 583/486/359 73/40/69 76/43/72
f 64/36/63 47/27/47 591/492/365
f 64/36/63 591/492/365 587/36/361
f 587/36/361 591/492/365 592/492/366
f 587/36/361 592/492/366 588/36/362
f 588/36/362 592/492/366 593/493/367
f 588/36/362 593/493/367 589/490/363
f 589/490/363 593/493/367 594/494/368
f 589/490/363 594/494/368 590/491/364
f 590/491/364 594/494/368 79/44/75
f 590/491/364 79/44/75 82/47/69
f 47/27/47 33/19/33 595/19/369
f 47/27/47 595/19/369 591/492/365
f 591/492/365 595/19/369 596/19/370
f 591/492/365 596/19/370 592/492/366
f 592/492/366 596/19/370 597/495/371
f 592/492/366 597/495/371 593/493/367
f 593/493/367 597/495/371 598/496/372
f 593/493/367 598/496/372 594/494/368
f 594/494/368 598/496/372 85/48/79
f 594/494/368 85/48/79 88/51/75
f 33/19/33 36/20/36 599/20/373
f 33/19/33 599/20/373 595/19/369
f 595/19/369 599/20/373 600/20/374
f 595/19/369 600/20/374 596/19/370
f 596/19/370 600/20/374 601/497/375
f 596/19/370 601/497/375 597/495/371
f 597/495/371 601/497/375 602/498/376
f 597/495/371 602/498/376 598/496/372
f 598/496/372 602/498/376 91/52/83
f 598/496/372 91/52/83 85/48/79
f 36/20/36 59/33/58 603/33/377
f 36/20/36 603/33/377 599/20/373
f 599/20/373 603/33/377 604/33/378
f 599/20/373 604/33/378 600/20/374
f 600/20/374 604/33/378 605/499/379
f 600/20/374 605/499/379 601/497/375
f 601/497/375 605/499/379 606/500/380
f 601/497/375 606/500/380 602/498/376
f 602/498/376 606/500/380 96/55/87
f 602/498/376 96/55/87 99/58/83
f 59/33/58 21/13/21 607/13/381
f 59/33/58 607/13/381 603/33/377
f 603/33/377 607/13/381 608/59/382
f 603/33/377 608/59/382 604/33/378
f 604/33/378 608/59/382 609/501/383
f 604/33/378 609/501/383 605/499/379
f 605/499/379 609/501/383 610/502/384
f 605/499/379 610/502/384 606/500/380
f 606/500/380 610/502/384 103/60/91
f 606/500/380 103/60/91 106/63/87
f 21/13/21 24/14/24 611/14/385
f 21/13/21 611/14/385 607/13/381
f 607/13/381 611/14/385 612/14/386
f 607/13/381 612/14/386 608/59/382
f 608/59/382 612/14/386 613/503/387
f 608/59/382 613/503/387 609/501/383
f 609/501/383 613/503/387 614/504/388
f 609/501/383 614/504/388 610/502/384
f 610/502/384 614/504/388 109/64/95
f 610/502/384 109/64/95 112/67/91
f 24/14/24 44/25/44 615/25/389
f 24/14/24 615/25/389 611/14/385
f 611/14/385 615/25/389 616/25/390
f 611/14/385 616/25/390 612/14/386
f 612/14/386 616/25/390 617/505/391
f 612/14/386 617/505/391 613/503/387
f 613/503/387 617/505/391 618/506/392
f 613/503/387 618/506/392 614/504/388
f 614/504/388 618/506/392 115/68/99
f 614/504/388 115/68/99 118/71/95
f 44/25/44 55/30/54 619/30/393
f 44/25/44 619/30/393 615/25/389
f 615/25/389 619/30/393 620/30/394
f 615/25/389 620/30/394 616/25/390
f 616/25/390 620/30/394 621/507/395
f 616/25/390 621/507/395 617/505/391
f 617/505/391 621/507/395 622/508/396
f 617/505/391 622/508/396 618/506/392
f 618/506/392 622/508/396 122/73/103
f 618/506/392 122/73/103 115/68/99
f 55/30/54 5/5/5 623/5/397
f 55/30/54 623/5/397 619/30/393
f 619/30/393 623/5/397 624/5/398
f 619/30/393 624/5/398 620/30/394
f 620/30/394 624/5/398 625/509/399
f 620/30/394 625/509/399 621/507/395
f 621/507/395 625/509/399 626/510/400
f 621/507/395 626/510/400 622/508/396
f 622/508/396 626/510/400 127/76/107
f 622/508/396 127/76/107 122/73/103
f 5/5/5 8/6/8 627/6/401
f 5/5/5 627/6/401 623/5/397
f 623/5/397 627/6/401 628/6/402
f 623/5/397 628/6/402 624/5/398
f 624/5/398 628/6/402 629/511/403
f 624/5/398 629/511/403 625/509/399
f 625/509/399 629/511/403 630/512/404
f 625/509/399 630/512/404 626/510/400
f 626/510/400 630/512/404 132/79/111
f 626/510/400 132/79/111 135/82/107
f 8/6/8 38/21/38 631/21/405
f 8/6/8 631/21/405 627/6/401
f 627/6/401 631/21/405 632/21/406
f 627/6/401 632/21/406 628/6/402
f 628/6/402 632/21/406 633/513/407
f 628/6/402 633/513/407 629/511/403
f 629/511/403 633/513/407 634/514/408
f 629/511/403 634/514/408 630/512/404
f 630/512/404 634/514/408 138/83/115
f 630/512/404 138/83/115 132/79/111
f 38/21/38 50/28/50 635/28/409
f 38/21/38 635/28/409 631/21/405
f 631/21/405 635/28/409 636/28/410
f 631/21/405 636/28/410 632/21/406
f 632/21/406 636/28/410 637/515/411
f 632/21/406 637/515/411 633/513/407
f 633/513/407 637/515/411 638/516/412
f 633/513/407 638/516/412 634/514/408
f 634/514/408 638/516/412 143/86/119
f 634/514/408 143/86/119 146/89/115
f 50/28/50 61/34/60 639/517/413
f 50/28/50 639/517/413 635/28/409
f 635/28/409 639/517/413 640/34/414
f 635/28/409 640/34/414 636/28/410
f 636/28/410 640/34/414 641/518/415
f 636/28/410 641/518/415 637/515/411
f 637/515/411 641/518/415 642/519/416
f 637/515/411 642/519/416 638/516/412
f 638/516/412 642/519/416 149/90/123
f 638/516/412 149/90/123 143/86/119
f 61/34/60 25/15/25 643/15/417
f 61/34/60 643/15/417 639/517/413
f 639/517/413 643/15/417 644/15/418
f 639/517/413 644/15/418 640/34/414
f 640/34/414 644/15/418 645/520/419
f 640/34/414 645/520/419 641/518/415
f 641/518/415 645/520/419 646/521/420
f 641/518/415 646/521/420 642/519/416
f 642/519/416 646/521/420 154/93/127
f 642/519/416 154/93/127 149/90/123
f 25/15/25 28/16/28 647/16/421
f 25/15/25 647/16/421 643/15/417
f 643/15/417 647/16/421 648/16/422
f 643/15/417 648/16/422 644/15/418
f 644/15/418 648/16/422 649/522/423
f 644/15/418 649/522/423 645/520/419
f 645/520/419 649/522/423 650/523/424
f 645/520/419 650/523/424 646/521/420
f 646/521/420 650/523/424 160/97/131
f 646/521/420 160/97/131 154/93/127
f 28/16/28 46/26/46 651/26/425
f 28/16/28 651/26/425 647/16/421
f 647/16/421 651/26/425 652/26/426
f 647/16/421 652/26/426 648/16/422
f 648/16/422 652/26/426 653/524/427
f 648/16/422 653/524/427 649/522/423
f 649/522/423 653/524/427 654/525/428
f 649/522/423 654/525/428 650/523/424
f 650/523/424 654/525/428 166/101/135
f 650/523/424 166/101/135 169/104/131
f 46/26/46 57/32/56 655/32/429
f 46/26/46 655/32/429 651/26/425
f 651/26/425 655/32/429 656/32/430
f 651/26/425 656/32/430 652/26/426
f 652/26/426 656/32/430 657/526/431
f 652/26/426 657/526/431 653/524/427
f 653/524/427 657/526/431 658/527/432
f 653/524/427 658/527/432 654/525/428
f 654/525/428 658/527/432 172/105/139
f 654/525/428 172/105/139 175/108/135
f 57/32/56 13/9/13 659/528/433
f 57/32/56 659/528/433 655/32/429
f 655/32/429 659/528/433 660/9/434
f 655/32/429 660/9/434 656/32/430
f 656/32/430 660/9/434 661/529/435
f 656/32/430 661/529/435 657/526/431
f 657/526/431 661/529/435 662/530/436
f 657/526/431 662/530/436 658/527/432
f 658/527/432 662/530/436 179/109/143
f 658/527/432 179/109/143 182/112/139
f 13/9/13 16/10/16 663/10/437
f 13/9/13 663/10/437 659/528/433
f 659/528/433 663/10/437 664/10/438
f 659/528/433 664/10/438 660/9/434
f 660/9/434 664/10/438 665/531/439
f 660/9/434 665/531/439 661/529/435
f 661/529/435 665/531/439 666/532/440
f 661/529/435 666/532/440 662/530/436
f 662/530/436 666/532/440 186/114/147
f 662/530/436 186/114/147 179/109/143
f 16/10/16 40/22/40 667/22/441
f 16/10/16 667/22/441 663/10/437
f 663/10/437 667/22/441 668/22/442
f 663/10/437 668/22/442 664/10/438
f 664/10/438 668/22/442 669/533/443
f 664/10/438 669/533/443 665/531/439
f 665/531/439 669/533/443 670/534/444
f 665/531/439 670/534/444 666/532/440
f 666/532/440 670/534/444 191/117/151
f 666/532/440 191/117/151 194/120/147
f 40/22/40 52/29/52 671/535/445
f 40/22/40 671/535/445 667/22/441
f 667/22/441 671/535/445 672/29/446
f 667/22/441 672/29/446 668/22/442
f 668/22/442 672/29/446 673/536/447
f 668/22/442 673/536/447 669/533/443
f 669/533/443 673/536/447 674/537/448
f 669/533/443 674/537/448 670/534/444
f 670/534/444 674/537/448 197/121/155
f 670/534/444 197/121/155 191/117/151
f 52/29/52 63/35/62 675/538/449
f 52/29/52 675/538/449 671/535/445
f 671/535/445 675/538/449 676/35/450
f 671/535/445 676/35/450 672/29/446
f 672/29/446 676/35/450 677/539/451
f 672/29/446 677/539/451 673/536/447
f 673/536/447 677/539/451 678/540/452
f 673/536/447 678/540/452 674/537/448
f 674/537/448 678/540/452 202/124/159
f 674/537/448 202/124/159 197/121/155
f 63/35/62 29/17/29 679/17/453
f 63/35/62 679/17/453 675/538/449
f 675/538/449 679/17/453 680/17/454
f 675/538/449 680/17/454 676/35/450
f 676/35/450 680/17/454 681/541/455
f 676/35/450 681/541/455 677/539/451
f 677/539/451 681/541/455 682/542/456
f 677/539/451 682/542/456 678/540/452
f 678/540/452 682/542/456 208/128/163
f 678/540/452 208/128/163 202/124/159
f 29/17/29 32/18/32 683/18/457
f 29/17/29 683/18/457 679/17/453
f 679/17/453 683/18/457 684/543/458
f 679/17/453 684/543/458 680/17/454
f 680/17/454 684/543/458 685/544/459
f 680/17/454 685/544/459 681/541/455
f 681/541/455 685/544/459 686/545/460
f 681/541/455 686/545/460 682/542/456
f 682/542/456 686/545/460 213/131/167
f 682/542/456 213/131/167 216/134/163
f 32/18/32 9/7/9 687/7/461
f 32/18/32 687/7/461 683/18/457
f 683/18/457 687/7/461 688/7/462
f 683/18/457 688/7/462 684/543/458
f 684/543/458 688/7/462 689/546/463
f 684/543/458 689/546/463 685/544/459
f 685/544/459 689/546/463 690/547/464
f 685/544/459 690/547/464 686/545/460
f 686/545/460 690/547/464 219/135/171
f 686/545/460 219/135/171 222/138/167
f 9/7/9 12/8/12 691/548/465
f 9/7/9 691/548/465 687/7/461
f 687/7/461 691/548/465 692/8/466
f 687/7/461 692/8/466 688/7/462
f 688/7/462 692/8/466 693/549/467
f 688/7/462 693/549/467 689/546/463
f 689/546/463 693/549/467 694/550/468
f 689/546/463 694/550/468 690/547/464
f 690/547/464 694/550/468 225/139/175
f 690/547/464 225/139/175 228/142/171
f 12/8/12 17/11/17 695/551/469
f 12/8/12 695/551/469 691/548/465
f 691/548/465 695/551/469 696/11/470
f 691/548/465 696/11/470 692/8/466
f 692/8/466 696/11/470 697/552/471
f 692/8/466 697/552/471 693/549/467
f 693/549/467 697/552/471 698/553/472
f 693/549/467 698/553/472 694/550/468
f 694/550/468 698/553/472 232/143/179
f 694/550/468 232/143/179 225/139/175
f 17/11/17 20/12/20 699/554/473
f 17/11/17 699/554/473 695/551/469
f 695/551/469 699/554/473 700/555/474
f 695/551/469 700/555/474 696/11/470
f 696/11/470 700/555/474 701/556/475
f 696/11/470 701/556/475 697/552/471
f 697/552/471 701/556/475 702/557/476
f 697/552/471 702/557/476 698/553/472
f 698/553/472 702/557/476 237/146/183
f 698/553/472 237/146/183 240/149/179
f 20/12/20 42/23/42 703/558/477
f 20/12/20 703/558/477 699/554/473
f 699/554/473 703/558/477 704/559/478
f 699/554/473 704/559/478 700/555/474
f 700/555/474 704/559/478 705/560/479
f 700/555/474 705/560/479 701/556/475
f 701/556/475 705/560/479 706/561/480
f 701/556/475 706/561/480 702/557/476
f 702/557/476 706/561/480 2/2/2
f 702/557/476 2/2/2 237/146/183
f 42/23/42 247/154/188 707/562/354
f 42/23/42 707/562/354 703/558/477
f 703/558/477 707/562/354 708/563/356
f 703/558/477 708/563/356 704/559/478
f 704/559/478 708/563/356 709/564/358
f 704/559/478 709/564/358 705/560/479
f 705/560/479 709/564/358 710/565/360
f 705/560/479 710/565/360 706/561/480
f 706/561/480 710/565/360 3/3/3
f 706/561/480 3/3/3 2/2/2
f 255/158/4 586/489/3 585/488/72
f 255/158/4 585/488/72 256/159/71
f 251/152/192 254/157/187 711/566/481
f 251/152/192 711/566/481 712/152/482
f 712/152/482 711/566/481 713/567/483
f 712/152/482 713/567/483 714/152/484
f 714/152/484 713/567/483 715/568/485
f 714/152/484 715/568/485 716/152/486
f 716/152/486 715/568/485 717/569/487
f 716/152/486 717/569/487 718/570/488
f 718/570/488 717/569/487 719/571/190
f 718/570/488 719/571/190 243/152/185
f 252/39/64 251/152/192 712/152/482
f 252/39/64 712/152/482 720/36/489
f 720/36/489 712/152/482 714/152/484
f 720/36/489 714/152/484 721/36/490
f 721/36/490 714/152/484 716/152/486
f 721/36/490 716/152/486 722/36/491
f 722/36/491 716/152/486 718/570/488
f 722/36/491 718/570/488 723/36/492
f 723/36/492 718/570/488 243/152/185
f 723/36/492 243/152/185 245/36/65
f 48/27/48 65/36/64 720/36/489
f 48/27/48 720/36/489 724/27/493
f 724/27/493 720/36/489 721/36/490
f 724/27/493 721/36/490 725/27/494
f 725/27/494 721/36/490 722/36/491
f 725/27/494 722/36/491 726/27/495
f 726/27/495 722/36/491 723/36/492
f 726/27/495 723/36/492 727/27/496
f 727/27/496 723/36/492 69/39/65
f 727/27/496 69/39/65 72/27/68
f 34/19/34 48/27/48 724/27/493
f 34/19/34 724/27/493 728/19/497
f 728/19/497 724/27/493 725/27/494
f 728/19/497 725/27/494 729/19/498
f 729/19/498 725/27/494 726/27/495
f 729/19/498 726/27/495 730/19/499
f 730/19/499 726/27/495 727/27/496
f 730/19/499 727/27/496 731/19/500
f 731/19/500 727/27/496 72/27/68
f 731/19/500 72/27/68 78/19/74
f 35/20/35 34/19/34 728/19/497
f 35/20/35 728/19/497 732/20/501
f 732/20/501 728/19/497 729/19/498
f 732/20/501 729/19/498 733/20/502
f 733/20/502 729/19/498 730/19/499
f 733/20/502 730/19/499 734/572/503
f 734/572/503 730/19/499 731/19/500
f 734/572/503 731/19/500 735/20/504
f 735/20/504 731/19/500 78/19/74
f 735/20/504 78/19/74 84/20/78
f 58/33/57 35/20/35 732/20/501
f 58/33/57 732/20/501 736/33/505
f 736/33/505 732/20/501 733/20/502
f 736/33/505 733/20/502 737/33/506
f 737/33/506 733/20/502 734/572/503
f 737/33/506 734/572/503 738/33/507
f 738/33/507 734/572/503 735/20/504
f 738/33/507 735/20/504 739/573/508
f 739/573/508 735/20/504 84/20/78
f 739/573/508 84/20/78 90/33/82
f 22/13/22 58/33/57 736/33/505
f 22/13/22 736/33/505 740/13/509
f 740/13/509 736/33/505 737/33/506
f 740/13/509 737/33/506 741/13/510
f 741/13/510 737/33/506 738/33/507
f 741/13/510 738/33/507 742/574/511
f 742/574/511 738/33/507 739/573/508
f 742/574/511 739/573/508 743/13/512
f 743/13/512 739/573/508 90/33/82
f 743/13/512 90/33/82 95/13/86
f 23/14/23 22/13/22 740/13/509
f 23/14/23 740/13/509 744/14/513
f 744/14/513 740/13/509 741/13/510
f 744/14/513 741/13/510 745/575/514
f 745/575/514 741/13/510 742/574/511
f 745/575/514 742/574/511 746/576/515
f 746/576/515 742/574/511 743/13/512
f 746/576/515 743/13/512 747/14/516
f 747/14/516 743/13/512 100/59/86
f 747/14/516 100/59/86 102/14/90
f 43/24/43 23/14/23 744/14/513
f 43/24/43 744/14/513 748/25/517
f 748/25/517 744/14/513 745/575/514
f 748/25/517 745/575/514 749/25/518
f 749/25/518 745/575/514 746/576/515
f 749/25/518 746/576/515 750/25/519
f 750/25/519 746/576/515 747/14/516
f 750/25/519 747/14/516 751/25/520
f 751/25/520 747/14/516 102/14/90
f 751/25/520 102/14/90 108/25/94
f 54/30/53 53/25/43 748/25/517
f 54/30/53 748/25/517 752/30/521
f 752/30/521 748/25/517 749/25/518
f 752/30/521 749/25/518 753/30/522
f 753/30/522 749/25/518 750/25/519
f 753/30/522 750/25/519 754/30/523
f 754/30/523 750/25/519 751/25/520
f 754/30/523 751/25/520 755/30/524
f 755/30/524 751/25/520 108/25/94
f 755/30/524 108/25/94 114/30/98
f 6/5/6 54/30/53 752/30/521
f 6/5/6 752/30/521 756/5/525
f 756/5/525 752/30/521 753/30/522
f 756/5/525 753/30/522 757/5/526
f 757/5/526 753/30/522 754/30/523
f 757/5/526 754/30/523 758/5/527
f 758/5/527 754/30/523 755/30/524
f 758/5/527 755/30/524 759/5/528
f 759/5/528 755/30/524 119/72/98
f 759/5/528 119/72/98 121/5/102
f 7/6/7 6/5/6 756/5/525
f 7/6/7 756/5/525 760/6/529
f 760/6/529 756/5/525 757/5/526
f 760/6/529 757/5/526 761/6/530
f 761/6/530 757/5/526 758/5/527
f 761/6/530 758/5/527 762/6/531
f 762/6/531 758/5/527 759/5/528
f 762/6/531 759/5/528 763/577/532
f 763/577/532 759/5/528 121/5/102
f 763/577/532 121/5/102 126/6/106
f 37/21/37 7/6/7 760/6/529
f 37/21/37 760/6/529 764/21/533
f 764/21/533 760/6/529 761/6/530
f 764/21/533 761/6/530 765/21/534
f 765/21/534 761/6/530 762/6/531
f 765/21/534 762/6/531 766/21/535
f 766/21/535 762/6/531 763/577/532
f 766/21/535 763/577/532 767/578/536
f 767/578/536 763/577/532 126/6/106
f 767/578/536 126/6/106 131/21/110
f 49/28/49 37/21/37 764/21/533
f 49/28/49 764/21/533 768/28/537
f 768/28/537 764/21/533 765/21/534
f 768/28/537 765/21/534 769/28/538
f 769/28/538 765/21/534 766/21/535
f 769/28/538 766/21/535 770/28/539
f 770/28/539 766/21/535 767/578/536
f 770/28/539 767/578/536 771/28/540
f 771/28/540 767/578/536 131/21/110
f 771/28/540 131/21/110 137/28/114
f 60/34/59 49/28/49 768/28/537
f 60/34/59 768/28/537 772/34/541
f 772/34/541 768/28/537 769/28/538
f 772/34/541 769/28/538 773/34/542
f 773/34/542 769/28/538 770/28/539
f 773/34/542 770/28/539 774/34/543
f 774/34/543 770/28/539 771/28/540
f 774/34/543 771/28/540 775/34/544
f 775/34/544 771/28/540 137/28/114
f 775/34/544 137/28/114 142/34/118
f 26/15/26 60/34/59 772/34/541
f 26/15/26 772/34/541 776/15/545
f 776/15/545 772/34/541 773/34/542
f 776/15/545 773/34/542 777/15/546
f 777/15/546 773/34/542 774/34/543
f 777/15/546 774/34/543 778/15/547
f 778/15/547 774/34/543 775/34/544
f 778/15/547 775/34/544 779/15/548
f 779/15/548 775/34/544 142/34/118
f 779/15/548 142/34/118 148/15/122
f 27/16/27 26/15/26 776/15/545
f 27/16/27 776/15/545 780/16/549
f 780/16/549 776/15/545 777/15/546
f 780/16/549 777/15/546 781/16/550
f 781/16/550 777/15/546 778/15/547
f 781/16/550 778/15/547 782/16/551
f 782/16/551 778/15/547 779/15/548
f 782/16/551 779/15/548 783/96/552
f 783/96/552 779/15/548 148/15/122
f 783/96/552 148/15/122 153/16/126
f 45/26/45 27/16/27 780/16/549
f 45/26/45 780/16/549 784/26/553
f 784/26/553 780/16/549 781/16/550
f 784/26/553 781/16/550 785/26/554
f 785/26/554 781/16/550 782/16/551
f 785/26/554 782/16/551 786/579/555
f 786/579/555 782/16/551 783/96/552
f 786/579/555 783/96/552 787/100/556
f 787/100/556 783/96/552 157/96/126
f 787/100/556 157/96/126 159/26/130
f 56/31/55 45/26/45 784/26/553
f 56/31/55 784/26/553 788/31/557
f 788/31/557 784/26/553 785/26/554
f 788/31/557 785/26/554 789/32/558
f 789/32/558 785/26/554 786/579/555
f 789/32/558 786/579/555 790/32/559
f 790/32/559 786/579/555 787/100/556
f 790/32/559 787/100/556 791/32/560
f 791/32/560 787/100/556 163/100/130
f 791/32/560 163/100/130 165/32/134
f 67/37/14 66/32/55 788/31/557
f 67/37/14 788/31/557 792/528/561
f 792/528/561 788/31/557 789/32/558
f 792/528/561 789/32/558 793/9/562
f 793/9/562 789/32/558 790/32/559
f 793/9/562 790/32/559 794/9/563
f 794/9/563 790/32/559 791/32/560
f 794/9/563 791/32/560 795/580/564
f 795/580/564 791/32/560 165/32/134
f 795/580/564 165/32/134 171/37/138
f 15/10/15 14/9/14 792/528/561
f 15/10/15 792/528/561 796/10/565
f 796/10/565 792/528/561 793/9/562
f 796/10/565 793/9/562 797/10/566
f 797/10/566 793/9/562 794/9/563
f 797/10/566 794/9/563 798/10/567
f 798/10/567 794/9/563 795/580/564
f 798/10/567 795/580/564 799/10/568
f 799/10/568 795/580/564 176/9/138
f 799/10/568 176/9/138 178/10/142
f 39/22/39 15/10/15 796/10/565
f 39/22/39 796/10/565 800/22/569
f 800/22/569 796/10/565 797/10/566
f 800/22/569 797/10/566 801/22/570
f 801/22/570 797/10/566 798/10/567
f 801/22/570 798/10/567 802/22/571
f 802/22/571 798/10/567 799/10/568
f 802/22/571 799/10/568 803/22/572
f 803/22/572 799/10/568 183/113/142
f 803/22/572 183/113/142 185/22/146
f 51/29/51 39/22/39 800/22/569
f 51/29/51 800/22/569 804/29/573
f 804/29/573 800/22/569 801/22/570
f 804/29/573 801/22/570 805/29/574
f 805/29/574 801/22/570 802/22/571
f 805/29/574 802/22/571 806/29/575
f 806/29/575 802/22/571 803/22/572
f 806/29/575 803/22/572 807/29/576
f 807/29/576 803/22/572 185/22/146
f 807/29/576 185/22/146 190/29/150
f 62/35/61 51/29/51 804/29/573
f 62/35/61 804/29/573 808/35/577
f 808/35/577 804/29/573 805/29/574
f 808/35/577 805/29/574 809/35/578
f 809/35/578 805/29/574 806/29/575
f 809/35/578 806/29/575 810/581/579
f 810/581/579 806/29/575 807/29/576
f 810/581/579 807/29/576 811/35/580
f 811/35/580 807/29/576 190/29/150
f 811/35/580 190/29/150 196/35/154
f 30/17/30 62/35/61 808/35/577
f 30/17/30 808/35/577 812/17/581
f 812/17/581 808/35/577 809/35/578
f 812/17/581 809/35/578 813/17/582
f 813/17/582 809/35/578 810/581/579
f 813/17/582 810/581/579 814/582/583
f 814/582/583 810/581/579 811/35/580
f 814/582/583 811/35/580 815/17/584
f 815/17/584 811/35/580 196/35/154
f 815/17/584 196/35/154 201/17/158
f 31/18/31 30/17/30 812/17/581
f 31/18/31 812/17/581 816/18/585
f 816/18/585 812/17/581 813/17/582
f 816/18/585 813/17/582 817/18/586
f 817/18/586 813/17/582 814/582/583
f 817/18/586 814/582/583 818/18/587
f 818/18/587 814/582/583 815/17/584
f 818/18/587 815/17/584 819/18/588
f 819/18/588 815/17/584 205/127/158
f 819/18/588 205/127/158 207/18/162
f 10/7/10 31/18/31 816/18/585
f 10/7/10 816/18/585 820/7/589
f 820/7/589 816/18/585 817/18/586
f 820/7/589 817/18/586 821/7/590
f 821/7/590 817/18/586 818/18/587
f 821/7/590 818/18/587 822/7/591
f 822/7/591 818/18/587 819/18/588
f 822/7/591 819/18/588 823/7/592
f 823/7/592 819/18/588 207/18/162
f 823/7/592 207/18/162 212/7/166
f 11/8/11 10/7/10 820/7/589
f 11/8/11 820/7/589 824/548/593
f 824/548/593 820/7/589 821/7/590
f 824/548/593 821/7/590 825/583/594
f 825/583/594 821/7/590 822/7/591
f 825/583/594 822/7/591 826/8/595
f 826/8/595 822/7/591 823/7/592
f 826/8/595 823/7/592 827/548/596
f 827/548/596 823/7/592 212/7/166
f 827/548/596 212/7/166 218/8/170
f 68/38/18 11/8/11 824/548/593
f 68/38/18 824/548/593 828/551/597
f 828/551/597 824/548/593 825/583/594
f 828/551/597 825/583/594 829/11/598
f 829/11/598 825/583/594 826/8/595
f 829/11/598 826/8/595 830/38/599
f 830/38/599 826/8/595 827/548/596
f 830/38/599 827/548/596 831/584/600
f 831/584/600 827/548/596 218/8/170
f 831/584/600 218/8/170 224/38/174
f 19/12/19 18/11/18 828/551/597
f 19/12/19 828/551/597 832/554/601
f 832/554/601 828/551/597 829/11/598
f 832/554/601 829/11/598 833/12/602
f 833/12/602 829/11/598 830/38/599
f 833/12/602 830/38/599 834/12/603
f 834/12/603 830/38/599 831/584/600
f 834/12/603 831/584/600 835/555/604
f 835/555/604 831/584/600 229/11/174
f 835/555/604 229/11/174 231/12/178
f 41/23/41 19/12/19 832/554/601
f 41/23/41 832/554/601 836/585/605
f 836/585/605 832/554/601 833/12/602
f 836/585/605 833/12/602 837/586/606
f 837/586/606 833/12/602 834/12/603
f 837/586/606 834/12/603 838/587/607
f 838/587/607 834/12/603 835/555/604
f 838/587/607 835/555/604 839/23/608
f 839/23/608 835/555/604 231/12/178
f 839/23/608 231/12/178 236/23/182
f 246/153/187 41/23/41 836/585/605
f 246/153/187 836/585/605 840/588/481
f 840/588/481 836/585/605 837/586/606
f 840/588/481 837/586/606 841/589/483
f 841/589/483 837/586/606 838/587/607
f 841/589/483 838/587/607 842/590/485
f 842/590/485 838/587/607 839/23/608
f 842/590/485 839/23/608 843/591/487
f 843/591/487 839/23/608 236/23/182
f 843/591/487 236/23/182 249/155/190
f 719/571/190 844/571/189 244/152/186
f 719/571/190 244/152/186 243/152/185
f 508/411/322 488/391/312 498/401/317
f 488/391/312 508/411/322 518/421/327
f 488/391/312 518/421/327 478/381/307
f 478/381/307 518/421/327 528/431/332
f 478/381/307 528/431/332 468/371/302
f 468/371/302 528/431/332 458/361/297
f 458/361/297 528/431/332 538/441/337
f 458/361/297 538/441/337 548/451/342
f 458/361/297 548/451/342 448/351/292
f 448/351/292 548/451/342 558/461/347
f 448/351/292 558/461/347 438/341/287
f 438/341/287 558/461/347 568/471/352
f 438/341/287 568/471/352 428/331/282
f 428/331/282 568/471/352 268/171/202
f 428/331/282 268/171/202 418/321/277
f 418/321/277 268/171/202 267/170/201
f 418/321/277 267/170/201 408/311/272
f 408/311/272 267/170/201 278/181/207
f 408/311/272 278/181/207 398/301/267
f 398/301/267 278/181/207 288/191/212
f 398/301/267 288/191/212 388/291/262
f 388/291/262 288/191/212 298/201/217
f 388/291/262 298/201/217 378/281/257
f 378/281/257 298/201/217 308/211/222
f 378/281/257 308/211/222 368/271/252
f 368/271/252 308/211/222 358/261/247
f 358/261/247 308/211/222 318/221/227
f 358/261/247 318/221/227 328/231/232
f 358/261/247 328/231/232 348/251/242
f 348/251/242 328/231/232 338/241/237
# Vertices: 844, normals: 608, texture coordinates: 591, faces: 1182

o obj2
v 0.25097508 5.87180101 -0.60590791
v 0.12794599 5.87180101 -0.64322841
v 0.08458001 5.89235749 -0.42521262
v 0.16590965 5.8923575 -0.40054158
v 0.54530249 5.87180105 -0.36435974
v 0.4637417 5.87180104 -0.4637419
v 0.30656106 5.89235751 -0.3065613
v 0.36047767 5.89235752 -0.2408637
v -0.36435953 5.87180102 -0.54530274
v -0.46374163 5.87180104 -0.4637419
v -0.306561 5.89235751 -0.3065613
v -0.24086348 5.8923575 -0.3604779
v -5E-08 5.87180122 0.65582947
v 0.12794599 5.87180122 0.64322791
v 0.08458001 5.89235763 0.42521212
v 1E-08 5.89235763 0.43354256
v 0.13191929 5.56258165 -0.66320342
v -4E-08 5.56258165 -0.67619634
v -6E-08 5.84251939 -0.67619638
v 0.13191926 5.84251939 -0.66320347
v -0.25097529 5.87180101 -0.60590791
v -0.16590966 5.8923575 -0.40054158
v -0.12794609 5.87180122 0.64322791
v -0.08457999 5.89235763 0.42521212
v 0.47814289 5.56258168 -0.47814307
v 0.37567441 5.56258167 -0.56223673
v 0.37567438 5.8425194 -0.56223678
v 0.47814289 5.84251942 -0.47814312
v -0.12794609 5.87180101 -0.64322841
v -0.08457999 5.89235749 -0.42521262
v -0.25097529 5.87180121 0.60590742
v -0.16590966 5.89235763 0.40054108
v 0.36435942 5.87180102 -0.54530274
v 0.24086347 5.8923575 -0.3604779
v -0.36435953 5.8718012 0.54530225
v -0.24086348 5.89235762 0.3604774
v 0.60590765 5.87180107 -0.25097543
v 0.40054134 5.89235753 -0.16590991
v -0.46374163 5.87180119 0.4637414
v -0.306561 5.89235761 0.3065608
v 0.64322815 5.87180109 -0.12794628
v 0.42521239 5.89235755 -0.08458027
v -0.54530251 5.87180117 0.36435924
v -0.3604776 5.8923576 0.2408632
v 0.6558297 5.87180111 -2.5E-07
v 0.43354283 5.89235756 -2.6E-07
v -0.60590768 5.87180115 0.25097494
v -0.40054128 5.89235759 0.16590941
v 0.64322815 5.87180113 0.12794578
v 0.42521239 5.89235757 0.08457974
v -0.64322817 5.87180113 0.12794578
v -0.60590768 5.87180115 0.25097494
v -0.42521233 5.89235757 0.08457974
v 0.60590765 5.87180115 0.25097494
v 0.64322815 5.87180113 0.12794578
v 0.40054134 5.89235759 0.16590941
v -0.65582973 5.87180111 -2.5E-07
v -0.43354276 5.89235756 -2.6E-07
v 0.54530249 5.87180117 0.36435924
v 0.36047767 5.8923576 0.2408632
v -0.64322817 5.87180109 -0.12794629
v -0.42521233 5.89235755 -0.08458027
v 0.4637417 5.87180119 0.4637414
v 0.30656106 5.89235761 0.3065608
v -0.60590768 5.87180107 -0.25097543
v -0.40054128 5.89235753 -0.16590991
v 0.36435942 5.8718012 0.54530225
v 0.4637417 5.87180119 0.4637414
v 0.24086347 5.89235762 0.3604774
v -0.54530251 5.87180105 -0.36435974
v -0.3604776 5.89235752 -0.2408637
v 0.25097508 5.87180121 0.60590742
v 0.16590965 5.89235763 0.40054108
v 0.25097508 5.87180121 0.60590742
v 0.42521224 6.32872791 -0.08458034
v 0.40054117 6.3287279 -0.16590998
v 0.40054117 6.3608815 -0.16590999
v 0.42521221 6.36088152 -0.08458034
v -0.13191935 5.56258165 -0.66320342
v -0.25876913 5.56258166 -0.62472397
v -0.25876916 5.84251939 -0.62472402
v -0.13191938 5.84251939 -0.66320347
v -0.25876913 5.56258186 0.62472358
v -0.13191935 5.56258187 0.66320303
v -0.13191938 5.8425196 0.66320298
v -0.25876916 5.8425196 0.62472354
v 0.56223652 5.5625817 -0.37567464
v 0.56223652 5.84251943 -0.37567469
v -4E-08 5.56258165 -0.67619634
v -6E-08 5.84251939 -0.67619638
v -0.37567449 5.56258185 0.56223634
v -0.37567452 5.84251959 0.56223629
v 0.62472377 5.56258172 -0.25876926
v 0.62472377 5.84251945 -0.2587693
v -0.47814286 5.56258184 0.47814268
v -0.47814286 5.84251957 0.47814263
v 0.66320321 5.56258174 -0.13191952
v 0.66320321 5.84251947 -0.13191956
v -0.56223655 5.56258182 0.37567425
v -0.56223655 5.84251956 0.37567421
v 0.67619613 5.56258176 -2E-07
v 0.67619613 5.8425195 -2.5E-07
v -0.62472379 5.5625818 0.25876886
v -0.62472379 5.84251954 0.25876882
v 0.66320321 5.56258178 0.13191913
v 0.66320321 5.84251952 0.13191908
v -0.66320324 5.56258178 0.13191913
v -0.66320324 5.84251952 0.13191908
v 0.62472377 5.5625818 0.25876886
v 0.62472377 5.84251954 0.25876882
v -0.67619615 5.56258176 -2E-07
v -0.67619615 5.8425195 -2.5E-07
v 0.56223652 5.56258182 0.37567425
v 0.56223652 5.84251956 0.37567421
v -0.66320324 5.56258174 -0.13191952
v -0.66320324 5.84251947 -0.13191956
v 0.47814289 5.56258184 0.47814268
v 0.47814289 5.84251957 0.47814263
v -0.62472379 5.56258172 -0.25876926
v -0.62472379 5.84251945 -0.2587693
v 0.37567441 5.56258185 0.56223634
v 0.37567438 5.84251959 0.56223629
v -0.56223655 5.5625817 -0.37567464
v -0.56223655 5.84251943 -0.37567469
v 0.25876899 5.56258186 0.62472358
v 0.25876899 5.8425196 0.62472354
v 0.25876899 5.56258166 -0.62472397
v 0.25876899 5.84251939 -0.62472402
v -0.47814286 5.56258168 -0.47814307
v -0.47814286 5.84251942 -0.47814312
v 0.13191929 5.56258187 0.66320303
v 0.13191926 5.8425196 0.66320298
v -5E-08 5.871801 -0.65582996
v 1E-08 5.89235749 -0.43354306
v -0.37567449 5.56258167 -0.56223673
v -0.37567452 5.8425194 -0.56223678
v -4E-08 5.56258187 0.67619595
v -6E-08 5.84251961 0.6761959
v -0.36047775 6.32872796 0.24086313
v -0.30656118 6.32872797 0.30656073
v -0.30656118 6.36088158 0.30656072
v -0.36047778 6.36088157 0.24086313
v 0.43354265 6.32872792 -3.3E-07
v 0.43354265 6.36088153 -3.3E-07
v -0.40054146 6.32872795 0.16590934
v -0.40054146 6.36088156 0.16590933
v 0.42521224 6.32872794 0.08457967
v 0.42521221 6.36088154 0.08457966
v -0.42521248 6.32872794 0.08457967
v -0.42521251 6.36088154 0.08457966
v 0.40054117 6.32872795 0.16590934
v 0.40054117 6.36088156 0.16590933
v -0.43354294 6.32872792 -3.3E-07
v -0.43354294 6.36088153 -3.3E-07
v 0.36047752 6.32872796 0.24086313
v 0.36047749 6.36088157 0.24086313
v -0.42521248 6.32872791 -0.08458034
v -0.42521251 6.36088152 -0.08458034
v 0.30656088 6.32872797 0.30656073
v 0.30656088 6.36088158 0.30656072
v -0.40054146 6.3287279 -0.16590998
v -0.40054146 6.3608815 -0.16590999
v 0.24086331 6.32872798 0.36047733
v 0.24086329 6.36088159 0.36047732
v -0.36047775 6.32872788 -0.24086377
v -0.36047778 6.36088149 -0.24086378
v 0.16590948 6.32872799 0.40054101
v 0.16590947 6.36088159 0.400541
v 0.08457984 6.32872785 -0.42521269
v -1.6E-07 6.32872785 -0.43354313
v -1.8E-07 6.36088146 -0.43354313
v 0.08457983 6.36088146 -0.4252127
v -0.30656118 6.32872787 -0.30656137
v -0.30656118 6.36088148 -0.30656137
v 0.08457984 6.32872799 0.42521205
v 0.08457983 6.3608816 0.42521205
v 0.16590948 6.32872786 -0.40054165
v 0.16590947 6.36088146 -0.40054165
v -0.24086366 6.32872787 -0.36047797
v -0.24086366 6.36088147 -0.36047797
v -1.6E-07 6.32872799 0.43354249
v -1.8E-07 6.3608816 0.43354248
v 0.24086331 6.32872787 -0.36047797
v 0.24086329 6.36088147 -0.36047797
v -0.16590982 6.32872786 -0.40054165
v -0.16590984 6.36088146 -0.40054165
v -0.08458016 6.32872799 0.42521205
v -0.08458017 6.3608816 0.42521205
v 0.30656088 6.32872787 -0.30656137
v 0.30656088 6.36088148 -0.30656137
v -0.08458016 6.32872785 -0.42521269
v -0.08458017 6.36088146 -0.4252127
v -0.16590982 6.32872799 0.40054101
v -0.16590984 6.36088159 0.400541
v 0.36047752 6.32872788 -0.24086377
v 0.36047749 6.36088149 -0.24086378
v -1.6E-07 6.32872785 -0.43354313
v -1.8E-07 6.36088146 -0.43354313
v -0.24086366 6.32872798 0.36047733
v -0.24086366 6.36088159 0.36047732
v -6E-08 5.86085902 -0.67023121
v 0.13075553 5.86085902 -0.65735292
v -5E-08 5.871801 -0.65582996
v 0.25648622 5.86085903 -0.61921292
v 0.37236033 5.86085904 -0.5572769
v 0.47392491 5.86085905 -0.47392514
v 0.55727664 5.86085907 -0.37236064
v 0.61921266 5.86085909 -0.25648654
v 0.65735266 5.86085911 -0.13075582
v 0.67023096 5.86085913 -2.5E-07
v 0.65735266 5.86085915 0.13075533
v 0.61921266 5.86085917 0.25648605
v 0.55727664 5.86085919 0.37236016
v 0.47392491 5.86085921 0.47392465
v 0.37236033 5.86085922 0.55727641
v 0.25648622 5.86085923 0.61921243
v 0.13075553 5.86085924 0.65735243
v -6E-08 5.86085924 0.67023073
v -0.13075563 5.86085924 0.65735243
v -0.25648639 5.86085923 0.61921243
v -0.37236044 5.86085922 0.55727641
v -0.47392485 5.86085921 0.47392459
v -0.55727673 5.86085919 0.37236016
v -0.61921269 5.86085917 0.25648605
v -0.65735268 5.86085915 0.13075533
v -0.67023098 5.86085913 -2.5E-07
v -0.65735268 5.86085911 -0.13075582
v -0.61921269 5.86085909 -0.25648654
v -0.55727673 5.86085907 -0.37236064
v -0.47392485 5.86085905 -0.47392508
v -0.37236044 5.86085904 -0.5572769
v -0.25648639 5.86085903 -0.61921292
v -0.13075563 5.86085902 -0.65735292
v -6E-08 5.86085902 -0.67023121
v 1E-08 5.89235749 -0.43354306
v -0.30656103 5.93878009 0.30656079
v -0.24086349 5.9387801 0.36047739
v 0.40054131 5.93878001 -0.16590992
v 0.36047767 5.93878 -0.24086371
v -0.16590967 5.93878011 0.40054107
v -1E-08 5.93877997 -0.43354307
v -0.08458001 5.93877997 -0.42521263
v 0.30656103 5.93877999 -0.3065613
v -0.08458001 5.93878011 0.42521212
v -0.16590967 5.93877998 -0.40054158
v 0.24086344 5.93877998 -0.36047791
v -1E-08 5.93878011 0.43354255
v -0.24086349 5.93877998 -0.36047791
v 0.16590963 5.93877998 -0.40054158
v 0.08457999 5.93878011 0.42521212
v -0.30656103 5.93877999 -0.3065613
v 0.08457999 5.93877997 -0.42521263
v 0.16590963 5.93878011 0.40054107
v -0.36047763 5.93878 -0.24086371
v -1E-08 5.93877997 -0.43354307
v 0.24086344 5.9387801 0.36047739
v -0.40054131 5.93878001 -0.16590992
v 0.30656103 5.93878009 0.30656079
v -0.42521236 5.93878003 -0.08458027
v 0.36047767 5.93878008 0.24086319
v -0.43354279 5.93878004 -2.7E-07
v 0.40054131 5.93878007 0.1659094
v -0.42521236 5.93878006 0.08457973
v 0.42521239 5.93878006 0.08457973
v -0.40054131 5.93878007 0.1659094
v 0.43354283 5.93878004 -2.7E-07
v -0.36047763 5.93878008 0.24086319
v 0.42521239 5.93878003 -0.08458027
vn 0.03524 0.08507 0.99575
vn 0.01796 0.09031 0.99575
vn 0.01796 0.09031 0.99575
vn 0.03524 0.08507 0.99575
vn 0.07657 0.05116 0.99575
vn 0.06511 0.06511 0.99575
vn 0.06511 0.06511 0.99575
vn 0.07657 0.05116 0.99575
vn -0.05116 0.07657 0.99575
vn -0.06511 0.06511 0.99575
vn -0.06511 0.06511 0.99575
vn -0.05116 0.07657 0.99575
vn -0 -0.09208 0.99575
vn 0.01796 -0.09031 0.99575
vn 0.01796 -0.09031 0.99575
vn 0 -0.09208 0.99575
vn 0.19497 0.98018 0.03507
vn -0 0.99938 0.03507
vn -0 0.9879 0.1551
vn 0.19273 0.96892 0.1551
vn -0.03524 0.08507 0.99575
vn -0.03524 0.08507 0.99575
vn -0.01796 -0.09031 0.99575
vn -0.01796 -0.09031 0.99575
vn 0.70667 0.70667 0.03507
vn 0.55523 0.83096 0.03507
vn 0.54885 0.82141 0.1551
vn 0.69855 0.69855 0.1551
vn -0.01796 0.09031 0.99575
vn -0.01796 0.09031 0.99575
vn -0.03524 -0.08507 0.99575
vn -0.03524 -0.08507 0.99575
vn 0.05116 0.07657 0.99575
vn 0.05116 0.07657 0.99575
vn -0.05116 -0.07657 0.99575
vn -0.05116 -0.07657 0.99575
vn 0.08508 0.03524 0.99575
vn 0.08508 0.03524 0.99575
vn -0.06511 -0.06511 0.99575
vn -0.06511 -0.06511 0.99575
vn 0.09031 0.01796 0.99575
vn -0.07657 -0.05116 0.99575
vn -0.07657 -0.05116 0.99575
vn 0.09208 0 0.99575
vn 0.09208 0 0.99575
vn -0.08507 -0.03524 0.99575
vn -0.08507 -0.03524 0.99575
vn 0.09032 -0.01796 0.99575
vn 0.09032 -0.01796 0.99575
vn -0.09031 -0.01796 0.99575
vn 0.08507 -0.03524 0.99575
vn 0.08507 -0.03524 0.99575
vn -0.09208 0 0.99575
vn -0.09208 0 0.99575
vn 0.07657 -0.05116 0.99575
vn 0.07657 -0.05116 0.99575
vn -0.09031 0.01796 0.99575
vn -0.09031 0.01796 0.99575
vn 0.06511 -0.06511 0.99575
vn 0.06511 -0.06511 0.99575
vn -0.08507 0.03524 0.99575
vn -0.08507 0.03524 0.99575
vn 0.05116 -0.07657 0.99575
vn 0.05116 -0.07657 0.99575
vn -0.07657 0.05116 0.99575
vn -0.07657 0.05116 0.99575
vn 0.03524 -0.08507 0.99575
vn 0.03524 -0.08507 0.99575
vn 0.98079 0.19509 0
vn 0.92388 0.38268 0
vn 0.92388 0.38268 0
vn 0.98079 0.19509 0
vn -0.19497 0.98018 0.03507
vn -0.38245 0.92331 0.03507
vn -0.37805 0.9127 0.1551
vn -0.19273 0.96892 0.1551
vn -0.38245 -0.92331 0.03507
vn -0.19497 -0.98018 0.03507
vn -0.19273 -0.96892 0.1551
vn -0.37805 -0.9127 0.1551
vn 0.83096 0.55523 0.03507
vn 0.82141 0.54885 0.1551
vn -0.55523 -0.83096 0.03507
vn -0.54885 -0.82141 0.1551
vn 0.92331 0.38245 0.03507
vn 0.9127 0.37805 0.1551
vn -0.70667 -0.70667 0.03507
vn -0.69855 -0.69855 0.1551
vn 0.98018 0.19497 0.03507
vn 0.96892 0.19273 0.1551
vn -0.83096 -0.55523 0.03507
vn -0.82141 -0.54885 0.1551
vn 0.99938 0 0.03507
vn 0.9879 0 0.1551
vn -0.92331 -0.38245 0.03507
vn -0.9127 -0.37805 0.1551
vn 0.98018 -0.19497 0.03507
vn 0.96892 -0.19273 0.1551
vn -0.98018 -0.19497 0.03507
vn -0.96892 -0.19273 0.1551
vn 0.92331 -0.38245 0.03507
vn 0.9127 -0.37805 0.1551
vn -0.99938 -0 0.03507
vn -0.9879 0 0.1551
vn 0.83096 -0.55523 0.03507
vn 0.82141 -0.54885 0.1551
vn -0.98018 0.19497 0.03507
vn -0.96892 0.19273 0.1551
vn 0.70667 -0.70667 0.03507
vn 0.69855 -0.69855 0.1551
vn -0.92331 0.38245 0.03507
vn -0.9127 0.37805 0.1551
vn 0.55523 -0.83096 0.03507
vn 0.54885 -0.82141 0.1551
vn -0.83096 0.55523 0.03507
vn -0.82141 0.54885 0.1551
vn 0.38245 -0.92331 0.03507
vn 0.37805 -0.9127 0.1551
vn 0.38245 0.92331 0.03507
vn 0.37805 0.9127 0.1551
vn -0.70667 0.70667 0.03507
vn -0.69855 0.69855 0.1551
vn 0.19497 -0.98018 0.03507
vn 0.19273 -0.96892 0.1551
vn -0 0.09208 0.99575
vn 0 0.09208 0.99575
vn -0.55523 0.83096 0.03507
vn -0.54885 0.82141 0.1551
vn -0 -0.99938 0.03507
vn -0 -0.9879 0.1551
vn -0.83147 -0.55557 -0
vn -0.70711 -0.70711 -0
vn -0.70711 -0.70711 -0
vn -0.83147 -0.55557 -0
vn 1 -0 0
vn 1 0 0
vn -0.92388 -0.38268 -0
vn -0.92388 -0.38268 -0
vn 0.98079 -0.19509 0
vn 0.98079 -0.19509 0
vn -0.98079 -0.19509 -0
vn -0.98079 -0.19509 -0
vn 0.92388 -0.38268 0
vn 0.92388 -0.38268 0
vn -1 -0 -0
vn -1 0 -0
vn 0.83147 -0.55557 0
vn 0.83147 -0.55557 0
vn -0.98079 0.19509 -0
vn -0.98079 0.19509 -0
vn 0.70711 -0.70711 0
vn 0.70711 -0.70711 0
vn -0.92388 0.38268 -0
vn -0.92388 0.38268 -0
vn 0.55557 -0.83147 0
vn 0.55557 -0.83147 0
vn -0.83147 0.55557 -0
vn -0.83147 0.55557 -0
vn 0.38268 -0.92388 0
vn 0.38268 -0.92388 0
vn 0.19509 0.98079 -0
vn -0 1 -0
vn -0 1 0
vn 0.19509 0.98079 -0
vn -0.70711 0.70711 -0
vn -0.70711 0.70711 -0
vn 0.19509 -0.98079 -0
vn 0.19509 -0.98079 -0
vn 0.38268 0.92388 0
vn 0.38268 0.92388 0
vn -0.55557 0.83147 -0
vn -0.55557 0.83147 0
vn -0 -1 -0
vn -0 -1 0
vn 0.55557 0.83147 0
vn 0.55557 0.83147 0
vn -0.38268 0.92388 -0
vn -0.38268 0.92388 0
vn -0.19509 -0.98079 0
vn -0.19509 -0.98079 0
vn 0.70711 0.70711 0
vn 0.70711 0.70711 0
vn -0.19509 0.98079 0
vn -0.19509 0.98079 0
vn -0.38268 -0.92388 -0
vn -0.38268 -0.92388 0
vn 0.83147 0.55557 0
vn 0.83147 0.55557 0
vn -0.55557 -0.83147 -0
vn -0.55557 -0.83147 0
vn 0 0.95096 0.30931
vn 0.18552 0.93269 0.30931
vn 0.11803 0.59336 0.79624
vn -0 0.60498 0.79624
vn -0 0.60498 0.79624
vn 0.11803 0.59336 0.79624
vn 0.36392 0.87857 0.30931
vn 0.23152 0.55893 0.79624
vn 0.23152 0.55893 0.79624
vn 0.52833 0.7907 0.30931
vn 0.33611 0.50302 0.79624
vn 0.33611 0.50302 0.79624
vn 0.67243 0.67243 0.30931
vn 0.42779 0.42778 0.79624
vn 0.42779 0.42778 0.79624
vn 0.79069 0.52833 0.30931
vn 0.50302 0.33611 0.79624
vn 0.50302 0.33611 0.79624
vn 0.87857 0.36392 0.30931
vn 0.55893 0.23152 0.79624
vn 0.55893 0.23152 0.79624
vn 0.93269 0.18552 0.30931
vn 0.59335 0.11803 0.79624
vn 0.59335 0.11803 0.79624
vn 0.95096 0 0.30931
vn 0.60498 0 0.79624
vn 0.60498 0 0.79624
vn 0.93269 -0.18552 0.30931
vn 0.59335 -0.11803 0.79624
vn 0.59335 -0.11803 0.79624
vn 0.87857 -0.36392 0.30931
vn 0.55893 -0.23152 0.79624
vn 0.55893 -0.23152 0.79624
vn 0.79069 -0.52833 0.30931
vn 0.50302 -0.33611 0.79624
vn 0.50302 -0.33611 0.79624
vn 0.67243 -0.67243 0.30931
vn 0.42779 -0.42778 0.79624
vn 0.42779 -0.42778 0.79624
vn 0.52833 -0.7907 0.30931
vn 0.33611 -0.50302 0.79624
vn 0.33611 -0.50302 0.79624
vn 0.36392 -0.87857 0.30931
vn 0.23151 -0.55893 0.79624
vn 0.23151 -0.55893 0.79624
vn 0.18552 -0.93269 0.30931
vn 0.11803 -0.59336 0.79624
vn 0.11803 -0.59336 0.79624
vn 0 -0.95096 0.30931
vn 0 -0.60498 0.79624
vn 0 -0.60498 0.79624
vn -0.18552 -0.93269 0.30931
vn -0.11803 -0.59336 0.79624
vn -0.11803 -0.59336 0.79624
vn -0.36392 -0.87857 0.30931
vn -0.23152 -0.55893 0.79624
vn -0.23152 -0.55893 0.79624
vn -0.52833 -0.79069 0.30931
vn -0.33611 -0.50302 0.79624
vn -0.33611 -0.50302 0.79624
vn -0.67243 -0.67243 0.30931
vn -0.42779 -0.42779 0.79624
vn -0.42779 -0.42779 0.79624
vn -0.79069 -0.52833 0.30931
vn -0.50302 -0.33611 0.79624
vn -0.50302 -0.33611 0.79624
vn -0.87857 -0.36392 0.30931
vn -0.55893 -0.23152 0.79624
vn -0.55893 -0.23152 0.79624
vn -0.93269 -0.18552 0.30931
vn -0.59335 -0.11803 0.79624
vn -0.59335 -0.11803 0.79624
vn -0.95096 0 0.30931
vn -0.60498 -0 0.79624
vn -0.60498 -0 0.79624
vn -0.93269 0.18552 0.30931
vn -0.59336 0.11803 0.79624
vn -0.59336 0.11803 0.79624
vn -0.87857 0.36392 0.30931
vn -0.55893 0.23152 0.79624
vn -0.55893 0.23152 0.79624
vn -0.7907 0.52833 0.30931
vn -0.50302 0.33611 0.79624
vn -0.50302 0.33611 0.79624
vn -0.67243 0.67243 0.30931
vn -0.42779 0.42779 0.79624
vn -0.42779 0.42779 0.79624
vn -0.52832 0.7907 0.30931
vn -0.33611 0.50302 0.79624
vn -0.33611 0.50302 0.79624
vn -0.36392 0.87857 0.30931
vn -0.23151 0.55893 0.79624
vn -0.23151 0.55893 0.79624
vn -0.18552 0.93269 0.30931
vn -0.11803 0.59336 0.79624
vn -0.11803 0.59336 0.79624
vn -0.70711 -0.70711 -0
vn -0.55557 -0.83147 -0
vn 0.92388 0.38268 0
vn 0.83147 0.55557 0
vn -0.38268 -0.92388 -0
vn -0 1 0
vn -0.19509 0.98079 -0
vn 0.70711 0.70711 0
vn -0.19509 -0.98079 -0
vn -0.38268 0.92388 -0
vn 0.55557 0.83147 0
vn -0 -1 0
vn -0.55557 0.83147 -0
vn 0.38268 0.92388 0
vn 0.19509 -0.98079 0
vn -0.70711 0.70711 -0
vn 0.19509 0.98079 0
vn 0.38268 -0.92388 0
vn -0.83147 0.55557 -0
vn 0.55557 -0.83147 0
vn -0.92388 0.38268 -0
vn 0.70711 -0.70711 0
vn -0.98079 0.19509 -0
vn 0.83147 -0.55557 0
vn -1 -0 -0
vn 0.92388 -0.38268 0
vn -0.98079 -0.19509 -0
vn 0.98079 -0.19509 0
vn -0.92388 -0.38268 -0
vn 1 -0 0
vn -0.83147 -0.55557 -0
vn 0.98079 0.19509 0
vn 0.98079 0.19509 0
vn 0.92388 0.38268 0
vn -0.83147 -0.55557 -0
vn -0.70711 -0.70711 -0
vn 1 0 0
vn -0.92388 -0.38268 -0
vn 0.98079 -0.19509 0
vn -0.98079 -0.19509 -0
vn 0.92388 -0.38268 0
vn -1 0 -0
vn 0.83147 -0.55557 0
vn -0.98079 0.19509 -0
vn 0.70711 -0.70711 0
vn -0.92388 0.38268 -0
vn 0.55557 -0.83147 0
vn -0.83147 0.55557 -0
vn 0.38268 -0.92388 0
vn 0.19509 0.98079 0
vn 0 1 0
vn -0.70711 0.70711 -0
vn 0.19509 -0.98079 0
vn 0.38268 0.92388 0
vn -0.55557 0.83147 -0
vn 0 -1 0
vn 0.55557 0.83147 0
vn -0.38268 0.92388 0
vn -0.19509 -0.98079 0
vn 0.70711 0.70711 0
vn -0.19509 0.98079 0
vn -0.38268 -0.92388 0
vn 0.83147 0.55557 0
vn -0.55557 -0.83147 -0
vn 0 0 1
vt 0.9375 0
vt 0.96875 0
vt 0.84375 0
vt 0.875 0
vt 0.09375 0
vt 0.125 0
vt 0.5 0
vt 0.53125 0
vt 1 0
vt 0.0625 0
vt 0.46875 0
vt 0.90625 0
vt 0.03125 0
vt 0.4375 0
vt 0.40625 0
vt 0.8125 0
vt 0.375 0
vt 0.78125 0
vt 0.34375 0
vt 0.75 0
vt 0.3125 0
vt 0.71875 0
vt 0.28125 0
vt 0.3125 0
vt 0.6875 0
vt 0.71875 0
vt 0.25 0
vt 0.65625 0
vt 0.21875 0
vt 0.625 0
vt 0.1875 0
vt 0.59375 0
vt 0.625 0
vt 0.15625 0
vt 0.5625 0
vt 0.5625 0
vt 0 0
vt 0.21875 0
vt 0.1875 0
vt 0.96875 0
vt 0.46875 0
vt 0.4375 0
vt 0.84375 0
vt 0.40625 0
vt 0.99986 0
vt 0.00014 0
vt 0.34375 0
usemtl mat1
f 845/592/609 846/593/610 847/593/611
f 845/592/609 847/593/611 848/592/612
f 849/594/613 850/595/614 851/595/615
f 849/594/613 851/595/615 852/594/616
f 853/596/617 854/597/618 855/597/619
f 853/596/617 855/597/619 856/596/620
f 857/598/621 858/599/622 859/599/623
f 857/598/621 859/599/623 860/598/624
f 861/593/625 862/600/626 863/600/627
f 861/593/625 863/600/627 864/593/628
f 865/601/629 853/596/617 856/596/620
f 865/601/629 856/596/620 866/601/630
f 867/602/631 857/598/621 860/598/624
f 867/602/631 860/598/624 868/602/632
f 869/595/633 870/603/634 871/603/635
f 869/595/633 871/603/635 872/595/636
f 873/604/637 865/601/629 866/601/630
f 873/604/637 866/601/630 874/604/638
f 875/605/639 867/602/631 868/602/632
f 875/605/639 868/602/632 876/605/640
f 850/595/614 877/603/641 878/603/642
f 850/595/614 878/603/642 851/595/615
f 879/606/643 875/605/639 876/605/640
f 879/606/643 876/605/640 880/606/644
f 881/607/645 849/594/613 852/594/616
f 881/607/645 852/594/616 882/607/646
f 877/603/641 845/592/609 848/592/612
f 877/603/641 848/592/612 878/603/642
f 883/608/647 879/606/643 880/606/644
f 883/608/647 880/606/644 884/608/648
f 885/609/649 881/607/645 882/607/646
f 885/609/649 882/607/646 886/609/649
f 887/610/650 883/608/647 884/608/648
f 887/610/650 884/608/648 888/610/651
f 889/611/652 885/609/649 886/609/649
f 889/611/652 886/609/649 890/611/653
f 891/612/654 887/610/650 888/610/651
f 891/612/654 888/610/651 892/612/655
f 893/613/656 889/611/652 890/611/653
f 893/613/656 890/611/653 894/613/657
f 895/614/658 896/615/654 892/612/655
f 895/614/658 892/612/655 897/614/658
f 898/616/659 899/617/656 894/613/657
f 898/616/659 894/613/657 900/616/660
f 901/618/661 895/614/658 897/614/658
f 901/618/661 897/614/658 902/618/662
f 903/619/663 898/616/659 900/616/660
f 903/619/663 900/616/660 904/619/664
f 905/620/665 901/618/661 902/618/662
f 905/620/665 902/618/662 906/620/666
f 907/621/667 903/619/663 904/619/664
f 907/621/667 904/619/664 908/621/668
f 909/622/669 905/620/665 906/620/666
f 909/622/669 906/620/666 910/622/670
f 911/623/671 912/624/667 908/621/668
f 911/623/671 908/621/668 913/623/672
f 914/625/673 909/622/669 910/622/670
f 914/625/673 910/622/670 915/625/674
f 916/626/675 911/623/671 913/623/672
f 916/626/675 913/623/672 917/626/676
f 854/597/618 914/625/673 915/625/674
f 854/597/618 915/625/674 855/597/619
f 858/599/622 918/627/675 917/626/676
f 858/599/622 917/626/676 859/599/623
f 919/609/677 920/607/678 921/607/679
f 919/609/677 921/607/679 922/609/680
f 923/604/681 924/601/682 925/601/683
f 923/604/681 925/601/683 926/604/684
f 927/605/685 928/602/686 929/602/687
f 927/605/685 929/602/687 930/605/688
f 931/594/689 869/595/633 872/595/636
f 931/594/689 872/595/636 932/594/690
f 933/628/626 923/604/681 926/604/684
f 933/628/626 926/604/684 934/628/627
f 935/606/691 927/605/685 930/605/688
f 935/606/691 930/605/688 936/606/692
f 937/607/693 931/594/689 932/594/690
f 937/607/693 932/594/690 938/607/694
f 939/608/695 935/606/691 936/606/692
f 939/608/695 936/606/692 940/608/696
f 941/609/697 937/607/693 938/607/694
f 941/609/697 938/607/694 942/609/698
f 943/610/699 939/608/695 940/608/696
f 943/610/699 940/608/696 944/610/700
f 945/611/701 941/609/697 942/609/698
f 945/611/701 942/609/698 946/611/702
f 947/612/703 943/610/699 944/610/700
f 947/612/703 944/610/700 948/612/704
f 949/613/705 945/611/701 946/611/702
f 949/613/705 946/611/702 950/613/706
f 951/614/707 947/612/703 948/612/704
f 951/614/707 948/612/704 952/614/708
f 953/616/709 949/613/705 950/613/706
f 953/616/709 950/613/706 954/616/710
f 955/618/711 951/614/707 952/614/708
f 955/618/711 952/614/708 956/618/712
f 957/619/713 953/616/709 954/616/710
f 957/619/713 954/616/710 958/619/714
f 959/620/715 955/618/711 956/618/712
f 959/620/715 956/618/712 960/620/716
f 961/621/717 957/619/713 958/619/714
f 961/621/717 958/619/714 962/621/718
f 963/622/719 959/620/715 960/620/716
f 963/622/719 960/620/716 964/622/720
f 965/623/721 961/621/717 962/621/718
f 965/623/721 962/621/718 966/623/722
f 967/625/723 963/622/719 964/622/720
f 967/625/723 964/622/720 968/625/724
f 969/626/725 965/623/721 966/623/722
f 969/626/725 966/623/722 970/626/726
f 971/592/727 861/593/625 864/593/628
f 971/592/727 864/593/628 972/592/728
f 973/597/729 967/625/723 968/625/724
f 973/597/729 968/625/724 974/597/730
f 975/599/731 969/626/725 970/626/726
f 975/599/731 970/626/726 976/599/732
f 977/628/733 873/604/637 874/604/638
f 977/628/733 874/604/638 978/628/734
f 979/596/735 973/597/729 974/597/730
f 979/596/735 974/597/730 980/596/736
f 981/598/737 975/599/731 976/599/732
f 981/598/737 976/599/732 982/598/738
f 870/603/634 971/592/727 972/592/728
f 870/603/634 972/592/728 871/603/635
f 924/601/682 979/596/735 980/596/736
f 924/601/682 980/596/736 925/601/683
f 928/602/686 981/598/737 982/598/738
f 928/602/686 982/598/738 929/602/687
f 983/610/739 984/608/740 985/608/741
f 983/610/739 985/608/741 986/610/742
f 987/611/743 919/609/677 922/609/680
f 987/611/743 922/609/680 988/611/744
f 989/612/745 983/610/739 986/610/742
f 989/612/745 986/610/742 990/612/746
f 991/613/747 987/611/743 988/611/744
f 991/613/747 988/611/744 992/613/748
f 993/614/749 989/612/745 990/612/746
f 993/614/749 990/612/746 994/614/750
f 995/616/751 991/613/747 992/613/748
f 995/616/751 992/613/748 996/616/752
f 997/618/753 993/614/749 994/614/750
f 997/618/753 994/614/750 998/618/754
f 999/619/755 995/616/751 996/616/752
f 999/619/755 996/616/752 1000/619/756
f 1001/629/757 997/618/753 998/618/754
f 1001/629/757 998/618/754 1002/620/758
f 1003/621/759 999/619/755 1000/619/756
f 1003/621/759 1000/619/756 1004/621/760
f 1005/630/761 1001/629/757 1002/620/758
f 1005/630/761 1002/620/758 1006/622/762
f 1007/623/763 1003/621/759 1004/621/760
f 1007/623/763 1004/621/760 1008/623/764
f 1009/625/765 1005/630/761 1006/622/762
f 1009/625/765 1006/622/762 1010/625/766
f 1011/626/767 1007/623/763 1008/623/764
f 1011/626/767 1008/623/764 1012/626/768
f 1013/631/769 1014/600/770 1015/600/771
f 1013/631/769 1015/600/771 1016/593/772
f 1017/597/773 1009/625/765 1010/625/766
f 1017/597/773 1010/625/766 1018/597/774
f 1019/599/775 1011/626/767 1012/626/768
f 1019/599/775 1012/626/768 1020/599/776
f 1021/592/777 1013/631/769 1016/593/772
f 1021/592/777 1016/593/772 1022/592/778
f 1023/596/779 1017/597/773 1018/597/774
f 1023/596/779 1018/597/774 1024/596/780
f 1025/598/781 1019/599/775 1020/599/776
f 1025/598/781 1020/599/776 1026/598/782
f 1027/603/783 1021/592/777 1022/592/778
f 1027/603/783 1022/592/778 1028/603/784
f 1029/601/785 1023/596/779 1024/596/780
f 1029/601/785 1024/596/780 1030/601/786
f 1031/632/787 1025/598/781 1026/598/782
f 1031/632/787 1026/598/782 1032/602/788
f 1033/595/789 1027/603/783 1028/603/784
f 1033/595/789 1028/603/784 1034/595/790
f 1035/604/791 1029/601/785 1030/601/786
f 1035/604/791 1030/601/786 1036/604/792
f 1037/633/793 1031/632/787 1032/602/788
f 1037/633/793 1032/602/788 1038/605/794
f 1039/634/795 1033/595/789 1034/595/790
f 1039/634/795 1034/595/790 1040/594/796
f 1041/628/770 1035/604/791 1036/604/792
f 1041/628/770 1036/604/792 1042/628/771
f 1043/635/797 1037/633/793 1038/605/794
f 1043/635/797 1038/605/794 1044/606/798
f 920/607/678 1039/634/795 1040/594/796
f 920/607/678 1040/594/796 921/607/679
f 984/608/740 1043/635/797 1044/606/798
f 984/608/740 1044/606/798 985/608/741
f 864/593/628 863/600/627 1045/636/799
f 864/593/628 1045/636/799 1046/593/800
f 1046/593/801 1045/636/802 1047/600/803
f 1046/593/801 1047/600/803 846/593/804
f 972/592/728 864/593/628 1046/593/800
f 972/592/728 1046/593/800 1048/592/805
f 1048/592/806 1046/593/801 846/593/804
f 1048/592/806 846/593/804 845/592/807
f 871/603/635 972/592/728 1048/592/805
f 871/603/635 1048/592/805 1049/603/808
f 1049/603/809 1048/592/806 845/592/807
f 1049/603/809 845/592/807 877/603/810
f 872/595/636 871/603/635 1049/603/808
f 872/595/636 1049/603/808 1050/595/811
f 1050/595/812 1049/603/809 877/603/810
f 1050/595/812 877/603/810 850/595/813
f 932/594/690 872/595/636 1050/595/811
f 932/594/690 1050/595/811 1051/594/814
f 1051/594/815 1050/595/812 850/595/813
f 1051/594/815 850/595/813 849/594/816
f 938/607/694 932/594/690 1051/594/814
f 938/607/694 1051/594/814 1052/607/817
f 1052/607/818 1051/594/815 849/594/816
f 1052/607/818 849/594/816 881/607/819
f 942/609/698 938/607/694 1052/607/817
f 942/609/698 1052/607/817 1053/609/820
f 1053/609/821 1052/607/818 881/607/819
f 1053/609/821 881/607/819 885/609/822
f 946/611/702 942/609/698 1053/609/820
f 946/611/702 1053/609/820 1054/611/823
f 1054/611/824 1053/609/821 885/609/822
f 1054/611/824 885/609/822 889/611/825
f 950/613/706 946/611/702 1054/611/823
f 950/613/706 1054/611/823 1055/613/826
f 1055/613/827 1054/611/824 889/611/825
f 1055/613/827 889/611/825 893/613/828
f 954/616/710 950/613/706 1055/613/826
f 954/616/710 1055/613/826 1056/616/829
f 1056/616/830 1055/613/827 899/617/828
f 1056/616/830 899/617/828 898/616/831
f 958/619/714 954/616/710 1056/616/829
f 958/619/714 1056/616/829 1057/619/832
f 1057/619/833 1056/616/830 898/616/831
f 1057/619/833 898/616/831 903/619/834
f 962/621/718 958/619/714 1057/619/832
f 962/621/718 1057/619/832 1058/621/835
f 1058/621/836 1057/619/833 903/619/834
f 1058/621/836 903/619/834 907/621/837
f 966/623/722 962/621/718 1058/621/835
f 966/623/722 1058/621/835 1059/623/838
f 1059/623/839 1058/621/836 912/624/837
f 1059/623/839 912/624/837 911/623/840
f 970/626/726 966/623/722 1059/623/838
f 970/626/726 1059/623/838 1060/626/841
f 1060/626/842 1059/623/839 911/623/840
f 1060/626/842 911/623/840 916/626/843
f 976/599/732 970/626/726 1060/626/841
f 976/599/732 1060/626/841 1061/599/844
f 1061/599/845 1060/626/842 918/627/843
f 1061/599/845 918/627/843 858/599/846
f 982/598/738 976/599/732 1061/599/844
f 982/598/738 1061/599/844 1062/598/847
f 1062/598/848 1061/599/845 858/599/846
f 1062/598/848 858/599/846 857/598/849
f 929/602/687 982/598/738 1062/598/847
f 929/602/687 1062/598/847 1063/602/850
f 1063/602/851 1062/598/848 857/598/849
f 1063/602/851 857/598/849 867/602/852
f 930/605/688 929/602/687 1063/602/850
f 930/605/688 1063/602/850 1064/605/853
f 1064/605/854 1063/602/851 867/602/852
f 1064/605/854 867/602/852 875/605/855
f 936/606/692 930/605/688 1064/605/853
f 936/606/692 1064/605/853 1065/606/856
f 1065/606/857 1064/605/854 875/605/855
f 1065/606/857 875/605/855 879/606/858
f 940/608/696 936/606/692 1065/606/856
f 940/608/696 1065/606/856 1066/608/859
f 1066/608/860 1065/606/857 879/606/858
f 1066/608/860 879/606/858 883/608/861
f 944/610/700 940/608/696 1066/608/859
f 944/610/700 1066/608/859 1067/610/862
f 1067/610/863 1066/608/860 883/608/861
f 1067/610/863 883/608/861 887/610/864
f 948/612/704 944/610/700 1067/610/862
f 948/612/704 1067/610/862 1068/612/865
f 1068/612/866 1067/610/863 887/610/864
f 1068/612/866 887/610/864 891/612/867
f 952/614/708 948/612/704 1068/612/865
f 952/614/708 1068/612/865 1069/614/868
f 1069/614/869 1068/612/866 896/615/867
f 1069/614/869 896/615/867 895/614/870
f 956/618/712 952/614/708 1069/614/868
f 956/618/712 1069/614/868 1070/618/871
f 1070/618/872 1069/614/869 895/614/870
f 1070/618/872 895/614/870 901/618/873
f 960/620/716 956/618/712 1070/618/871
f 960/620/716 1070/618/871 1071/620/874
f 1071/620/875 1070/618/872 901/618/873
f 1071/620/875 901/618/873 905/620/876
f 964/622/720 960/620/716 1071/620/874
f 964/622/720 1071/620/874 1072/622/877
f 1072/622/878 1071/620/875 905/620/876
f 1072/622/878 905/620/876 909/622/879
f 968/625/724 964/622/720 1072/622/877
f 968/625/724 1072/622/877 1073/625/880
f 1073/625/881 1072/622/878 909/622/879
f 1073/625/881 909/622/879 914/625/882
f 974/597/730 968/625/724 1073/625/880
f 974/597/730 1073/625/880 1074/597/883
f 1074/597/884 1073/625/881 914/625/882
f 1074/597/884 914/625/882 854/597/885
f 980/596/736 974/597/730 1074/597/883
f 980/596/736 1074/597/883 1075/596/886
f 1075/596/887 1074/597/884 854/597/885
f 1075/596/887 854/597/885 853/596/888
f 925/601/683 980/596/736 1075/596/886
f 925/601/683 1075/596/886 1076/601/889
f 1076/601/890 1075/596/887 853/596/888
f 1076/601/890 853/596/888 865/601/891
f 926/604/684 925/601/683 1076/601/889
f 926/604/684 1076/601/889 1077/604/892
f 1077/604/893 1076/601/890 865/601/891
f 1077/604/893 865/601/891 873/604/894
f 934/628/627 926/604/684 1077/604/892
f 934/628/627 1077/604/892 1078/637/799
f 1078/637/802 1077/604/893 873/604/894
f 1078/637/802 873/604/894 977/628/803
f 846/593/610 1047/600/733 1079/600/734
f 846/593/610 1079/600/734 847/593/611
f 1080/608/895 1081/606/896 1043/635/797
f 1080/608/895 1043/635/797 984/608/740
f 1082/607/897 1083/594/898 1039/634/795
f 1082/607/897 1039/634/795 920/607/678
f 1081/606/896 1084/605/899 1037/633/793
f 1081/606/896 1037/633/793 1043/635/797
f 1085/628/900 1086/604/901 1035/604/791
f 1085/628/900 1035/604/791 1041/628/770
f 1083/594/898 1087/595/902 1033/595/789
f 1083/594/898 1033/595/789 1039/634/795
f 1084/605/899 1088/602/903 1031/632/787
f 1084/605/899 1031/632/787 1037/633/793
f 1086/604/901 1089/601/904 1029/601/785
f 1086/604/901 1029/601/785 1035/604/791
f 1087/595/902 1090/603/905 1027/603/783
f 1087/595/902 1027/603/783 1033/595/789
f 1088/602/903 1091/598/906 1025/598/781
f 1088/602/903 1025/598/781 1031/632/787
f 1089/601/904 1092/596/907 1023/596/779
f 1089/601/904 1023/596/779 1029/601/785
f 1090/603/905 1093/592/908 1021/592/777
f 1090/603/905 1021/592/777 1027/603/783
f 1091/598/906 1094/599/909 1019/599/775
f 1091/598/906 1019/599/775 1025/598/781
f 1092/596/907 1095/597/910 1017/597/773
f 1092/596/907 1017/597/773 1023/596/779
f 1093/592/908 1096/593/911 1013/631/769
f 1093/592/908 1013/631/769 1021/592/777
f 1094/599/909 1097/626/912 1011/626/767
f 1094/599/909 1011/626/767 1019/599/775
f 1095/597/910 1098/625/913 1009/625/765
f 1095/597/910 1009/625/765 1017/597/773
f 1096/593/911 1099/600/900 1014/600/770
f 1096/593/911 1014/600/770 1013/631/769
f 1097/626/912 1100/623/914 1007/623/763
f 1097/626/912 1007/623/763 1011/626/767
f 1098/625/913 1101/622/915 1005/630/761
f 1098/625/913 1005/630/761 1009/625/765
f 1100/623/914 1102/621/916 1003/621/759
f 1100/623/914 1003/621/759 1007/623/763
f 1101/622/915 1103/620/917 1001/629/757
f 1101/622/915 1001/629/757 1005/630/761
f 1102/621/916 1104/619/918 999/619/755
f 1102/621/916 999/619/755 1003/621/759
f 1103/620/917 1105/618/919 997/618/753
f 1103/620/917 997/618/753 1001/629/757
f 1104/619/918 1106/616/920 995/616/751
f 1104/619/918 995/616/751 999/619/755
f 1105/618/919 1107/614/921 993/614/749
f 1105/618/919 993/614/749 997/618/753
f 1106/616/920 1108/613/922 991/613/747
f 1106/616/920 991/613/747 995/616/751
f 1107/614/921 1109/612/923 989/612/745
f 1107/614/921 989/612/745 993/614/749
f 1108/613/922 1110/611/924 987/611/743
f 1108/613/922 987/611/743 991/613/747
f 1109/612/923 1111/638/925 983/610/739
f 1109/612/923 983/610/739 989/612/745
f 1110/611/924 1112/609/926 919/609/677
f 1110/611/924 919/609/677 987/611/743
f 1111/638/925 1080/608/895 984/608/740
f 1111/638/925 984/608/740 983/610/739
f 1112/609/926 1082/607/897 920/607/678
f 1112/609/926 920/607/678 919/609/677
f 886/609/927 882/607/928 1082/607/897
f 886/609/927 1082/607/897 1112/609/926
f 888/610/929 884/608/930 1080/608/895
f 888/610/929 1080/608/895 1111/638/925
f 890/611/931 886/609/927 1112/609/926
f 890/611/931 1112/609/926 1110/611/924
f 892/612/932 888/610/929 1111/638/925
f 892/612/932 1111/638/925 1109/612/923
f 894/613/933 890/611/931 1110/611/924
f 894/613/933 1110/611/924 1108/613/922
f 897/614/934 892/612/932 1109/612/923
f 897/614/934 1109/612/923 1107/614/921
f 900/616/935 894/613/933 1108/613/922
f 900/616/935 1108/613/922 1106/616/920
f 902/618/936 897/614/934 1107/614/921
f 902/618/936 1107/614/921 1105/618/919
f 904/619/937 900/616/935 1106/616/920
f 904/619/937 1106/616/920 1104/619/918
f 906/620/938 902/618/936 1105/618/919
f 906/620/938 1105/618/919 1103/620/917
f 908/621/939 904/619/937 1104/619/918
f 908/621/939 1104/619/918 1102/621/916
f 910/622/940 906/620/938 1103/620/917
f 910/622/940 1103/620/917 1101/622/915
f 913/623/941 908/621/939 1102/621/916
f 913/623/941 1102/621/916 1100/623/914
f 915/625/942 910/622/940 1101/622/915
f 915/625/942 1101/622/915 1098/625/913
f 917/626/943 913/623/941 1100/623/914
f 917/626/943 1100/623/914 1097/626/912
f 847/593/944 1079/600/945 1099/600/900
f 847/593/944 1099/600/900 1096/593/911
f 855/597/946 915/625/942 1098/625/913
f 855/597/946 1098/625/913 1095/597/910
f 859/599/947 917/626/943 1097/626/912
f 859/599/947 1097/626/912 1094/599/909
f 848/592/948 847/593/944 1096/593/911
f 848/592/948 1096/593/911 1093/592/908
f 856/596/949 855/597/946 1095/597/910
f 856/596/949 1095/597/910 1092/596/907
f 860/598/950 859/599/947 1094/599/909
f 860/598/950 1094/599/909 1091/598/906
f 878/603/951 848/592/948 1093/592/908
f 878/603/951 1093/592/908 1090/603/905
f 866/601/952 856/596/949 1092/596/907
f 866/601/952 1092/596/907 1089/601/904
f 868/602/953 860/598/950 1091/598/906
f 868/602/953 1091/598/906 1088/602/903
f 851/595/954 878/603/951 1090/603/905
f 851/595/954 1090/603/905 1087/595/902
f 874/604/955 866/601/952 1089/601/904
f 874/604/955 1089/601/904 1086/604/901
f 876/605/956 868/602/953 1088/602/903
f 876/605/956 1088/602/903 1084/605/899
f 852/594/957 851/595/954 1087/595/902
f 852/594/957 1087/595/902 1083/594/898
f 978/628/945 874/604/955 1086/604/901
f 978/628/945 1086/604/901 1085/628/900
f 880/606/958 876/605/956 1084/605/899
f 880/606/958 1084/605/899 1081/606/896
f 882/607/928 852/594/957 1083/594/898
f 882/607/928 1083/594/898 1082/607/897
f 884/608/930 880/606/958 1081/606/896
f 884/608/930 1081/606/896 1080/608/895
f 994/614/959 1002/620/959 998/618/959
f 1002/620/959 994/614/959 990/612/959
f 1002/620/959 990/612/959 1006/622/959
f 1006/622/959 990/612/959 986/610/959
f 1006/622/959 986/610/959 1010/625/959
f 1010/625/959 986/610/959 985/608/959
f 1010/625/959 985/608/959 1018/597/959
f 1018/597/959 985/608/959 1044/606/959
f 1018/597/959 1044/606/959 1024/596/959
f 1024/596/959 1044/606/959 1038/605/959
f 1024/596/959 1038/605/959 1030/601/959
f 1030/601/959 1038/605/959 1032/602/959
f 1030/601/959 1032/602/959 1036/604/959
f 1036/604/959 1032/602/959 1026/598/959
f 1036/604/959 1026/598/959 1042/628/959
f 1042/628/959 1026/598/959 1020/599/959
f 1042/628/959 1020/599/959 1016/593/959
f 1016/593/959 1020/599/959 1012/626/959
f 1016/593/959 1012/626/959 1022/592/959
f 1022/592/959 1012/626/959 1008/623/959
f 1022/592/959 1008/623/959 1028/603/959
f 1028/603/959 1008/623/959 1004/621/959
f 1028/603/959 1004/621/959 1034/595/959
f 1034/595/959 1004/621/959 1000/619/959
f 1034/595/959 1000/619/959 1040/594/959
f 1040/594/959 1000/619/959 996/616/959
f 1040/594/959 996/616/959 921/607/959
f 921/607/959 996/616/959 992/613/959
f 921/607/959 992/613/959 922/609/959
f 922/609/959 992/613/959 988/611/959
# Vertices: 268, normals: 351, texture coordinates: 47, faces: 478

o obj3
v -0.13187878 5.88297467 -0.66299979
v -0.13187878 6.46018583 -0.66299988
v 8E-08 6.46018583 -0.67598884
v 8E-08 5.88297467 -0.67598875
v 0.25868987 5.88297468 -0.62453214
v 0.25868987 6.46018584 -0.62453224
v 0.37555936 6.46018585 -0.56206417
v 0.37555936 5.88297469 -0.56206408
v 0.4779964 6.46018586 -0.47799629
v 0.4779964 5.8829747 -0.47799619
v 0.4779964 6.46018586 -0.47799629
v 0.5620642 6.46018588 -0.37555929
v 0.5620642 5.88297472 -0.3755592
v 0.5620642 6.46018588 -0.37555929
v 0.62453231 6.4601859 -0.25868975
v 0.62453231 5.88297474 -0.25868966
v 0.66299996 6.46018592 -0.13187889
v 0.66299996 5.88297476 -0.1318788
v 0.67598891 6.46018594 -1E-08
v 0.67598891 5.88297478 8E-08
v 0.66299996 6.46018596 0.13187887
v 0.66299996 5.8829748 0.13187896
v 0.62453231 6.46018598 0.25868973
v 0.62453231 5.88297482 0.25868983
v 0.5620642 6.460186 0.37555927
v 0.5620642 5.88297484 0.37555936
v 0.4779964 6.46018602 0.47799627
v 0.4779964 5.88297486 0.47799636
v 0.37555936 6.46018603 0.56206415
v 0.37555936 5.88297487 0.56206424
v 0.25868987 6.46018604 0.62453222
v 0.25868987 5.88297488 0.62453231
v 0.13187894 6.46018605 0.66299986
v 0.13187894 5.88297489 0.66299996
v 8E-08 6.46018605 0.67598882
v 8E-08 5.88297489 0.67598891
v -0.13187878 6.46018605 0.66299986
v -0.13187878 5.88297489 0.66299996
v -0.2586897 6.46018604 0.62453222
v -0.2586897 5.88297488 0.62453231
v -0.2586897 6.46018604 0.62453222
v -0.37555912 6.46018603 0.56206415
v -0.37555912 5.88297487 0.56206424
v -0.47799623 6.46018602 0.47799627
v -0.47799623 5.88297486 0.47799636
v -0.56206404 6.460186 0.37555927
v -0.56206404 5.88297484 0.37555936
v -0.62453222 6.46018598 0.25868973
v -0.62453222 5.88297482 0.25868983
v -0.66299987 6.46018596 0.13187887
v -0.66299987 5.8829748 0.13187896
v -0.67598875 6.46018594 -1E-08
v -0.67598875 5.88297478 8E-08
v -0.66299987 6.46018592 -0.13187889
v -0.66299987 5.88297476 -0.1318788
v -0.66299987 6.46018592 -0.13187889
v -0.62453222 6.4601859 -0.25868975
v -0.62453222 5.88297474 -0.25868966
v -0.56206404 6.46018588 -0.37555929
v -0.56206404 5.88297472 -0.3755592
v -0.47799623 6.46018586 -0.47799629
v -0.47799623 5.8829747 -0.47799619
v -0.37555912 6.46018585 -0.56206417
v -0.37555912 5.88297469 -0.56206408
v -0.2586897 6.46018584 -0.62453224
v -0.2586897 5.88297468 -0.62453214
v 8E-08 5.88297467 -0.67598875
v 8E-08 6.46018583 -0.67598884
v 0.13187894 6.46018583 -0.66299988
v 0.13187894 5.88297467 -0.66299979
v 8E-08 6.47888595 -0.67225123
v 0.13114982 6.47888595 -0.65933403
v 8E-08 6.49473915 -0.66160719
v 0.12907316 6.49473915 -0.64889456
v 0.12907316 6.49473915 -0.64889456
v 8E-08 6.49473915 -0.66160719
v 8E-08 6.50533194 -0.64567728
v 0.12596536 6.50533194 -0.63327075
v 8E-08 6.50905162 -0.62688663
v 0.12229958 6.50905162 -0.61484115
v 0.13114982 6.47888595 -0.65933403
v 0.2572595 6.47888595 -0.62107909
v 0.12907316 6.49473915 -0.64889456
v 0.25318613 6.49473915 -0.61124529
v 0.25318613 6.49473915 -0.61124529
v 0.12907316 6.49473915 -0.64889456
v 0.24709002 6.50533194 -0.59652796
v 0.23989909 6.50905163 -0.57916772
v 0.2572595 6.47888595 -0.62107909
v 0.37348279 6.47888596 -0.5589564
v 0.25318613 6.49473915 -0.61124529
v 0.36756937 6.49473916 -0.55010621
v 0.36756937 6.49473916 -0.55010621
v 0.25318613 6.49473915 -0.61124529
v 0.35871913 6.50533195 -0.53686096
v 0.3482797 6.50905164 -0.52123711
v 0.37348279 6.47888596 -0.5589564
v 0.4753534 6.47888598 -0.47535333
v 0.36756937 6.49473916 -0.55010621
v 0.46782692 6.49473918 -0.46782686
v 0.46782692 6.49473918 -0.46782686
v 0.36756937 6.49473916 -0.55010621
v 0.45656279 6.50533197 -0.45656272
v 0.44327584 6.50905165 -0.44327577
v 0.4753534 6.47888598 -0.47535333
v 0.55895639 6.478886 -0.37348276
v 0.46782692 6.49473918 -0.46782686
v 0.55010632 6.49473919 -0.36756926
v 0.55010632 6.49473919 -0.36756926
v 0.46782692 6.49473918 -0.46782686
v 0.53686103 6.50533198 -0.3587191
v 0.52123721 6.50905167 -0.34827963
v 0.55895639 6.478886 -0.37348276
v 0.6210792 6.47888601 -0.25725941
v 0.55010632 6.49473919 -0.36756926
v 0.61124535 6.49473921 -0.2531861
v 0.61124535 6.49473921 -0.2531861
v 0.55010632 6.49473919 -0.36756926
v 0.59652803 6.505332 -0.24708995
v 0.57916779 6.50905169 -0.23989907
v 0.6210792 6.47888601 -0.25725941
v 0.65933411 6.47888603 -0.13114971
v 0.61124535 6.49473921 -0.2531861
v 0.64889459 6.49473923 -0.12907315
v 0.64889459 6.49473923 -0.12907315
v 0.61124535 6.49473921 -0.2531861
v 0.63327077 6.50533202 -0.12596536
v 0.61484118 6.5090517 -0.12229946
v 0.65933411 6.47888603 -0.13114971
v 0.67225126 6.47888606 -1E-08
v 0.64889459 6.49473923 -0.12907315
v 0.66160722 6.49473925 -2E-08
v 0.66160722 6.49473925 -2E-08
v 0.64889459 6.49473923 -0.12907315
v 0.64567735 6.50533204 -2E-08
v 0.62688674 6.50905172 -2E-08
v 0.67225126 6.47888606 -1E-08
v 0.65933411 6.47888608 0.13114968
v 0.66160722 6.49473925 -2E-08
v 0.64889459 6.49473928 0.12907312
v 0.64889459 6.49473928 0.12907312
v 0.66160722 6.49473925 -2E-08
v 0.63327077 6.50533206 0.12596533
v 0.61484118 6.50905174 0.12229942
v 0.65933411 6.47888608 0.13114968
v 0.6210792 6.4788861 0.25725938
v 0.64889459 6.49473928 0.12907312
v 0.61124535 6.4947393 0.25318607
v 0.61124535 6.4947393 0.25318607
v 0.64889459 6.49473928 0.12907312
v 0.59652803 6.50533208 0.24708992
v 0.57916779 6.50905176 0.23989903
v 0.6210792 6.4788861 0.25725938
v 0.55895648 6.47888612 0.37348273
v 0.61124535 6.4947393 0.25318607
v 0.55010632 6.49473931 0.36756923
v 0.55010632 6.49473931 0.36756923
v 0.61124535 6.4947393 0.25318607
v 0.53686103 6.5053321 0.35871907
v 0.52123721 6.50905178 0.34827959
v 0.55895648 6.47888612 0.37348273
v 0.4753534 6.47888613 0.47535331
v 0.55010632 6.49473931 0.36756923
v 0.46782692 6.49473933 0.46782683
v 0.46782692 6.49473933 0.46782683
v 0.55010632 6.49473931 0.36756923
v 0.45656279 6.50533212 0.45656269
v 0.44327584 6.5090518 0.44327573
v 0.4753534 6.47888613 0.47535331
v 0.37348279 6.47888615 0.55895634
v 0.46782692 6.49473933 0.46782683
v 0.36756937 6.49473934 0.55010618
v 0.36756937 6.49473934 0.55010618
v 0.46782692 6.49473933 0.46782683
v 0.35871913 6.50533213 0.53686093
v 0.3482797 6.50905181 0.52123707
v 0.37348279 6.47888615 0.55895634
v 0.2572595 6.47888616 0.62107906
v 0.36756937 6.49473934 0.55010618
v 0.25318613 6.49473935 0.61124525
v 0.25318613 6.49473935 0.61124525
v 0.36756937 6.49473934 0.55010618
v 0.24709002 6.50533214 0.59652793
v 0.23989909 6.50905182 0.57916768
v 0.2572595 6.47888616 0.62107906
v 0.13114982 6.47888616 0.65933401
v 0.25318613 6.49473935 0.61124525
v 0.12907316 6.49473936 0.64889453
v 0.12907316 6.49473936 0.64889453
v 0.25318613 6.49473935 0.61124525
v 0.12596536 6.50533214 0.63327071
v 0.12229958 6.50905182 0.61484112
v 0.13114982 6.47888616 0.65933401
v 8E-08 6.47888617 0.6722512
v 0.12907316 6.49473936 0.64889453
v 8E-08 6.49473936 0.66160716
v 8E-08 6.49473936 0.66160716
v 0.12907316 6.49473936 0.64889453
v 8E-08 6.50533215 0.64567725
v 8E-08 6.50905183 0.62688659
v 8E-08 6.47888617 0.6722512
v -0.13114965 6.47888616 0.65933401
v 8E-08 6.49473936 0.66160716
v -0.129073 6.49473936 0.64889453
v -0.129073 6.49473936 0.64889453
v 8E-08 6.49473936 0.66160716
v -0.12596519 6.50533214 0.63327071
v -0.12229942 6.50905182 0.61484112
v -0.13114965 6.47888616 0.65933401
v -0.25725933 6.47888616 0.62107906
v -0.129073 6.49473936 0.64889453
v -0.25318596 6.49473935 0.61124525
v -0.25318596 6.49473935 0.61124525
v -0.129073 6.49473936 0.64889453
v -0.24708993 6.50533214 0.59652793
v -0.23989893 6.50905182 0.57916768
v -0.25725933 6.47888616 0.62107906
v -0.37348262 6.47888615 0.55895638
v -0.25318596 6.49473935 0.61124525
v -0.3675692 6.49473934 0.55010618
v -0.3675692 6.49473934 0.55010618
v -0.25318596 6.49473935 0.61124525
v -0.35871896 6.50533213 0.53686093
v -0.34827945 6.50905181 0.52123707
v -0.37348262 6.47888615 0.55895638
v -0.47535324 6.47888613 0.47535331
v -0.3675692 6.49473934 0.55010618
v -0.46782668 6.49473933 0.46782683
v -0.46782668 6.49473933 0.46782683
v -0.3675692 6.49473934 0.55010618
v -0.45656262 6.50533212 0.45656269
v -0.44327559 6.5090518 0.44327573
v -0.47535324 6.47888613 0.47535331
v -0.55895623 6.47888612 0.37348273
v -0.46782668 6.49473933 0.46782683
v -0.55010615 6.49473931 0.36756923
v -0.55010615 6.49473931 0.36756923
v -0.46782668 6.49473933 0.46782683
v -0.53686086 6.5053321 0.35871907
v -0.52123704 6.50905178 0.34827959
v -0.55895623 6.47888612 0.37348273
v -0.62107903 6.4788861 0.25725938
v -0.55010615 6.49473931 0.36756923
v -0.61124519 6.4947393 0.25318607
v -0.61124519 6.4947393 0.25318607
v -0.55010615 6.49473931 0.36756923
v -0.59652794 6.50533208 0.24708992
v -0.57916754 6.50905176 0.23989903
v -0.62107903 6.4788861 0.25725938
v -0.65933394 6.47888608 0.13114968
v -0.61124519 6.4947393 0.25318607
v -0.64889442 6.49473928 0.12907312
v -0.64889442 6.49473928 0.12907312
v -0.61124519 6.4947393 0.25318607
v -0.63327061 6.50533206 0.12596533
v -0.61484101 6.50905174 0.12229942
v -0.65933394 6.47888608 0.13114968
v -0.67225109 6.47888606 -1E-08
v -0.64889442 6.49473928 0.12907312
v -0.66160706 6.49473925 -2E-08
v -0.66160706 6.49473925 -2E-08
v -0.64889442 6.49473928 0.12907312
v -0.64567718 6.50533204 -2E-08
v -0.62688657 6.50905172 -2E-08
v -0.67225109 6.47888606 -1E-08
v -0.65933394 6.47888603 -0.13114971
v -0.66160706 6.49473925 -2E-08
v -0.64889442 6.49473923 -0.12907315
v -0.64889442 6.49473923 -0.12907315
v -0.66160706 6.49473925 -2E-08
v -0.63327061 6.50533202 -0.12596536
v -0.61484101 6.5090517 -0.12229946
v -0.65933394 6.47888603 -0.13114971
v -0.62107903 6.47888601 -0.25725941
v -0.64889442 6.49473923 -0.12907315
v -0.61124519 6.49473921 -0.2531861
v -0.61124519 6.49473921 -0.2531861
v -0.64889442 6.49473923 -0.12907315
v -0.59652794 6.505332 -0.24708995
v -0.57916754 6.50905169 -0.23989907
v -0.62107903 6.47888601 -0.25725941
v -0.55895639 6.478886 -0.37348276
v -0.61124519 6.49473921 -0.2531861
v -0.55010615 6.49473919 -0.36756926
v -0.55010615 6.49473919 -0.36756926
v -0.61124519 6.49473921 -0.2531861
v -0.53686086 6.50533198 -0.3587191
v -0.52123704 6.50905167 -0.34827963
v -0.55895639 6.478886 -0.37348276
v -0.47535324 6.47888598 -0.47535333
v -0.55010615 6.49473919 -0.36756926
v -0.46782668 6.49473918 -0.46782686
v -0.46782668 6.49473918 -0.46782686
v -0.55010615 6.49473919 -0.36756926
v -0.45656262 6.50533197 -0.45656272
v -0.44327559 6.50905165 -0.44327577
v -0.47535324 6.47888598 -0.47535333
v -0.37348262 6.47888596 -0.55895636
v -0.46782668 6.49473918 -0.46782686
v -0.3675692 6.49473916 -0.55010621
v -0.3675692 6.49473916 -0.55010621
v -0.46782668 6.49473918 -0.46782686
v -0.35871896 6.50533195 -0.53686096
v -0.34827945 6.50905164 -0.52123711
v -0.37348262 6.47888596 -0.55895636
v -0.25725933 6.47888595 -0.62107909
v -0.3675692 6.49473916 -0.55010621
v -0.25318596 6.49473915 -0.61124529
v -0.25318596 6.49473915 -0.61124529
v -0.3675692 6.49473916 -0.55010621
v -0.24708993 6.50533194 -0.59652796
v -0.23989893 6.50905163 -0.57916772
v -0.25725933 6.47888595 -0.62107909
v -0.13114965 6.47888595 -0.65933403
v -0.25318596 6.49473915 -0.61124529
v -0.129073 6.49473915 -0.64889456
v -0.129073 6.49473915 -0.64889456
v -0.25318596 6.49473915 -0.61124529
v -0.12596519 6.50533194 -0.63327075
v -0.12229942 6.50905162 -0.61484115
v -0.13114965 6.47888595 -0.65933403
v 8E-08 6.47888595 -0.67225123
v -0.129073 6.49473915 -0.64889456
v 8E-08 6.49473915 -0.66160719
v 8E-08 6.49473915 -0.66160719
v -0.129073 6.49473915 -0.64889456
v -0.66299987 5.88297476 -0.1318788
v -0.66299987 5.8829748 0.13187896
v -0.67598875 5.88297478 8E-08
v -0.62453222 5.88297474 -0.25868966
v -0.62453222 5.88297482 0.25868983
v -0.56206404 5.88297472 -0.3755592
v -0.56206404 5.88297484 0.37555936
v -0.47799623 5.8829747 -0.47799619
v -0.47799623 5.88297486 0.47799636
v -0.37555912 5.88297469 -0.56206408
v -0.37555912 5.88297487 0.56206424
v -0.2586897 5.88297468 -0.62453214
v -0.2586897 5.88297488 0.62453231
v -0.13187878 5.88297467 -0.66299979
v -0.13187878 5.88297489 0.66299996
v 8E-08 5.88297467 -0.67598875
v 8E-08 5.88297489 0.67598891
v 0.13187894 5.88297467 -0.66299979
v 0.13187894 5.88297489 0.66299996
v 0.25868987 5.88297468 -0.62453214
v 0.25868987 5.88297488 0.62453231
v 0.37555936 5.88297469 -0.56206408
v 0.37555936 5.88297487 0.56206424
v 0.4779964 5.8829747 -0.47799619
v 0.4779964 5.88297486 0.47799636
v 0.5620642 5.88297472 -0.3755592
v 0.5620642 5.88297484 0.37555936
v 0.62453231 5.88297474 -0.25868966
v 0.62453231 5.88297482 0.25868983
v 0.66299996 5.88297476 -0.1318788
v 0.66299996 5.8829748 0.13187896
v 0.67598891 5.88297478 8E-08
vn -0.19509 0.98079 0
vn -0.19415 0.97608 0.09788
vn 0 0.9952 0.09788
vn 0 1 0
vn 0.38268 0.92388 0
vn 0.38085 0.91944 0.09788
vn 0.5529 0.82748 0.09788
vn 0.55557 0.83147 0
vn 0.70371 0.70371 0.09788
vn 0.70711 0.70711 0
vn 0.82748 0.5529 0.09788
vn 0.83147 0.55557 0
vn 0.91944 0.38085 0.09788
vn 0.92388 0.38268 0
vn 0.97608 0.19415 0.09788
vn 0.98079 0.19509 0
vn 0.9952 0 0.09788
vn 1 0 0
vn 0.97608 -0.19415 0.09788
vn 0.98079 -0.19509 0
vn 0.91944 -0.38085 0.09788
vn 0.92388 -0.38268 0
vn 0.82748 -0.5529 0.09788
vn 0.83147 -0.55557 0
vn 0.70371 -0.70371 0.09788
vn 0.70711 -0.70711 0
vn 0.5529 -0.82748 0.09788
vn 0.55557 -0.83147 0
vn 0.38085 -0.91944 0.09788
vn 0.38268 -0.92388 0
vn 0.19415 -0.97608 0.09788
vn 0.19509 -0.98079 0
vn -0 -0.9952 0.09788
vn 0 -1 0
vn -0.19415 -0.97608 0.09788
vn -0.19509 -0.98079 0
vn -0.38085 -0.91944 0.09788
vn -0.38268 -0.92388 0
vn -0.5529 -0.82748 0.09788
vn -0.55557 -0.83147 0
vn -0.70371 -0.70371 0.09788
vn -0.70711 -0.70711 0
vn -0.82748 -0.5529 0.09788
vn -0.83147 -0.55557 0
vn -0.91944 -0.38085 0.09788
vn -0.92388 -0.38268 0
vn -0.97608 -0.19415 0.09788
vn -0.98079 -0.19509 0
vn -0.9952 0 0.09788
vn -1 0 0
vn -0.97608 0.19415 0.09788
vn -0.98079 0.19509 0
vn -0.91944 0.38085 0.09788
vn -0.92388 0.38268 0
vn -0.82748 0.5529 0.09788
vn -0.83147 0.55557 0
vn -0.70371 0.70371 0.09788
vn -0.70711 0.70711 0
vn -0.5529 0.82748 0.09788
vn -0.55557 0.83147 0
vn -0.38085 0.91944 0.09788
vn -0.38268 0.92388 0
vn 0.19415 0.97608 0.09788
vn 0.19509 0.98079 0
vn -0 0.92504 0.37987
vn 0.18047 0.90726 0.37987
vn -0 0.71154 0.70264
vn 0.13882 0.69787 0.70264
vn 0 0.39152 0.92017
vn 0.07638 0.38399 0.92017
vn 0 0.10359 0.99462
vn 0.02021 0.1016 0.99462
vn 0.354 0.85462 0.37988
vn 0.2723 0.65738 0.70264
vn 0.14983 0.36172 0.92017
vn 0.03964 0.09571 0.99462
vn 0.51392 0.76914 0.37988
vn 0.39531 0.59163 0.70264
vn 0.21752 0.32554 0.92017
vn 0.05755 0.08613 0.99462
vn 0.6541 0.6541 0.37988
vn 0.50314 0.50314 0.70264
vn 0.27684 0.27684 0.92017
vn 0.07325 0.07325 0.99462
vn 0.76914 0.51392 0.37988
vn 0.59163 0.39531 0.70264
vn 0.32553 0.21752 0.92017
vn 0.08613 0.05755 0.99462
vn 0.85462 0.354 0.37987
vn 0.65738 0.2723 0.70264
vn 0.36172 0.14983 0.92017
vn 0.09571 0.03964 0.99462
vn 0.90726 0.18047 0.37988
vn 0.69787 0.13882 0.70264
vn 0.38399 0.07638 0.92017
vn 0.1016 0.02021 0.99462
vn 0.92504 0 0.37988
vn 0.71155 0 0.70264
vn 0.39152 0 0.92017
vn 0.10359 0 0.99462
vn 0.90726 -0.18047 0.37988
vn 0.69787 -0.13882 0.70264
vn 0.38399 -0.07638 0.92017
vn 0.1016 -0.02021 0.99462
vn 0.85462 -0.354 0.37988
vn 0.65738 -0.2723 0.70264
vn 0.36171 -0.14983 0.92017
vn 0.09571 -0.03964 0.99462
vn 0.76914 -0.51392 0.37988
vn 0.59163 -0.39531 0.70264
vn 0.32553 -0.21752 0.92017
vn 0.08613 -0.05755 0.99462
vn 0.6541 -0.6541 0.37988
vn 0.50314 -0.50314 0.70264
vn 0.27684 -0.27684 0.92017
vn 0.07325 -0.07325 0.99462
vn 0.51392 -0.76914 0.37988
vn 0.39531 -0.59163 0.70264
vn 0.21752 -0.32554 0.92017
vn 0.05755 -0.08613 0.99462
vn 0.354 -0.85462 0.37988
vn 0.2723 -0.65738 0.70264
vn 0.14983 -0.36172 0.92017
vn 0.03964 -0.09571 0.99462
vn 0.18047 -0.90726 0.37987
vn 0.13882 -0.69787 0.70264
vn 0.07638 -0.38399 0.92017
vn 0.02021 -0.1016 0.99462
vn 0 -0.92504 0.37987
vn -0 -0.71154 0.70264
vn -0 -0.39152 0.92017
vn -0 -0.10359 0.99462
vn -0.18047 -0.90726 0.37987
vn -0.13882 -0.69787 0.70264
vn -0.07638 -0.38399 0.92017
vn -0.02021 -0.1016 0.99462
vn -0.354 -0.85462 0.37988
vn -0.2723 -0.65738 0.70264
vn -0.14983 -0.36172 0.92017
vn -0.03964 -0.09571 0.99462
vn -0.51392 -0.76914 0.37988
vn -0.39531 -0.59163 0.70264
vn -0.21752 -0.32553 0.92017
vn -0.05755 -0.08613 0.99462
vn -0.6541 -0.6541 0.37988
vn -0.50314 -0.50314 0.70264
vn -0.27685 -0.27685 0.92017
vn -0.07325 -0.07325 0.99462
vn -0.76914 -0.51392 0.37988
vn -0.59163 -0.39531 0.70264
vn -0.32554 -0.21752 0.92017
vn -0.08613 -0.05755 0.99462
vn -0.85462 -0.354 0.37988
vn -0.65738 -0.2723 0.70264
vn -0.36172 -0.14983 0.92017
vn -0.0957 -0.03964 0.99462
vn -0.90726 -0.18047 0.37988
vn -0.69787 -0.13882 0.70264
vn -0.38399 -0.07638 0.92017
vn -0.1016 -0.02021 0.99462
vn -0.92504 0 0.37988
vn -0.71155 0 0.70264
vn -0.39152 0 0.92017
vn -0.10359 0 0.99462
vn -0.90726 0.18047 0.37988
vn -0.69787 0.13882 0.70264
vn -0.38399 0.07638 0.92017
vn -0.1016 0.02021 0.99462
vn -0.85462 0.354 0.37988
vn -0.65738 0.2723 0.70264
vn -0.36172 0.14983 0.92017
vn -0.0957 0.03964 0.99462
vn -0.76914 0.51392 0.37988
vn -0.59163 0.39531 0.70264
vn -0.32554 0.21752 0.92017
vn -0.08613 0.05755 0.99462
vn -0.6541 0.6541 0.37988
vn -0.50314 0.50314 0.70264
vn -0.27685 0.27684 0.92017
vn -0.07325 0.07325 0.99462
vn -0.51392 0.76914 0.37988
vn -0.39531 0.59163 0.70264
vn -0.21752 0.32553 0.92017
vn -0.05755 0.08613 0.99462
vn -0.354 0.85462 0.37988
vn -0.2723 0.65738 0.70264
vn -0.14983 0.36172 0.92017
vn -0.03964 0.09571 0.99462
vn -0.18047 0.90726 0.37987
vn -0.13882 0.69787 0.70264
vn -0.07638 0.38399 0.92017
vn -0.02021 0.1016 0.99462
vn -0 0 -1
vt 0.03125 0.5
vt 0.03125 0.03903
vt 0 0.03903
vt 0 0.5
vt 0.9375 0.5
vt 0.9375 0.03903
vt 0.90625 0.03903
vt 0.90625 0.5
vt 0.875 0.03903
vt 0.875 0.5
vt 0.875 0.03903
vt 0.84375 0.03903
vt 0.84375 0.5
vt 0.84375 0.03903
vt 0.8125 0.03903
vt 0.8125 0.5
vt 0.78125 0.03903
vt 0.78125 0.5
vt 0.75 0.03903
vt 0.75 0.5
vt 0.71875 0.03903
vt 0.71875 0.5
vt 0.6875 0.03903
vt 0.6875 0.5
vt 0.65625 0.03903
vt 0.65625 0.5
vt 0.625 0.03903
vt 0.625 0.5
vt 0.59375 0.03903
vt 0.59375 0.5
vt 0.5625 0.03903
vt 0.5625 0.5
vt 0.53125 0.03903
vt 0.53125 0.5
vt 0.5 0.03903
vt 0.5 0.5
vt 0.46875 0.03903
vt 0.46875 0.5
vt 0.4375 0.03903
vt 0.4375 0.5
vt 0.4375 0.03903
vt 0.40625 0.03903
vt 0.40625 0.5
vt 0.375 0.03903
vt 0.375 0.5
vt 0.34375 0.03903
vt 0.34375 0.5
vt 0.3125 0.03903
vt 0.3125 0.5
vt 0.28125 0.03903
vt 0.28125 0.5
vt 0.25 0.03903
vt 0.25 0.5
vt 0.21875 0.03903
vt 0.21875 0.5
vt 0.21875 0.03903
vt 0.1875 0.03903
vt 0.1875 0.5
vt 0.15625 0.03903
vt 0.15625 0.5
vt 0.125 0.03903
vt 0.125 0.5
vt 0.09375 0.03903
vt 0.09375 0.5
vt 0.0625 0.03903
vt 0.0625 0.5
vt 1 0.5
vt 1 0.03903
vt 0.96875 0.03903
vt 0.96875 0.5
vt 0.99991 0.02409
vt 0.96884 0.02409
vt 0.99967 0
vt 0.96908 0
vt 0.29632 0.51456
vt 0.2505 0.51005
vt 0.25 0.52076
vt 0.29472 0.52517
vt 0.25 0.52743
vt 0.29342 0.53171
vt 0.96866 0.02409
vt 0.93759 0.02409
vt 0.96842 0
vt 0.93783 0
vt 0.34137 0.52812
vt 0.2973 0.51476
vt 0.33773 0.53821
vt 0.33517 0.54437
vt 0.93741 0.02409
vt 0.90634 0.02409
vt 0.93717 0
vt 0.90658 0
vt 0.3829 0.55021
vt 0.34229 0.5285
vt 0.37736 0.5594
vt 0.37365 0.56494
vt 0.90616 0.02409
vt 0.87509 0.02409
vt 0.90592 0
vt 0.87533 0
vt 0.41932 0.57998
vt 0.38372 0.55076
vt 0.4121 0.5879
vt 0.40738 0.59262
vt 0.87491 0.02409
vt 0.84384 0.02409
vt 0.87467 0
vt 0.84408 0
vt 0.44924 0.61628
vt 0.42002 0.58068
vt 0.4406 0.62264
vt 0.43506 0.62635
vt 0.84366 0.02409
vt 0.81259 0.02409
vt 0.84342 0
vt 0.81283 0
vt 0.4715 0.65771
vt 0.44979 0.6171
vt 0.46179 0.66227
vt 0.45563 0.66483
vt 0.81241 0.02409
vt 0.78134 0.02409
vt 0.81217 0
vt 0.78158 0
vt 0.48524 0.7027
vt 0.47188 0.65863
vt 0.47483 0.70528
vt 0.46829 0.70658
vt 0.78116 0.02409
vt 0.75009 0.02409
vt 0.78092 0
vt 0.75033 0
vt 0.48995 0.7495
vt 0.48544 0.70368
vt 0.47924 0.75
vt 0.47257 0.75
vt 0.74991 0.02409
vt 0.71884 0.02409
vt 0.74967 0
vt 0.71908 0
vt 0.48544 0.79632
vt 0.48995 0.7505
vt 0.47483 0.79472
vt 0.46829 0.79342
vt 0.71866 0.02409
vt 0.68759 0.02409
vt 0.71842 0
vt 0.68783 0
vt 0.47188 0.84137
vt 0.48524 0.7973
vt 0.46179 0.83773
vt 0.45563 0.83517
vt 0.68741 0.02409
vt 0.65634 0.02409
vt 0.68717 0
vt 0.65658 0
vt 0.44979 0.8829
vt 0.4715 0.84229
vt 0.4406 0.87736
vt 0.43506 0.87365
vt 0.65616 0.02409
vt 0.62509 0.02409
vt 0.65592 0
vt 0.62533 0
vt 0.42002 0.91932
vt 0.44924 0.88372
vt 0.4121 0.9121
vt 0.40738 0.90738
vt 0.62491 0.02409
vt 0.59384 0.02409
vt 0.62467 0
vt 0.59408 0
vt 0.38372 0.94924
vt 0.41932 0.92002
vt 0.37736 0.9406
vt 0.37365 0.93506
vt 0.59366 0.02409
vt 0.56259 0.02409
vt 0.59342 0
vt 0.56283 0
vt 0.34229 0.9715
vt 0.3829 0.94979
vt 0.33773 0.96179
vt 0.33517 0.95563
vt 0.56241 0.02409
vt 0.53134 0.02409
vt 0.56217 0
vt 0.53158 0
vt 0.2973 0.98524
vt 0.34137 0.97188
vt 0.29472 0.97483
vt 0.29342 0.96829
vt 0.53116 0.02409
vt 0.50009 0.02409
vt 0.53092 0
vt 0.50033 0
vt 0.2505 0.98995
vt 0.29632 0.98544
vt 0.25 0.97924
vt 0.25 0.97257
vt 0.49991 0.02409
vt 0.46884 0.02409
vt 0.49967 0
vt 0.46908 0
vt 0.20368 0.98544
vt 0.2495 0.98995
vt 0.20528 0.97483
vt 0.20658 0.96829
vt 0.46866 0.02409
vt 0.43759 0.02409
vt 0.46842 0
vt 0.43783 0
vt 0.15863 0.97188
vt 0.2027 0.98524
vt 0.16227 0.96179
vt 0.16483 0.95563
vt 0.43741 0.02409
vt 0.40634 0.02409
vt 0.43717 0
vt 0.40658 0
vt 0.1171 0.94979
vt 0.15771 0.9715
vt 0.12264 0.9406
vt 0.12635 0.93506
vt 0.40616 0.02409
vt 0.37509 0.02409
vt 0.40592 0
vt 0.37533 0
vt 0.08068 0.92002
vt 0.11628 0.94924
vt 0.0879 0.9121
vt 0.09262 0.90738
vt 0.37491 0.02409
vt 0.34384 0.02409
vt 0.37467 0
vt 0.34408 0
vt 0.05076 0.88372
vt 0.07998 0.91932
vt 0.0594 0.87736
vt 0.06494 0.87365
vt 0.34366 0.02409
vt 0.31259 0.02409
vt 0.34342 0
vt 0.31283 0
vt 0.0285 0.84229
vt 0.05021 0.8829
vt 0.03821 0.83773
vt 0.04437 0.83517
vt 0.31241 0.02409
vt 0.28134 0.02409
vt 0.31217 0
vt 0.28158 0
vt 0.01476 0.7973
vt 0.02812 0.84137
vt 0.02517 0.79472
vt 0.03171 0.79342
vt 0.28116 0.02409
vt 0.25009 0.02409
vt 0.28092 0
vt 0.25033 0
vt 0.01005 0.7505
vt 0.01456 0.79632
vt 0.02076 0.75
vt 0.02743 0.75
vt 0.24991 0.02409
vt 0.21884 0.02409
vt 0.24967 0
vt 0.21908 0
vt 0.01456 0.70368
vt 0.01005 0.7495
vt 0.02517 0.70528
vt 0.03171 0.70658
vt 0.21866 0.02409
vt 0.18759 0.02409
vt 0.21842 0
vt 0.18783 0
vt 0.02812 0.65863
vt 0.01476 0.7027
vt 0.03821 0.66227
vt 0.04437 0.66483
vt 0.18741 0.02409
vt 0.15634 0.02409
vt 0.18717 0
vt 0.15658 0
vt 0.05021 0.6171
vt 0.0285 0.65771
vt 0.0594 0.62264
vt 0.06494 0.62635
vt 0.15616 0.02409
vt 0.12509 0.02409
vt 0.15592 0
vt 0.12533 0
vt 0.07998 0.58068
vt 0.05076 0.61628
vt 0.0879 0.5879
vt 0.09262 0.59262
vt 0.12491 0.02409
vt 0.09384 0.02409
vt 0.12467 0
vt 0.09408 0
vt 0.11628 0.55076
vt 0.08068 0.57998
vt 0.12264 0.5594
vt 0.12635 0.56494
vt 0.09366 0.02409
vt 0.06259 0.02409
vt 0.09342 0
vt 0.06283 0
vt 0.15771 0.5285
vt 0.1171 0.55021
vt 0.16227 0.53821
vt 0.16483 0.54437
vt 0.06241 0.02409
vt 0.03134 0.02409
vt 0.06217 0
vt 0.03158 0
vt 0.2027 0.51476
vt 0.15863 0.52812
vt 0.20528 0.52517
vt 0.20658 0.53171
vt 0.03116 0.02409
vt 9E-05 0.02409
vt 0.03092 0
vt 0.00033 0
vt 0.2495 0.51005
vt 0.20368 0.51456
vt 0.51461 0.70318
vt 0.51461 0.79682
vt 0.51 0.75
vt 0.52827 0.65816
vt 0.52827 0.84184
vt 0.55045 0.61666
vt 0.55045 0.88334
vt 0.58029 0.58029
vt 0.58029 0.91971
vt 0.61666 0.55045
vt 0.61666 0.94955
vt 0.65816 0.52827
vt 0.65816 0.97173
vt 0.70318 0.51461
vt 0.70318 0.98539
vt 0.75 0.51
vt 0.75 0.99
vt 0.79682 0.51461
vt 0.79682 0.98539
vt 0.84184 0.52827
vt 0.84184 0.97173
vt 0.88334 0.55045
vt 0.88334 0.94955
vt 0.91971 0.58029
vt 0.91971 0.91971
vt 0.94955 0.61666
vt 0.94955 0.88334
vt 0.97173 0.65816
vt 0.97173 0.84184
vt 0.98539 0.70318
vt 0.98539 0.79682
vt 0.99 0.75
usemtl mat2
f 1113/639/960 1114/640/961 1115/641/962
f 1113/639/960 1115/641/962 1116/642/963
f 1117/643/964 1118/644/965 1119/645/966
f 1117/643/964 1119/645/966 1120/646/967
f 1120/646/967 1119/645/966 1121/647/968
f 1120/646/967 1121/647/968 1122/648/969
f 1122/648/969 1123/649/968 1124/650/970
f 1122/648/969 1124/650/970 1125/651/971
f 1125/651/971 1126/652/970 1127/653/972
f 1125/651/971 1127/653/972 1128/654/973
f 1128/654/973 1127/653/972 1129/655/974
f 1128/654/973 1129/655/974 1130/656/975
f 1130/656/975 1129/655/974 1131/657/976
f 1130/656/975 1131/657/976 1132/658/977
f 1132/658/977 1131/657/976 1133/659/978
f 1132/658/977 1133/659/978 1134/660/979
f 1134/660/979 1133/659/978 1135/661/980
f 1134/660/979 1135/661/980 1136/662/981
f 1136/662/981 1135/661/980 1137/663/982
f 1136/662/981 1137/663/982 1138/664/983
f 1138/664/983 1137/663/982 1139/665/984
f 1138/664/983 1139/665/984 1140/666/985
f 1140/666/985 1139/665/984 1141/667/986
f 1140/666/985 1141/667/986 1142/668/987
f 1142/668/987 1141/667/986 1143/669/988
f 1142/668/987 1143/669/988 1144/670/989
f 1144/670/989 1143/669/988 1145/671/990
f 1144/670/989 1145/671/990 1146/672/991
f 1146/672/991 1145/671/990 1147/673/992
f 1146/672/991 1147/673/992 1148/674/993
f 1148/674/993 1147/673/992 1149/675/994
f 1148/674/993 1149/675/994 1150/676/995
f 1150/676/995 1149/675/994 1151/677/996
f 1150/676/995 1151/677/996 1152/678/997
f 1152/678/997 1153/679/996 1154/680/998
f 1152/678/997 1154/680/998 1155/681/999
f 1155/681/999 1154/680/998 1156/682/1000
f 1155/681/999 1156/682/1000 1157/683/1001
f 1157/683/1001 1156/682/1000 1158/684/1002
f 1157/683/1001 1158/684/1002 1159/685/1003
f 1159/685/1003 1158/684/1002 1160/686/1004
f 1159/685/1003 1160/686/1004 1161/687/1005
f 1161/687/1005 1160/686/1004 1162/688/1006
f 1161/687/1005 1162/688/1006 1163/689/1007
f 1163/689/1007 1162/688/1006 1164/690/1008
f 1163/689/1007 1164/690/1008 1165/691/1009
f 1165/691/1009 1164/690/1008 1166/692/1010
f 1165/691/1009 1166/692/1010 1167/693/1011
f 1167/693/1011 1168/694/1010 1169/695/1012
f 1167/693/1011 1169/695/1012 1170/696/1013
f 1170/696/1013 1169/695/1012 1171/697/1014
f 1170/696/1013 1171/697/1014 1172/698/1015
f 1172/698/1015 1171/697/1014 1173/699/1016
f 1172/698/1015 1173/699/1016 1174/700/1017
f 1174/700/1017 1173/699/1016 1175/701/1018
f 1174/700/1017 1175/701/1018 1176/702/1019
f 1176/702/1019 1175/701/1018 1177/703/1020
f 1176/702/1019 1177/703/1020 1178/704/1021
f 1178/704/1021 1177/703/1020 1114/640/961
f 1178/704/1021 1114/640/961 1113/639/960
f 1179/705/963 1180/706/962 1181/707/1022
f 1179/705/963 1181/707/1022 1182/708/1023
f 1182/708/1023 1181/707/1022 1118/644/965
f 1182/708/1023 1118/644/965 1117/643/964
f 1181/707/1022 1180/706/962 1183/709/1024
f 1181/707/1022 1183/709/1024 1184/710/1025
f 1184/710/1025 1183/709/1024 1185/711/1026
f 1184/710/1025 1185/711/1026 1186/712/1027
f 1187/713/1027 1188/714/1026 1189/715/1028
f 1187/713/1027 1189/715/1028 1190/716/1029
f 1190/716/1029 1189/715/1028 1191/717/1030
f 1190/716/1029 1191/717/1030 1192/718/1031
f 1118/644/965 1181/707/1022 1193/719/1025
f 1118/644/965 1193/719/1025 1194/720/1032
f 1194/720/1032 1193/719/1025 1195/721/1027
f 1194/720/1032 1195/721/1027 1196/722/1033
f 1197/723/1033 1198/724/1027 1190/716/1029
f 1197/723/1033 1190/716/1029 1199/725/1034
f 1199/725/1034 1190/716/1029 1192/718/1031
f 1199/725/1034 1192/718/1031 1200/726/1035
f 1119/645/966 1118/644/965 1201/727/1032
f 1119/645/966 1201/727/1032 1202/728/1036
f 1202/728/1036 1201/727/1032 1203/729/1033
f 1202/728/1036 1203/729/1033 1204/730/1037
f 1205/731/1037 1206/732/1033 1199/725/1034
f 1205/731/1037 1199/725/1034 1207/733/1038
f 1207/733/1038 1199/725/1034 1200/726/1035
f 1207/733/1038 1200/726/1035 1208/734/1039
f 1121/647/968 1119/645/966 1209/735/1036
f 1121/647/968 1209/735/1036 1210/736/1040
f 1210/736/1040 1209/735/1036 1211/737/1037
f 1210/736/1040 1211/737/1037 1212/738/1041
f 1213/739/1041 1214/740/1037 1207/733/1038
f 1213/739/1041 1207/733/1038 1215/741/1042
f 1215/741/1042 1207/733/1038 1208/734/1039
f 1215/741/1042 1208/734/1039 1216/742/1043
f 1124/650/970 1123/649/968 1217/743/1040
f 1124/650/970 1217/743/1040 1218/744/1044
f 1218/744/1044 1217/743/1040 1219/745/1041
f 1218/744/1044 1219/745/1041 1220/746/1045
f 1221/747/1045 1222/748/1041 1215/741/1042
f 1221/747/1045 1215/741/1042 1223/749/1046
f 1223/749/1046 1215/741/1042 1216/742/1043
f 1223/749/1046 1216/742/1043 1224/750/1047
f 1127/653/972 1126/652/970 1225/751/1044
f 1127/653/972 1225/751/1044 1226/752/1048
f 1226/752/1048 1225/751/1044 1227/753/1045
f 1226/752/1048 1227/753/1045 1228/754/1049
f 1229/755/1049 1230/756/1045 1223/749/1046
f 1229/755/1049 1223/749/1046 1231/757/1050
f 1231/757/1050 1223/749/1046 1224/750/1047
f 1231/757/1050 1224/750/1047 1232/758/1051
f 1129/655/974 1127/653/972 1233/759/1048
f 1129/655/974 1233/759/1048 1234/760/1052
f 1234/760/1052 1233/759/1048 1235/761/1049
f 1234/760/1052 1235/761/1049 1236/762/1053
f 1237/763/1053 1238/764/1049 1231/757/1050
f 1237/763/1053 1231/757/1050 1239/765/1054
f 1239/765/1054 1231/757/1050 1232/758/1051
f 1239/765/1054 1232/758/1051 1240/766/1055
f 1131/657/976 1129/655/974 1241/767/1052
f 1131/657/976 1241/767/1052 1242/768/1056
f 1242/768/1056 1241/767/1052 1243/769/1053
f 1242/768/1056 1243/769/1053 1244/770/1057
f 1245/771/1057 1246/772/1053 1239/765/1054
f 1245/771/1057 1239/765/1054 1247/773/1058
f 1247/773/1058 1239/765/1054 1240/766/1055
f 1247/773/1058 1240/766/1055 1248/774/1059
f 1133/659/978 1131/657/976 1249/775/1056
f 1133/659/978 1249/775/1056 1250/776/1060
f 1250/776/1060 1249/775/1056 1251/777/1057
f 1250/776/1060 1251/777/1057 1252/778/1061
f 1253/779/1061 1254/780/1057 1247/773/1058
f 1253/779/1061 1247/773/1058 1255/781/1062
f 1255/781/1062 1247/773/1058 1248/774/1059
f 1255/781/1062 1248/774/1059 1256/782/1063
f 1135/661/980 1133/659/978 1257/783/1060
f 1135/661/980 1257/783/1060 1258/784/1064
f 1258/784/1064 1257/783/1060 1259/785/1061
f 1258/784/1064 1259/785/1061 1260/786/1065
f 1261/787/1065 1262/788/1061 1255/781/1062
f 1261/787/1065 1255/781/1062 1263/789/1066
f 1263/789/1066 1255/781/1062 1256/782/1063
f 1263/789/1066 1256/782/1063 1264/790/1067
f 1137/663/982 1135/661/980 1265/791/1064
f 1137/663/982 1265/791/1064 1266/792/1068
f 1266/792/1068 1265/791/1064 1267/793/1065
f 1266/792/1068 1267/793/1065 1268/794/1069
f 1269/795/1069 1270/796/1065 1263/789/1066
f 1269/795/1069 1263/789/1066 1271/797/1070
f 1271/797/1070 1263/789/1066 1264/790/1067
f 1271/797/1070 1264/790/1067 1272/798/1071
f 1139/665/984 1137/663/982 1273/799/1068
f 1139/665/984 1273/799/1068 1274/800/1072
f 1274/800/1072 1273/799/1068 1275/801/1069
f 1274/800/1072 1275/801/1069 1276/802/1073
f 1277/803/1073 1278/804/1069 1271/797/1070
f 1277/803/1073 1271/797/1070 1279/805/1074
f 1279/805/1074 1271/797/1070 1272/798/1071
f 1279/805/1074 1272/798/1071 1280/806/1075
f 1141/667/986 1139/665/984 1281/807/1072
f 1141/667/986 1281/807/1072 1282/808/1076
f 1282/808/1076 1281/807/1072 1283/809/1073
f 1282/808/1076 1283/809/1073 1284/810/1077
f 1285/811/1077 1286/812/1073 1279/805/1074
f 1285/811/1077 1279/805/1074 1287/813/1078
f 1287/813/1078 1279/805/1074 1280/806/1075
f 1287/813/1078 1280/806/1075 1288/814/1079
f 1143/669/988 1141/667/986 1289/815/1076
f 1143/669/988 1289/815/1076 1290/816/1080
f 1290/816/1080 1289/815/1076 1291/817/1077
f 1290/816/1080 1291/817/1077 1292/818/1081
f 1293/819/1081 1294/820/1077 1287/813/1078
f 1293/819/1081 1287/813/1078 1295/821/1082
f 1295/821/1082 1287/813/1078 1288/814/1079
f 1295/821/1082 1288/814/1079 1296/822/1083
f 1145/671/990 1143/669/988 1297/823/1080
f 1145/671/990 1297/823/1080 1298/824/1084
f 1298/824/1084 1297/823/1080 1299/825/1081
f 1298/824/1084 1299/825/1081 1300/826/1085
f 1301/827/1085 1302/828/1081 1295/821/1082
f 1301/827/1085 1295/821/1082 1303/829/1086
f 1303/829/1086 1295/821/1082 1296/822/1083
f 1303/829/1086 1296/822/1083 1304/830/1087
f 1147/673/992 1145/671/990 1305/831/1084
f 1147/673/992 1305/831/1084 1306/832/1088
f 1306/832/1088 1305/831/1084 1307/833/1085
f 1306/832/1088 1307/833/1085 1308/834/1089
f 1309/835/1089 1310/836/1085 1303/829/1086
f 1309/835/1089 1303/829/1086 1311/837/1090
f 1311/837/1090 1303/829/1086 1304/830/1087
f 1311/837/1090 1304/830/1087 1312/838/1091
f 1149/675/994 1147/673/992 1313/839/1088
f 1149/675/994 1313/839/1088 1314/840/1092
f 1314/840/1092 1313/839/1088 1315/841/1089
f 1314/840/1092 1315/841/1089 1316/842/1093
f 1317/843/1093 1318/844/1089 1311/837/1090
f 1317/843/1093 1311/837/1090 1319/845/1094
f 1319/845/1094 1311/837/1090 1312/838/1091
f 1319/845/1094 1312/838/1091 1320/846/1095
f 1151/677/996 1149/675/994 1321/847/1092
f 1151/677/996 1321/847/1092 1322/848/1096
f 1322/848/1096 1321/847/1092 1323/849/1093
f 1322/848/1096 1323/849/1093 1324/850/1097
f 1325/851/1097 1326/852/1093 1319/845/1094
f 1325/851/1097 1319/845/1094 1327/853/1098
f 1327/853/1098 1319/845/1094 1320/846/1095
f 1327/853/1098 1320/846/1095 1328/854/1099
f 1154/680/998 1153/679/996 1329/855/1096
f 1154/680/998 1329/855/1096 1330/856/1100
f 1330/856/1100 1329/855/1096 1331/857/1097
f 1330/856/1100 1331/857/1097 1332/858/1101
f 1333/859/1101 1334/860/1097 1327/853/1098
f 1333/859/1101 1327/853/1098 1335/861/1102
f 1335/861/1102 1327/853/1098 1328/854/1099
f 1335/861/1102 1328/854/1099 1336/862/1103
f 1156/682/1000 1154/680/998 1337/863/1100
f 1156/682/1000 1337/863/1100 1338/864/1104
f 1338/864/1104 1337/863/1100 1339/865/1101
f 1338/864/1104 1339/865/1101 1340/866/1105
f 1341/867/1105 1342/868/1101 1335/861/1102
f 1341/867/1105 1335/861/1102 1343/869/1106
f 1343/869/1106 1335/861/1102 1336/862/1103
f 1343/869/1106 1336/862/1103 1344/870/1107
f 1158/684/1002 1156/682/1000 1345/871/1104
f 1158/684/1002 1345/871/1104 1346/872/1108
f 1346/872/1108 1345/871/1104 1347/873/1105
f 1346/872/1108 1347/873/1105 1348/874/1109
f 1349/875/1109 1350/876/1105 1343/869/1106
f 1349/875/1109 1343/869/1106 1351/877/1110
f 1351/877/1110 1343/869/1106 1344/870/1107
f 1351/877/1110 1344/870/1107 1352/878/1111
f 1160/686/1004 1158/684/1002 1353/879/1108
f 1160/686/1004 1353/879/1108 1354/880/1112
f 1354/880/1112 1353/879/1108 1355/881/1109
f 1354/880/1112 1355/881/1109 1356/882/1113
f 1357/883/1113 1358/884/1109 1351/877/1110
f 1357/883/1113 1351/877/1110 1359/885/1114
f 1359/885/1114 1351/877/1110 1352/878/1111
f 1359/885/1114 1352/878/1111 1360/886/1115
f 1162/688/1006 1160/686/1004 1361/887/1112
f 1162/688/1006 1361/887/1112 1362/888/1116
f 1362/888/1116 1361/887/1112 1363/889/1113
f 1362/888/1116 1363/889/1113 1364/890/1117
f 1365/891/1117 1366/892/1113 1359/885/1114
f 1365/891/1117 1359/885/1114 1367/893/1118
f 1367/893/1118 1359/885/1114 1360/886/1115
f 1367/893/1118 1360/886/1115 1368/894/1119
f 1164/690/1008 1162/688/1006 1369/895/1116
f 1164/690/1008 1369/895/1116 1370/896/1120
f 1370/896/1120 1369/895/1116 1371/897/1117
f 1370/896/1120 1371/897/1117 1372/898/1121
f 1373/899/1121 1374/900/1117 1367/893/1118
f 1373/899/1121 1367/893/1118 1375/901/1122
f 1375/901/1122 1367/893/1118 1368/894/1119
f 1375/901/1122 1368/894/1119 1376/902/1123
f 1166/692/1010 1164/690/1008 1377/903/1120
f 1166/692/1010 1377/903/1120 1378/904/1124
f 1378/904/1124 1377/903/1120 1379/905/1121
f 1378/904/1124 1379/905/1121 1380/906/1125
f 1381/907/1125 1382/908/1121 1375/901/1122
f 1381/907/1125 1375/901/1122 1383/909/1126
f 1383/909/1126 1375/901/1122 1376/902/1123
f 1383/909/1126 1376/902/1123 1384/910/1127
f 1169/695/1012 1168/694/1010 1385/911/1124
f 1169/695/1012 1385/911/1124 1386/912/1128
f 1386/912/1128 1385/911/1124 1387/913/1125
f 1386/912/1128 1387/913/1125 1388/914/1129
f 1389/915/1129 1390/916/1125 1383/909/1126
f 1389/915/1129 1383/909/1126 1391/917/1130
f 1391/917/1130 1383/909/1126 1384/910/1127
f 1391/917/1130 1384/910/1127 1392/918/1131
f 1171/697/1014 1169/695/1012 1393/919/1128
f 1171/697/1014 1393/919/1128 1394/920/1132
f 1394/920/1132 1393/919/1128 1395/921/1129
f 1394/920/1132 1395/921/1129 1396/922/1133
f 1397/923/1133 1398/924/1129 1391/917/1130
f 1397/923/1133 1391/917/1130 1399/925/1134
f 1399/925/1134 1391/917/1130 1392/918/1131
f 1399/925/1134 1392/918/1131 1400/926/1135
f 1173/699/1016 1171/697/1014 1401/927/1132
f 1173/699/1016 1401/927/1132 1402/928/1136
f 1402/928/1136 1401/927/1132 1403/929/1133
f 1402/928/1136 1403/929/1133 1404/930/1137
f 1405/931/1137 1406/932/1133 1399/925/1134
f 1405/931/1137 1399/925/1134 1407/933/1138
f 1407/933/1138 1399/925/1134 1400/926/1135
f 1407/933/1138 1400/926/1135 1408/934/1139
f 1175/701/1018 1173/699/1016 1409/935/1136
f 1175/701/1018 1409/935/1136 1410/936/1140
f 1410/936/1140 1409/935/1136 1411/937/1137
f 1410/936/1140 1411/937/1137 1412/938/1141
f 1413/939/1141 1414/940/1137 1407/933/1138
f 1413/939/1141 1407/933/1138 1415/941/1142
f 1415/941/1142 1407/933/1138 1408/934/1139
f 1415/941/1142 1408/934/1139 1416/942/1143
f 1177/703/1020 1175/701/1018 1417/943/1140
f 1177/703/1020 1417/943/1140 1418/944/1144
f 1418/944/1144 1417/943/1140 1419/945/1141
f 1418/944/1144 1419/945/1141 1420/946/1145
f 1421/947/1145 1422/948/1141 1415/941/1142
f 1421/947/1145 1415/941/1142 1423/949/1146
f 1423/949/1146 1415/941/1142 1416/942/1143
f 1423/949/1146 1416/942/1143 1424/950/1147
f 1114/640/961 1177/703/1020 1425/951/1144
f 1114/640/961 1425/951/1144 1426/952/1148
f 1426/952/1148 1425/951/1144 1427/953/1145
f 1426/952/1148 1427/953/1145 1428/954/1149
f 1429/955/1149 1430/956/1145 1423/949/1146
f 1429/955/1149 1423/949/1146 1431/957/1150
f 1431/957/1150 1423/949/1146 1424/950/1147
f 1431/957/1150 1424/950/1147 1432/958/1151
f 1115/641/962 1114/640/961 1433/959/1148
f 1115/641/962 1433/959/1148 1434/960/1024
f 1434/960/1024 1433/959/1148 1435/961/1149
f 1434/960/1024 1435/961/1149 1436/962/1026
f 1437/963/1026 1438/964/1149 1431/957/1150
f 1437/963/1026 1431/957/1150 1189/715/1028
f 1189/715/1028 1431/957/1150 1432/958/1151
f 1189/715/1028 1432/958/1151 1191/717/1030
f 1439/965/1152 1440/966/1152 1441/967/1152
f 1440/966/1152 1439/965/1152 1442/968/1152
f 1440/966/1152 1442/968/1152 1443/969/1152
f 1443/969/1152 1442/968/1152 1444/970/1152
f 1443/969/1152 1444/970/1152 1445/971/1152
f 1445/971/1152 1444/970/1152 1446/972/1152
f 1445/971/1152 1446/972/1152 1447/973/1152
f 1447/973/1152 1446/972/1152 1448/974/1152
f 1447/973/1152 1448/974/1152 1449/975/1152
f 1449/975/1152 1448/974/1152 1450/976/1152
f 1449/975/1152 1450/976/1152 1451/977/1152
f 1451/977/1152 1450/976/1152 1452/978/1152
f 1451/977/1152 1452/978/1152 1453/979/1152
f 1453/979/1152 1452/978/1152 1454/980/1152
f 1453/979/1152 1454/980/1152 1455/981/1152
f 1455/981/1152 1454/980/1152 1456/982/1152
f 1455/981/1152 1456/982/1152 1457/983/1152
f 1457/983/1152 1456/982/1152 1458/984/1152
f 1457/983/1152 1458/984/1152 1459/985/1152
f 1459/985/1152 1458/984/1152 1460/986/1152
f 1459/985/1152 1460/986/1152 1461/987/1152
f 1461/987/1152 1460/986/1152 1462/988/1152
f 1461/987/1152 1462/988/1152 1463/989/1152
f 1463/989/1152 1462/988/1152 1464/990/1152
f 1463/989/1152 1464/990/1152 1465/991/1152
f 1465/991/1152 1464/990/1152 1466/992/1152
f 1465/991/1152 1466/992/1152 1467/993/1152
f 1467/993/1152 1466/992/1152 1468/994/1152
f 1467/993/1152 1468/994/1152 1469/995/1152
f 1469/995/1152 1468/994/1152 1470/996/1152
f 1368/894/1119 1384/910/1127 1376/902/1123
f 1384/910/1127 1368/894/1119 1360/886/1115
f 1384/910/1127 1360/886/1115 1392/918/1131
f 1392/918/1131 1360/886/1115 1352/878/1111
f 1392/918/1131 1352/878/1111 1400/926/1135
f 1400/926/1135 1352/878/1111 1344/870/1107
f 1400/926/1135 1344/870/1107 1408/934/1139
f 1408/934/1139 1344/870/1107 1336/862/1103
f 1408/934/1139 1336/862/1103 1416/942/1143
f 1416/942/1143 1336/862/1103 1328/854/1099
f 1416/942/1143 1328/854/1099 1424/950/1147
f 1424/950/1147 1328/854/1099 1320/846/1095
f 1424/950/1147 1320/846/1095 1432/958/1151
f 1432/958/1151 1320/846/1095 1312/838/1091
f 1432/958/1151 1312/838/1091 1191/717/1030
f 1191/717/1030 1312/838/1091 1304/830/1087
f 1191/717/1030 1304/830/1087 1192/718/1031
f 1192/718/1031 1304/830/1087 1296/822/1083
f 1192/718/1031 1296/822/1083 1200/726/1035
f 1200/726/1035 1296/822/1083 1288/814/1079
f 1200/726/1035 1288/814/1079 1208/734/1039
f 1208/734/1039 1288/814/1079 1280/806/1075
f 1208/734/1039 1280/806/1075 1216/742/1043
f 1216/742/1043 1280/806/1075 1272/798/1071
f 1216/742/1043 1272/798/1071 1224/750/1047
f 1224/750/1047 1272/798/1071 1264/790/1067
f 1224/750/1047 1264/790/1067 1232/758/1051
f 1232/758/1051 1264/790/1067 1256/782/1063
f 1232/758/1051 1256/782/1063 1240/766/1055
f 1240/766/1055 1256/782/1063 1248/774/1059
# Vertices: 358, normals: 193, texture coordinates: 358, faces: 380

o obj4
v -0.14642253 7.32543135 -2.4E-07
v -0.14642253 7.32543138 0.18406252
v 9E-08 7.33985285 0.18406252
v 9E-08 7.33985282 -2.4E-07
v 0.28721845 7.28272153 -2.3E-07
v 0.28721845 7.28272156 0.18406253
v 0.41697647 7.21336416 0.18406254
v 0.41697647 7.21336413 -2.2E-07
v 0.53071039 7.1200252 0.18406256
v 0.53071039 7.12002517 -2.1E-07
v 0.62404929 7.00629143 0.18406257
v 0.62404929 7.0062914 -2E-07
v 0.69340645 6.87653356 0.18406258
v 0.69340645 6.87653353 -1.8E-07
v 0.73932706 6.32633692 0.18224729
v 0.73663656 6.66940551 0.18376848
v 0.69949321 6.66373354 0.18376559
v 0.70190446 6.32604367 0.18225364
v 0.74047915 6.17943481 -7E-08
v 0.74047915 6.17943482 0.03468805
v 0.70295344 6.17914061 0.03468805
v 0.70295344 6.1791406 -7E-08
v -0.74047904 6.17943482 0.03468805
v -0.74047904 6.17943481 -7E-08
v -0.70295332 6.1791406 -7E-08
v -0.70295332 6.17914061 0.03468805
v -0.73611633 6.73573734 -1.6E-07
v -0.73611633 6.73573737 0.1840626
v -0.69340639 6.87653356 0.18406258
v -0.69340639 6.87653353 -1.8E-07
v -0.62404917 7.00629143 0.18406257
v -0.62404917 7.0062914 -2E-07
v -0.53071027 7.1200252 0.18406256
v -0.53071027 7.12002517 -2.1E-07
v -0.41697626 7.21336416 0.18406254
v -0.41697626 7.21336413 -2.2E-07
v -0.28721833 7.28272156 0.18406253
v -0.28721833 7.28272153 -2.3E-07
v 9E-08 7.33985282 -2.4E-07
v 9E-08 7.33985285 0.18406252
v 0.1464227 7.32543138 0.18406252
v 0.1464227 7.32543135 -2.4E-07
v 0.1464227 7.32543132 -0.18406298
v 0.28721845 7.2827215 -0.18406298
v 9E-08 7.33985279 -0.18406298
v -0.28721833 7.2827215 -0.18406298
v -0.14642253 7.32543132 -0.18406298
v -0.41697626 7.2133641 -0.18406296
v -0.53071027 7.12002514 -0.18406295
v -0.62404917 7.00629137 -0.18406293
v -0.69340639 6.8765335 -0.18406292
v -0.73611633 6.73573779 -0.1840629
v -0.74047904 6.1794348 -0.03468818
v -0.70295332 6.1791406 -0.03468818
v 0.74047915 6.1794348 -0.03468818
v 0.70295344 6.1791406 -0.03468818
v 0.62404929 7.00629137 -0.18406293
v 0.69340645 6.8765335 -0.18406292
v 0.53071039 7.12002514 -0.18406295
v 0.41697647 7.2133641 -0.18406296
v 9E-08 7.33985279 -0.18406298
v -0.1391014 7.28862525 -2.3E-07
v 9E-08 7.30232573 -2.4E-07
v 9E-08 7.30232576 0.18406253
v -0.1391014 7.28862528 0.18406253
v 0.27285754 7.24805118 -2.3E-07
v 0.39612763 7.18216182 -2.2E-07
v 0.39612763 7.18216185 0.18406255
v 0.27285754 7.24805121 0.18406254
v 0.50417488 7.09348966 -2.1E-07
v 0.50417488 7.09348969 0.18406256
v 0.5928468 6.98544265 -1.9E-07
v 0.5928468 6.98544268 0.18406258
v 0.65873615 6.86217262 -1.8E-07
v 0.65873615 6.86217265 0.18406258
v -0.69901751 6.73008587 -1.6E-07
v -0.6587361 6.86217262 -1.8E-07
v -0.6587361 6.86217265 0.18406258
v -0.69901954 6.73007255 0.1840626
v -0.59284668 6.98544265 -1.9E-07
v -0.59284668 6.98544268 0.18406258
v -0.50417476 7.09348966 -2.1E-07
v -0.50417476 7.09348969 0.18406256
v -0.39612742 7.18216182 -2.2E-07
v -0.39612742 7.18216185 0.18406255
v -0.27285742 7.24805118 -2.3E-07
v -0.27285742 7.24805121 0.18406254
v 9E-08 7.30232573 -2.4E-07
v 0.13910156 7.28862525 -2.3E-07
v 0.13910156 7.28862528 0.18406253
v 9E-08 7.30232576 0.18406253
v 0.13910156 7.28862522 -0.18406298
v 0.27285754 7.24805115 -0.18406297
v 9E-08 7.3023257 -0.18406298
v -0.27285742 7.24805115 -0.18406297
v -0.1391014 7.28862522 -0.18406298
v -0.39612742 7.18216179 -0.18406296
v -0.50417476 7.09348963 -0.18406294
v -0.59284668 6.98544262 -0.18406293
v -0.6587361 6.86217259 -0.18406292
v -0.69901954 6.73007249 -0.1840629
v 0.5928468 6.98544262 -0.18406293
v 0.65873615 6.86217259 -0.18406292
v 0.50417488 7.09348963 -0.18406294
v 0.39612763 7.18216179 -0.18406296
v 9E-08 7.3023257 -0.18406298
v 0.73663656 6.66940593 -0.18376876
v 0.73932706 6.32633686 -0.18224746
v 0.70190446 6.32604361 -0.18225382
v 0.69949321 6.66373348 -0.18376586
v 0.71686189 6.79921107 0.18406259
v 0.67966817 6.79353099 0.18406259
v 0.71686439 6.79920294 -1.7E-07
v 0.67966817 6.79353093 -0.18406291
v 0.67966793 6.79353525 -1.7E-07
v -0.739327 6.32633641 -9E-08
v -0.739327 6.32633692 0.18224729
v -0.739327 6.32633686 -0.18224746
v -0.7019044 6.32604361 -0.18225382
v -0.739327 6.32633692 0.18224729
v -0.7019044 6.32604367 0.18225364
v 0.67966793 6.79353525 -1.7E-07
v 0.70281289 6.19882204 -0.10823024
v 0.74032478 6.19911577 -0.10822938
v 0.70242898 6.25259209 -0.16224301
v 0.73990308 6.25288582 -0.16223982
v -0.70242886 6.25259209 -0.16224301
v -0.73990302 6.25288582 -0.16223982
v -0.70281278 6.19882204 -0.10823024
v -0.74032472 6.19911577 -0.10822938
v 0.70242898 6.25259215 0.16224285
v 0.73990308 6.25288588 0.16223966
v 0.70281289 6.19882207 0.1082301
v 0.74032478 6.1991158 0.10822925
v -0.70281278 6.19882207 0.1082301
v -0.74032472 6.1991158 0.10822925
v -0.70242886 6.25259215 0.16224285
v -0.73990302 6.25288588 0.16223966
v 0.71686439 6.79920294 -1.7E-07
v 0.71686183 6.79921149 -0.18406291
v 0.7366365 6.66941407 -1.5E-07
v 0.73062913 6.73490047 -0.18397674
v 0.73062996 6.73490097 -1.6E-07
v 0.7366365 6.66941407 -1.5E-07
v 0.73062919 6.73490005 0.18397646
v 0.69349031 6.72922944 -0.18397591
v 0.69348894 6.72924282 -1.6E-07
v 0.69949321 6.66373348 -0.18376586
v 0.69949137 6.66375592 -1.5E-07
v 0.69349031 6.7292295 0.18397561
v 0.69949137 6.66375592 -1.5E-07
v 0.69949321 6.66373354 0.18376559
v 0.73932706 6.32633689 -9E-08
v 0.73932706 6.32633686 -0.18224746
v -0.71247421 6.30262378 0.0237126
v -0.71247421 6.35004905 0.02371259
v -0.71247421 6.35004904 -0.02371278
v -0.71247421 6.30262378 -0.02371277
v -0.65806399 6.35004904 -0.02371278
v -0.65806399 6.30262378 -0.02371277
v -0.65806399 6.35004905 0.02371259
v -0.65806399 6.30262378 0.0237126
v -0.71247421 6.35004905 0.02371259
v -0.71247421 6.30262378 0.0237126
v -0.71247421 6.30262378 -0.02371277
v -0.71247421 6.30262378 0.0237126
v -0.71247421 6.35004904 -0.02371278
v -0.71247421 6.35004905 0.02371259
v 0.66489671 6.30262378 0.0237126
v 0.66489671 6.35004905 0.02371259
v 0.66489671 6.35004904 -0.02371278
v 0.66489671 6.30262378 -0.02371277
v 0.71930693 6.35004904 -0.02371278
v 0.71930693 6.30262378 -0.02371277
v 0.71930693 6.35004905 0.02371259
v 0.71930693 6.30262378 0.0237126
v 0.66489671 6.35004905 0.02371259
v 0.66489671 6.30262378 0.0237126
v 0.66489671 6.30262378 -0.02371277
v 0.66489671 6.30262378 0.0237126
v 0.66489671 6.35004904 -0.02371278
v 0.66489671 6.35004905 0.02371259
v 0.70190446 6.32604367 0.18225364
v -0.7019044 6.32604367 0.18225364
v -0.7019044 6.32604361 -0.18225382
v 0.70190446 6.32604361 -0.18225382
vn -0.19509 0 0.98079
vn -0.19509 0 0.98079
vn 0 0 1
vn 0 0 1
vn 0.38268 0 0.92388
vn 0.55557 0 0.83147
vn 0.55557 0 0.83147
vn 0.70711 0 0.70711
vn 0.70711 0 0.70711
vn 0.83147 0 0.55557
vn 0.83147 0 0.55557
vn 0.92388 -0 0.38268
vn 0.92388 -0 0.38268
vn 0.0013 -0.99087 -0.13479
vn 0.00042 -0.99999 -0.00376
vn 0.00042 -0.99999 -0.00384
vn 0.0013 -0.99087 -0.13484
vn 0.00784 0 -0.99997
vn 0.00777 -0.13038 -0.99143
vn 0.00777 -0.13037 -0.99143
vn -0.00777 -0.13038 -0.99143
vn -0.00784 0 -0.99997
vn -0.00777 -0.13037 -0.99143
vn -0.98859 -0 0.15061
vn -0.98856 0 0.15081
vn -0.92388 0 0.38268
vn -0.92388 -0 0.38268
vn -0.83147 0 0.55557
vn -0.83147 0 0.55557
vn -0.70711 0 0.70711
vn -0.70711 0 0.70711
vn -0.55557 0 0.83147
vn -0.55557 0 0.83147
vn -0.38268 0 0.92388
vn 0.19509 0 0.98079
vn 0.19509 0 0.98079
vn 0.38268 0 0.92388
vn 0 0 1
vn -0.38268 0 0.92388
vn -0.55557 0 0.83147
vn -0.70711 0 0.70711
vn -0.92388 -0 0.38268
vn -0.98856 -0 0.15081
vn -0.00777 0.13038 -0.99143
vn -0.00777 0.13037 -0.99143
vn 0.00777 0.13038 -0.99143
vn 0.00777 0.13037 -0.99143
vn 0.83147 0 0.55557
vn 0.92388 0 0.38268
vn 0.70711 0 0.70711
vn 0.55557 0 0.83147
vn 0.19509 0 -0.98079
vn -0 0 -1
vn -0 0 -1
vn 0.19509 0 -0.98079
vn -0.38268 0 -0.92388
vn -0.55557 0 -0.83147
vn -0.55557 0 -0.83147
vn -0.38268 0 -0.92388
vn -0.70711 0 -0.70711
vn -0.70711 0 -0.70711
vn -0.83147 0 -0.55557
vn -0.9236 0 -0.38336
vn -0.9236 0 -0.38336
vn 0.98853 -0 -0.151
vn 0.9236 -0 -0.38336
vn 0.9236 0 -0.38336
vn 0.98851 0 -0.15119
vn 0.83147 0 -0.55557
vn 0.70711 0 -0.70711
vn 0.70711 0 -0.70711
vn 0.55557 0 -0.83147
vn 0.55557 0 -0.83147
vn 0.38268 0 -0.92388
vn 0.38268 0 -0.92388
vn -0.19509 0 -0.98079
vn -0.19509 0 -0.98079
vn -0 0 -1
vn 0.19509 0 -0.98079
vn 0.55557 0 -0.83147
vn 0.70711 0 -0.70711
vn 0.83147 0 -0.55557
vn 0.9236 -0 -0.38336
vn 0.98851 -0 -0.15119
vn -0.9236 -0 -0.38336
vn -0.70711 0 -0.70711
vn -0.55557 0 -0.83147
vn 0 1 0
vn 0 1 -0
vn 0 1 -0
vn 0 1 0
vn 0 1 -0
vn 0 1 -0
vn 0 1 -0
vn 0 1 -0
vn 0 1 0
vn -0 1 0
vn -0 1 0
vn -0 1 -0
vn -0 1 -0
vn 0.00042 0.99999 -0.00376
vn 0.0013 0.99087 -0.13479
vn 0.0013 0.99087 -0.13484
vn 0.00042 0.99999 -0.00384
vn 0.0001 -1 -0.0007
vn 0 -1 -0
vn 0 -1 -0
vn 9E-05 -1 -0.00061
vn -0.00022 1 -0.00223
vn 0 1 -0
vn 0 1 -0
vn -0.00022 1 -0.00223
vn 0 1 0
vn 0 1 0
vn 0 1 0
vn 0 1 0
vn 0 1 0
vn 0 1 0
vn 0 1 0
vn 0 1 0
vn 0 -1 0
vn 0 -1 0
vn 0 -1 0
vn 0 -1 0
vn 0 -1 0
vn 0 -1 -0
vn 0 -1 -0
vn 0 -1 -0
vn 0 -1 -0
vn 0 -1 -0
vn 0 -1 -0
vn 0.96823 -0 0.25004
vn 0.96824 -0 0.25003
vn -0.96794 -0 -0.25117
vn -0.96795 -0 -0.25115
vn -0.99997 -0 0.00784
vn -0.99997 -0 0.00784
vn -0 -1 -0
vn -0.00022 -1 -0.00223
vn -0.00022 -1 -0.00223
vn -0 -1 -0
vn -0 -1 0
vn -0 -1 0
vn 0 -1 0
vn 0 -1 0
vn 0 -1 -0
vn 0 -1 0
vn 0 -1 0
vn 0 -1 0
vn -0.00132 0.99087 -0.13479
vn -0.00132 0.99087 -0.13484
vn -0.00132 -0.99087 -0.13479
vn -0.00132 -0.99087 -0.13484
vn -0.96794 0 -0.25117
vn 0.00681 0.49886 -0.86666
vn 0.00681 0.4989 -0.86663
vn 0.00402 0.86438 -0.50282
vn 0.00402 0.86442 -0.50275
vn -0.00402 0.86438 -0.50282
vn -0.00402 0.86442 -0.50275
vn -0.00681 0.49886 -0.86666
vn -0.00681 0.4989 -0.86663
vn 0.00402 -0.86438 -0.50282
vn 0.00402 -0.86442 -0.50275
vn 0.00681 -0.49886 -0.86666
vn 0.00681 -0.4989 -0.86663
vn -0.00681 -0.49886 -0.86666
vn -0.00681 -0.4989 -0.86663
vn -0.00402 -0.86438 -0.50283
vn -0.00402 -0.86442 -0.50275
vn 0.96823 0 0.25005
vn 0.99877 0 0.04964
vn 0.99876 0 0.04973
vn 0.98858 0 0.15069
vn 0.98859 0 0.1506
vn 0.99876 -0 0.04973
vn 0.98858 -0 0.15069
vn -0.98852 -0 -0.15107
vn -0.98853 -0 -0.15099
vn -0.99878 0 -0.04935
vn -0.99879 0 -0.04925
vn -0.98852 0 -0.15107
vn -0.99878 -0 -0.04935
vn 0.00031 1 -0.00223
vn 0.00031 1 -0.00223
vn 9E-05 1 -0.00061
vn 0.0001 1 -0.0007
vn 0.00031 -1 -0.00223
vn 0.00031 -1 -0.00223
vn 0.99997 0 0.00784
vn 0.99997 0 0.00784
vn 0.99997 0 0.00784
vn -0.99997 0 0.00784
vn -1 0 0
vn 1 0 0
vn 0 0 -1
vn 0.99997 0 0.00784
vn -0.99997 -1E-05 -0.00714
vn -0.99997 0 -0.00714
vn 0.99997 -1E-05 -0.00714
vn 0.99997 -0 -0.00714
vn 0.99997 1E-05 -0.00714
vn -0.99997 1E-05 -0.00714
vn -0.99997 -0 0.00784
vn -0.99997 0 0.00784
vn -0.99997 -0 0.00784
vt 0.03125 0.26951
vt 0.03125 0.03903
vt 0 0.03903
vt 0 0.26951
vt 0.9375 0.26951
vt 0.9375 0.03903
vt 0.90625 0.03903
vt 0.90625 0.26951
vt 0.875 0.03903
vt 0.875 0.26951
vt 0.84375 0.03903
vt 0.84375 0.26951
vt 0.8125 0.03903
vt 0.8125 0.26951
vt 0.75825 0.03903
vt 0.77752 0.03903
vt 0.77749 0.03903
vt 0.75833 0.03903
vt 0.75 0.26951
vt 0.75 0.22549
vt 0.25 0.22549
vt 0.25 0.26951
vt 0.21875 0.26951
vt 0.21875 0.03903
vt 0.1875 0.03903
vt 0.1875 0.26951
vt 0.15625 0.03903
vt 0.15625 0.26951
vt 0.125 0.03903
vt 0.125 0.26951
vt 0.09375 0.03903
vt 0.09375 0.26951
vt 0.0625 0.03903
vt 0.0625 0.26951
vt 1 0.26951
vt 1 0.03903
vt 0.96875 0.03903
vt 0.96875 0.26951
vt 0.96875 0.5
vt 0.9375 0.5
vt 1 0.5
vt 0.0625 0.5
vt 0.03125 0.5
vt 0.09375 0.5
vt 0.125 0.5
vt 0.15625 0.5
vt 0.1875 0.5
vt 0.21875 0.5
vt 0.25 0.31354
vt 0.75 0.31354
vt 0.84375 0.5
vt 0.8125 0.5
vt 0.875 0.5
vt 0.90625 0.5
vt 0 0.5
vt 0.77752 0.5
vt 0.75825 0.5
vt 0.75833 0.5
vt 0.77749 0.5
vt 0.79534 0.03903
vt 0.79626 0.03903
vt 0.79534 0.26951
vt 0.79626 0.5
vt 0.79626 0.26951
vt 0.24175 0.26951
vt 0.24175 0.03903
vt 0.24175 0.5
vt 0.24167 0.5
vt 0.24175 0.03903
vt 0.24167 0.03903
vt 0.79626 0.26951
vt 0.75037 0.40686
vt 0.75037 0.40686
vt 0.75416 0.49169
vt 0.75412 0.49169
vt 0.24584 0.49169
vt 0.24588 0.49169
vt 0.24963 0.40686
vt 0.24963 0.40686
vt 0.75416 0.04733
vt 0.75412 0.04733
vt 0.75037 0.13216
vt 0.75037 0.13216
vt 0.24963 0.13216
vt 0.24963 0.13216
vt 0.24584 0.04733
vt 0.24588 0.04733
vt 0.79534 0.26951
vt 0.79534 0.5
vt 0.77752 0.26951
vt 0.78125 0.49995
vt 0.78125 0.26951
vt 0.77752 0.26951
vt 0.78125 0.03908
vt 0.78125 0.49995
vt 0.77749 0.5
vt 0.77749 0.26951
vt 0.78125 0.03908
vt 0.77749 0.26951
vt 0.77749 0.03903
vt 0.75825 0.26951
vt 0.75825 0.5
vt 0.375 1
vt 0.625 1
vt 0.625 0.75
vt 0.375 0.75
vt 0.625 0.5
vt 0.375 0.5
vt 0.625 0.25
vt 0.375 0.25
vt 0.625 0
vt 0.375 0
vt 0.125 0.25
vt 0.875 0.25
vt 0.75833 0.03903
vt 0.24167 0.03903
vt 0.24167 0.5
vt 0.75833 0.5
usemtl mat2
f 1471/997/1153 1472/998/1154 1473/999/1155
f 1471/997/1153 1473/999/1155 1474/1000/1156
f 1475/1001/1157 1476/1002/1157 1477/1003/1158
f 1475/1001/1157 1477/1003/1158 1478/1004/1159
f 1478/1004/1159 1477/1003/1158 1479/1005/1160
f 1478/1004/1159 1479/1005/1160 1480/1006/1161
f 1480/1006/1161 1479/1005/1160 1481/1007/1162
f 1480/1006/1161 1481/1007/1162 1482/1008/1163
f 1482/1008/1163 1481/1007/1162 1483/1009/1164
f 1482/1008/1163 1483/1009/1164 1484/1010/1165
f 1485/1011/1166 1486/1012/1167 1487/1013/1168
f 1485/1011/1166 1487/1013/1168 1488/1014/1169
f 1489/1015/1170 1490/1016/1171 1491/1016/1172
f 1489/1015/1170 1491/1016/1172 1492/1015/1170
f 1493/1017/1173 1494/1018/1174 1495/1018/1174
f 1493/1017/1173 1495/1018/1174 1496/1017/1175
f 1497/1019/1176 1498/1020/1177 1499/1021/1178
f 1497/1019/1176 1499/1021/1178 1500/1022/1179
f 1500/1022/1179 1499/1021/1178 1501/1023/1180
f 1500/1022/1179 1501/1023/1180 1502/1024/1181
f 1502/1024/1181 1501/1023/1180 1503/1025/1182
f 1502/1024/1181 1503/1025/1182 1504/1026/1183
f 1504/1026/1183 1503/1025/1182 1505/1027/1184
f 1504/1026/1183 1505/1027/1184 1506/1028/1185
f 1506/1028/1185 1505/1027/1184 1507/1029/1186
f 1506/1028/1185 1507/1029/1186 1508/1030/1186
f 1508/1030/1186 1507/1029/1186 1472/998/1154
f 1508/1030/1186 1472/998/1154 1471/997/1153
f 1509/1031/1156 1510/1032/1155 1511/1033/1187
f 1509/1031/1156 1511/1033/1187 1512/1034/1187
f 1512/1034/1187 1511/1033/1187 1476/1002/1157
f 1512/1034/1187 1476/1002/1157 1475/1001/1157
f 1513/1035/1188 1512/1034/1187 1475/1001/1157
f 1513/1035/1188 1475/1001/1157 1514/1036/1189
f 1515/1037/1190 1509/1031/1156 1512/1034/1187
f 1515/1037/1190 1512/1034/1187 1513/1035/1188
f 1516/1038/1191 1508/1030/1186 1471/997/1153
f 1516/1038/1191 1471/997/1153 1517/1039/1153
f 1518/1040/1192 1506/1028/1185 1508/1030/1186
f 1518/1040/1192 1508/1030/1186 1516/1038/1191
f 1519/1041/1193 1504/1026/1183 1506/1028/1185
f 1519/1041/1193 1506/1028/1185 1518/1040/1192
f 1520/1042/1181 1502/1024/1181 1504/1026/1183
f 1520/1042/1181 1504/1026/1183 1519/1041/1193
f 1521/1043/1194 1500/1022/1179 1502/1024/1181
f 1521/1043/1194 1502/1024/1181 1520/1042/1181
f 1522/1044/1195 1497/1019/1176 1500/1022/1179
f 1522/1044/1195 1500/1022/1179 1521/1043/1194
f 1494/1018/1174 1523/1045/1196 1524/1045/1197
f 1494/1018/1174 1524/1045/1197 1495/1018/1174
f 1525/1046/1198 1489/1015/1170 1492/1015/1170
f 1525/1046/1198 1492/1015/1170 1526/1046/1199
f 1527/1047/1200 1482/1008/1163 1484/1010/1165
f 1527/1047/1200 1484/1010/1165 1528/1048/1201
f 1529/1049/1202 1480/1006/1161 1482/1008/1163
f 1529/1049/1202 1482/1008/1163 1527/1047/1200
f 1530/1050/1203 1478/1004/1159 1480/1006/1161
f 1530/1050/1203 1480/1006/1161 1529/1049/1202
f 1514/1036/1189 1475/1001/1157 1478/1004/1159
f 1514/1036/1189 1478/1004/1159 1530/1050/1203
f 1517/1039/1153 1471/997/1153 1474/1000/1156
f 1517/1039/1153 1474/1000/1156 1531/1051/1190
f 1532/997/1204 1533/1000/1205 1534/999/1206
f 1532/997/1204 1534/999/1206 1535/998/1207
f 1536/1001/1208 1537/1004/1209 1538/1003/1210
f 1536/1001/1208 1538/1003/1210 1539/1002/1211
f 1537/1004/1209 1540/1006/1212 1541/1005/1213
f 1537/1004/1209 1541/1005/1213 1538/1003/1210
f 1540/1006/1212 1542/1008/1214 1543/1007/1214
f 1540/1006/1212 1543/1007/1214 1541/1005/1213
f 1542/1008/1214 1544/1010/1215 1545/1009/1216
f 1542/1008/1214 1545/1009/1216 1543/1007/1214
f 1546/1019/1217 1547/1022/1218 1548/1021/1219
f 1546/1019/1217 1548/1021/1219 1549/1020/1220
f 1547/1022/1218 1550/1024/1221 1551/1023/1221
f 1547/1022/1218 1551/1023/1221 1548/1021/1219
f 1550/1024/1221 1552/1026/1222 1553/1025/1223
f 1550/1024/1221 1553/1025/1223 1551/1023/1221
f 1552/1026/1222 1554/1028/1224 1555/1027/1225
f 1552/1026/1222 1555/1027/1225 1553/1025/1223
f 1554/1028/1224 1556/1030/1226 1557/1029/1227
f 1554/1028/1224 1557/1029/1227 1555/1027/1225
f 1556/1030/1226 1532/997/1204 1535/998/1207
f 1556/1030/1226 1535/998/1207 1557/1029/1227
f 1558/1031/1205 1559/1034/1228 1560/1033/1229
f 1558/1031/1205 1560/1033/1229 1561/1032/1206
f 1559/1034/1228 1536/1001/1208 1539/1002/1211
f 1559/1034/1228 1539/1002/1211 1560/1033/1229
f 1562/1035/1228 1563/1036/1208 1536/1001/1208
f 1562/1035/1228 1536/1001/1208 1559/1034/1228
f 1564/1037/1230 1562/1035/1228 1559/1034/1228
f 1564/1037/1230 1559/1034/1228 1558/1031/1205
f 1565/1038/1226 1566/1039/1231 1532/997/1204
f 1565/1038/1226 1532/997/1204 1556/1030/1226
f 1567/1040/1232 1565/1038/1226 1556/1030/1226
f 1567/1040/1232 1556/1030/1226 1554/1028/1224
f 1568/1041/1233 1567/1040/1232 1554/1028/1224
f 1568/1041/1233 1554/1028/1224 1552/1026/1222
f 1569/1042/1234 1568/1041/1233 1552/1026/1222
f 1569/1042/1234 1552/1026/1222 1550/1024/1221
f 1570/1043/1235 1569/1042/1234 1550/1024/1221
f 1570/1043/1235 1550/1024/1221 1547/1022/1218
f 1571/1044/1236 1570/1043/1235 1547/1022/1218
f 1571/1044/1236 1547/1022/1218 1546/1019/1217
f 1572/1047/1214 1573/1048/1237 1544/1010/1215
f 1572/1047/1214 1544/1010/1215 1542/1008/1214
f 1574/1049/1238 1572/1047/1214 1542/1008/1214
f 1574/1049/1238 1542/1008/1214 1540/1006/1212
f 1575/1050/1239 1574/1049/1238 1540/1006/1212
f 1575/1050/1239 1540/1006/1212 1537/1004/1209
f 1563/1036/1208 1575/1050/1239 1537/1004/1209
f 1563/1036/1208 1537/1004/1209 1536/1001/1208
f 1566/1039/1231 1576/1051/1230 1533/1000/1205
f 1566/1039/1231 1533/1000/1205 1532/997/1204
f 1515/1037/1240 1513/1035/1241 1562/1035/1242
f 1515/1037/1240 1562/1035/1242 1564/1037/1243
f 1513/1035/1241 1514/1036/1244 1563/1036/1245
f 1513/1035/1241 1563/1036/1245 1562/1035/1242
f 1514/1036/1244 1530/1050/1246 1575/1050/1247
f 1514/1036/1244 1575/1050/1247 1563/1036/1245
f 1530/1050/1246 1529/1049/1248 1574/1049/1248
f 1530/1050/1246 1574/1049/1248 1575/1050/1247
f 1529/1049/1248 1527/1047/1249 1572/1047/1250
f 1529/1049/1248 1572/1047/1250 1574/1049/1248
f 1527/1047/1249 1528/1048/1251 1573/1048/1252
f 1527/1047/1249 1573/1048/1252 1572/1047/1250
f 1577/1052/1253 1578/1053/1254 1579/1054/1255
f 1577/1052/1253 1579/1054/1255 1580/1055/1256
f 1581/1056/1257 1483/1009/1258 1545/1009/1259
f 1581/1056/1257 1545/1009/1259 1582/1057/1260
f 1522/1044/1261 1521/1043/1262 1570/1043/1263
f 1522/1044/1261 1570/1043/1263 1571/1044/1264
f 1521/1043/1262 1520/1042/1265 1569/1042/1266
f 1521/1043/1262 1569/1042/1266 1570/1043/1263
f 1520/1042/1265 1519/1041/1267 1568/1041/1268
f 1520/1042/1265 1568/1041/1268 1569/1042/1266
f 1519/1041/1267 1518/1040/1269 1567/1040/1270
f 1519/1041/1267 1567/1040/1270 1568/1041/1268
f 1518/1040/1269 1516/1038/1248 1565/1038/1248
f 1518/1040/1269 1565/1038/1248 1567/1040/1270
f 1516/1038/1248 1517/1039/1271 1566/1039/1272
f 1516/1038/1248 1566/1039/1272 1565/1038/1248
f 1517/1039/1271 1531/1051/1240 1576/1051/1243
f 1517/1039/1271 1576/1051/1243 1566/1039/1272
f 1511/1033/1273 1510/1032/1274 1561/1032/1274
f 1511/1033/1273 1561/1032/1274 1560/1033/1275
f 1476/1002/1276 1511/1033/1273 1560/1033/1275
f 1476/1002/1276 1560/1033/1275 1539/1002/1277
f 1477/1003/1278 1476/1002/1276 1539/1002/1277
f 1477/1003/1278 1539/1002/1277 1538/1003/1279
f 1479/1005/1280 1477/1003/1278 1538/1003/1279
f 1479/1005/1280 1538/1003/1279 1541/1005/1281
f 1481/1007/1282 1479/1005/1280 1541/1005/1281
f 1481/1007/1282 1541/1005/1281 1543/1007/1283
f 1483/1009/1258 1481/1007/1282 1543/1007/1283
f 1483/1009/1258 1543/1007/1283 1545/1009/1259
f 1484/1010/1165 1483/1009/1164 1581/1056/1284
f 1484/1010/1165 1581/1056/1284 1583/1058/1285
f 1573/1048/1237 1584/1059/1286 1585/1060/1287
f 1573/1048/1237 1585/1060/1287 1544/1010/1215
f 1586/1061/1288 1587/1062/1289 1498/1020/1177
f 1586/1061/1288 1498/1020/1177 1497/1019/1176
f 1499/1021/1290 1498/1020/1291 1549/1020/1292
f 1499/1021/1290 1549/1020/1292 1548/1021/1293
f 1501/1023/1294 1499/1021/1290 1548/1021/1293
f 1501/1023/1294 1548/1021/1293 1551/1023/1295
f 1503/1025/1296 1501/1023/1294 1551/1023/1295
f 1503/1025/1296 1551/1023/1295 1553/1025/1297
f 1505/1027/1298 1503/1025/1296 1553/1025/1297
f 1505/1027/1298 1553/1025/1297 1555/1027/1299
f 1507/1029/1300 1505/1027/1298 1555/1027/1299
f 1507/1029/1300 1555/1027/1299 1557/1029/1301
f 1472/998/1274 1507/1029/1300 1557/1029/1301
f 1472/998/1274 1557/1029/1301 1535/998/1274
f 1473/999/1274 1472/998/1274 1535/998/1274
f 1473/999/1274 1535/998/1274 1534/999/1274
f 1588/1063/1302 1522/1044/1261 1571/1044/1264
f 1588/1063/1302 1571/1044/1264 1589/1064/1303
f 1498/1020/1291 1590/1065/1304 1591/1066/1305
f 1498/1020/1291 1591/1066/1305 1549/1020/1292
f 1544/1010/1215 1592/1067/1287 1582/1057/1306
f 1544/1010/1215 1582/1057/1306 1545/1009/1216
f 1525/1046/1198 1526/1046/1199 1593/1068/1307
f 1525/1046/1198 1593/1068/1307 1594/1069/1308
f 1594/1069/1308 1593/1068/1307 1595/1070/1309
f 1594/1069/1308 1595/1070/1309 1596/1071/1310
f 1596/1071/1310 1595/1070/1309 1579/1054/1255
f 1596/1071/1310 1579/1054/1255 1578/1053/1254
f 1588/1063/1302 1589/1064/1303 1597/1072/1311
f 1588/1063/1302 1597/1072/1311 1598/1073/1312
f 1598/1073/1312 1597/1072/1311 1599/1074/1313
f 1598/1073/1312 1599/1074/1313 1600/1075/1314
f 1600/1075/1314 1599/1074/1313 1524/1045/1197
f 1600/1075/1314 1524/1045/1197 1523/1045/1196
f 1485/1011/1166 1488/1014/1169 1601/1076/1315
f 1485/1011/1166 1601/1076/1315 1602/1077/1316
f 1602/1077/1316 1601/1076/1315 1603/1078/1317
f 1602/1077/1316 1603/1078/1317 1604/1079/1318
f 1604/1079/1318 1603/1078/1317 1491/1016/1172
f 1604/1079/1318 1491/1016/1172 1490/1016/1171
f 1493/1017/1173 1496/1017/1175 1605/1080/1319
f 1493/1017/1173 1605/1080/1319 1606/1081/1320
f 1606/1081/1320 1605/1080/1319 1607/1082/1321
f 1606/1081/1320 1607/1082/1321 1608/1083/1322
f 1608/1083/1322 1607/1082/1321 1591/1066/1305
f 1608/1083/1322 1591/1066/1305 1590/1065/1304
f 1528/1048/1201 1484/1010/1165 1609/1084/1285
f 1528/1048/1201 1609/1084/1285 1610/1085/1323
f 1611/1086/1324 1577/1052/1325 1612/1087/1326
f 1611/1086/1324 1612/1087/1326 1613/1088/1327
f 1613/1088/1327 1612/1087/1326 1610/1085/1323
f 1613/1088/1327 1610/1085/1323 1609/1084/1285
f 1486/1012/1328 1614/1089/1324 1613/1088/1327
f 1486/1012/1328 1613/1088/1327 1615/1090/1329
f 1615/1090/1329 1613/1088/1327 1583/1058/1285
f 1615/1090/1329 1583/1058/1285 1581/1056/1284
f 1585/1060/1287 1584/1059/1286 1616/1091/1330
f 1585/1060/1287 1616/1091/1330 1617/1088/1331
f 1617/1088/1331 1616/1091/1330 1618/1092/1332
f 1617/1088/1331 1618/1092/1332 1619/1093/1333
f 1582/1057/1306 1592/1067/1287 1617/1088/1331
f 1582/1057/1306 1617/1088/1331 1620/1094/1334
f 1620/1094/1334 1617/1088/1331 1621/1095/1333
f 1620/1094/1334 1621/1095/1333 1622/1096/1335
f 1577/1052/1253 1580/1055/1256 1616/1091/1336
f 1577/1052/1253 1616/1091/1336 1612/1087/1337
f 1612/1087/1337 1616/1091/1336 1584/1059/1338
f 1612/1087/1337 1584/1059/1338 1610/1085/1339
f 1581/1056/1257 1582/1057/1260 1620/1094/1340
f 1581/1056/1257 1620/1094/1340 1615/1090/1341
f 1615/1090/1341 1620/1094/1340 1487/1013/1168
f 1615/1090/1341 1487/1013/1168 1486/1012/1167
f 1528/1048/1251 1610/1085/1339 1584/1059/1338
f 1528/1048/1251 1584/1059/1338 1573/1048/1252
f 1614/1089/1324 1486/1012/1328 1485/1011/1342
f 1614/1089/1324 1485/1011/1342 1623/1097/1343
f 1577/1052/1325 1611/1086/1324 1623/1097/1343
f 1577/1052/1325 1623/1097/1343 1624/1098/1344
f 1522/1044/1195 1588/1063/1345 1586/1061/1288
f 1522/1044/1195 1586/1061/1288 1497/1019/1176
f 1625/1099/1346 1626/1100/1346 1627/1101/1346
f 1625/1099/1346 1627/1101/1346 1628/1102/1346
f 1628/1102/1248 1627/1101/1248 1629/1103/1248
f 1628/1102/1248 1629/1103/1248 1630/1104/1248
f 1630/1104/1347 1629/1103/1347 1631/1105/1347
f 1630/1104/1347 1631/1105/1347 1632/1106/1347
f 1632/1106/1274 1631/1105/1274 1633/1107/1274
f 1632/1106/1274 1633/1107/1274 1634/1108/1274
f 1635/1041/1348 1630/1104/1348 1632/1106/1348
f 1635/1041/1348 1632/1106/1348 1636/1109/1348
f 1629/1103/1155 1637/1049/1155 1638/1110/1155
f 1629/1103/1155 1638/1110/1155 1631/1105/1155
f 1639/1099/1346 1640/1100/1346 1641/1101/1346
f 1639/1099/1346 1641/1101/1346 1642/1102/1346
f 1642/1102/1248 1641/1101/1248 1643/1103/1248
f 1642/1102/1248 1643/1103/1248 1644/1104/1248
f 1644/1104/1347 1643/1103/1347 1645/1105/1347
f 1644/1104/1347 1645/1105/1347 1646/1106/1347
f 1646/1106/1274 1645/1105/1274 1647/1107/1274
f 1646/1106/1274 1647/1107/1274 1648/1108/1274
f 1649/1041/1348 1644/1104/1348 1646/1106/1348
f 1649/1041/1348 1646/1106/1348 1650/1109/1348
f 1643/1103/1155 1651/1049/1155 1652/1110/1155
f 1643/1103/1155 1652/1110/1155 1645/1105/1155
f 1489/1015/1349 1624/1098/1344 1623/1097/1343
f 1624/1098/1344 1489/1015/1349 1525/1046/1349
f 1624/1098/1344 1525/1046/1349 1594/1069/1349
f 1624/1098/1344 1594/1069/1349 1596/1071/1349
f 1621/1095/1333 1653/1111/1350 1622/1096/1335
f 1653/1111/1350 1621/1095/1333 1601/1076/1350
f 1601/1076/1350 1621/1095/1333 1603/1078/1350
f 1603/1078/1350 1621/1095/1333 1491/1016/1350
f 1491/1016/1350 1621/1095/1333 1492/1015/1351
f 1654/1112/1352 1546/1019/1217 1549/1020/1220
f 1546/1019/1217 1654/1112/1352 1607/1082/1352
f 1546/1019/1217 1607/1082/1352 1605/1080/1352
f 1546/1019/1217 1605/1080/1352 1496/1017/1352
f 1546/1019/1217 1496/1017/1352 1495/1018/1353
f 1495/1018/1353 1571/1044/1236 1546/1019/1217
f 1571/1044/1236 1495/1018/1353 1524/1045/1354
f 1571/1044/1236 1524/1045/1354 1599/1074/1354
f 1571/1044/1236 1599/1074/1354 1597/1072/1354
f 1571/1044/1236 1597/1072/1354 1655/1113/1354
f 1618/1092/1332 1492/1015/1351 1619/1093/1333
f 1492/1015/1351 1618/1092/1332 1526/1046/1355
f 1526/1046/1355 1618/1092/1332 1593/1068/1355
f 1593/1068/1355 1618/1092/1332 1595/1070/1355
f 1595/1070/1355 1618/1092/1332 1656/1114/1355
f 1588/1063/1345 1494/1018/1356 1586/1061/1288
f 1494/1018/1356 1588/1063/1345 1523/1045/1357
f 1523/1045/1357 1588/1063/1345 1600/1075/1357
f 1600/1075/1357 1588/1063/1345 1598/1073/1357
f 1602/1077/1349 1623/1097/1343 1485/1011/1342
f 1623/1097/1343 1602/1077/1349 1604/1079/1349
f 1623/1097/1343 1604/1079/1349 1490/1016/1349
f 1623/1097/1343 1490/1016/1349 1489/1015/1349
f 1586/1061/1288 1608/1083/1358 1587/1062/1289
f 1608/1083/1358 1586/1061/1288 1606/1081/1358
f 1606/1081/1358 1586/1061/1288 1493/1017/1358
f 1493/1017/1358 1586/1061/1288 1494/1018/1356
# Vertices: 186, normals: 206, texture coordinates: 118, faces: 300

o obj5
v -0.75704126 6.35828783 -0.07713773
v -0.73306946 6.35828783 -0.07713773
v -0.73306946 6.3263364 -0.08349326
v -0.75704126 6.3263364 -0.08349326
v -0.75704126 6.26729777 -0.05903867
v -0.73306946 6.26729777 -0.05903867
v -0.73306946 6.24919894 -0.03195154
v -0.75704126 6.24919894 -0.03195154
v -0.75704126 6.24919894 -0.03195154
v -0.73306946 6.24284318 -8E-08
v -0.75704126 6.24284318 -8E-08
v -0.73306946 6.24919895 0.03195138
v -0.75704126 6.24919895 0.03195138
v -0.73306946 6.26729779 0.0590385
v -0.75704126 6.26729779 0.0590385
v -0.75704126 6.26729779 0.0590385
v -0.73306946 6.294385 0.07713755
v -0.75704126 6.294385 0.07713755
v -0.73306946 6.32633643 0.08349308
v -0.75704126 6.32633643 0.08349308
v -0.73306946 6.35828785 0.07713754
v -0.75704126 6.35828785 0.07713754
v -0.73306946 6.38537506 0.05903848
v -0.75704126 6.38537506 0.05903848
v -0.73306946 6.40347389 0.03195135
v -0.75704126 6.40347389 0.03195135
v -0.75704126 6.40347389 0.03195135
v -0.73306946 6.40982964 -1.1E-07
v -0.75704126 6.40982964 -1.1E-07
v -0.73306946 6.40347388 -0.03195156
v -0.75704126 6.40347388 -0.03195156
v -0.73306946 6.38537504 -0.05903869
v -0.75704126 6.38537504 -0.05903869
v -0.75704126 6.29438497 -0.07713772
v -0.73306946 6.29438497 -0.07713772
v -0.75704126 6.3263364 -0.08349326
v -0.73306946 6.3263364 -0.08349326
v -0.76260839 6.29481699 -0.07609458
v -0.76260839 6.3263364 -0.08236416
v -0.76732795 6.29604771 -0.07312401
v -0.76732795 6.3263364 -0.07914891
v -0.76732795 6.3263364 -0.07914891
v -0.76732795 6.29604771 -0.07312401
v -0.77048145 6.29788925 -0.06867833
v -0.77048145 6.3263364 -0.0743368
v -0.77158884 6.30006125 -0.06343422
v -0.77158884 6.3263364 -0.06866065
v -0.76260839 6.26809552 -0.05824055
v -0.76260839 6.29481699 -0.07609458
v -0.76732795 6.27036955 -0.0559669
v -0.76732795 6.29604771 -0.07312401
v -0.76732795 6.29604771 -0.07312401
v -0.76732795 6.27036955 -0.0559669
v -0.77048145 6.27377179 -0.05256424
v -0.77158884 6.2777858 -0.04855021
v -0.76260839 6.25024178 -0.03151947
v -0.76260839 6.26809552 -0.05824055
v -0.76732795 6.25321248 -0.03028888
v -0.76732795 6.27036955 -0.0559669
v -0.76732795 6.27036955 -0.0559669
v -0.76732795 6.25321248 -0.03028888
v -0.77048145 6.25765803 -0.02844737
v -0.77158884 6.26290229 -0.02627507
v -0.76260839 6.24397233 -8E-08
v -0.76260839 6.25024178 -0.03151947
v -0.76732795 6.24718765 -8E-08
v -0.76732795 6.25321248 -0.03028888
v -0.76732795 6.25321248 -0.03028888
v -0.76732795 6.24718765 -8E-08
v -0.77048145 6.25199989 -8E-08
v -0.77158884 6.25767568 -8E-08
v -0.76260839 6.25024179 0.03151931
v -0.76260839 6.24397233 -8E-08
v -0.76732795 6.25321249 0.03028872
v -0.76732795 6.24718765 -8E-08
v -0.76732795 6.24718765 -8E-08
v -0.76732795 6.25321249 0.03028872
v -0.77048145 6.25765804 0.02844721
v -0.77158884 6.2629023 0.0262749
v -0.76260839 6.26809553 0.05824038
v -0.76260839 6.25024179 0.03151931
v -0.76732795 6.27036957 0.05596674
v -0.76732795 6.25321249 0.03028872
v -0.76732795 6.25321249 0.03028872
v -0.76732795 6.27036957 0.05596674
v -0.77048145 6.2737718 0.05256407
v -0.77158884 6.27778582 0.04855005
v -0.76260839 6.29481701 0.07609441
v -0.76260839 6.26809553 0.05824038
v -0.76732795 6.29604773 0.07312385
v -0.76732795 6.27036957 0.05596674
v -0.76732795 6.27036957 0.05596674
v -0.76732795 6.29604773 0.07312385
v -0.77048145 6.29788927 0.06867816
v -0.77158884 6.30006127 0.06343405
v -0.76260839 6.32633643 0.08236398
v -0.76260839 6.29481701 0.07609441
v -0.76732795 6.32633643 0.07914873
v -0.76732795 6.29604773 0.07312385
v -0.76732795 6.29604773 0.07312385
v -0.76732795 6.32633643 0.07914873
v -0.77048145 6.32633643 0.07433662
v -0.77158884 6.32633643 0.06866047
v -0.76260839 6.35785584 0.0760944
v -0.76260839 6.32633643 0.08236398
v -0.76732795 6.35662512 0.07312384
v -0.76732795 6.32633643 0.07914873
v -0.76732795 6.32633643 0.07914873
v -0.76732795 6.35662512 0.07312384
v -0.77048145 6.35478358 0.06867815
v -0.77158884 6.35261158 0.06343404
v -0.76260839 6.38457731 0.05824036
v -0.76260839 6.35785584 0.0760944
v -0.76732795 6.38230328 0.05596672
v -0.76732795 6.35662512 0.07312384
v -0.76732795 6.35662512 0.07312384
v -0.76732795 6.38230328 0.05596672
v -0.77048145 6.37890104 0.05256405
v -0.77158884 6.37488703 0.04855003
v -0.76260839 6.40243104 0.03151928
v -0.76260839 6.38457731 0.05824036
v -0.76732795 6.39946035 0.03028869
v -0.76732795 6.38230328 0.05596672
v -0.76732795 6.38230328 0.05596672
v -0.76732795 6.39946035 0.03028869
v -0.77048145 6.3950148 0.02844718
v -0.77158884 6.38977054 0.02627488
v -0.76260839 6.40870049 -1.1E-07
v -0.76260839 6.40243104 0.03151928
v -0.76732795 6.40548518 -1E-07
v -0.76732795 6.39946035 0.03028869
v -0.76732795 6.39946035 0.03028869
v -0.76732795 6.40548518 -1E-07
v -0.77048145 6.40067294 -1E-07
v -0.77158884 6.39499715 -1E-07
v -0.76260839 6.40243103 -0.0315195
v -0.76260839 6.40870049 -1.1E-07
v -0.76732795 6.39946034 -0.03028891
v -0.76732795 6.40548518 -1E-07
v -0.76732795 6.40548518 -1E-07
v -0.76732795 6.39946034 -0.03028891
v -0.77048145 6.39501479 -0.02844739
v -0.77158884 6.38977053 -0.02627509
v -0.76260839 6.38457729 -0.05824057
v -0.76260839 6.40243103 -0.0315195
v -0.76732795 6.38230326 -0.05596692
v -0.76732795 6.39946034 -0.03028891
v -0.76732795 6.39946034 -0.03028891
v -0.76732795 6.38230326 -0.05596692
v -0.77048145 6.37890103 -0.05256426
v -0.77158884 6.37488701 -0.04855023
v -0.76260839 6.35785581 -0.07609459
v -0.76260839 6.38457729 -0.05824057
v -0.76732795 6.3566251 -0.07312402
v -0.76732795 6.38230326 -0.05596692
v -0.76732795 6.38230326 -0.05596692
v -0.76732795 6.3566251 -0.07312402
v -0.77048145 6.35478355 -0.06867834
v -0.77158884 6.35261156 -0.06343423
v -0.76260839 6.3263364 -0.08236416
v -0.76260839 6.35785581 -0.07609459
v -0.76732795 6.3263364 -0.07914891
v -0.76732795 6.3566251 -0.07312402
v -0.76732795 6.3566251 -0.07312402
v -0.76732795 6.3263364 -0.07914891
v 0.75620262 6.35828785 0.07713752
v 0.73223083 6.35828785 0.07713753
v 0.73223083 6.32633643 0.08349307
v 0.75620262 6.32633643 0.08349307
v 0.75620262 6.26729779 0.0590385
v 0.73223083 6.26729779 0.05903851
v 0.73223083 6.24919895 0.03195138
v 0.75620262 6.24919895 0.03195138
v 0.75620262 6.24919895 0.03195138
v 0.73223083 6.24284318 -8E-08
v 0.75620262 6.24284318 -8E-08
v 0.73223083 6.24919894 -0.03195153
v 0.75620262 6.24919894 -0.03195154
v 0.73223083 6.26729777 -0.05903866
v 0.75620262 6.26729777 -0.05903867
v 0.75620262 6.26729777 -0.05903867
v 0.73223083 6.29438497 -0.07713772
v 0.75620262 6.29438497 -0.07713773
v 0.73223083 6.3263364 -0.08349327
v 0.75620262 6.3263364 -0.08349328
v 0.73223083 6.35828783 -0.07713773
v 0.75620262 6.35828783 -0.07713774
v 0.73223083 6.38537504 -0.05903868
v 0.75620262 6.38537504 -0.05903869
v 0.73223083 6.40347388 -0.03195156
v 0.75620262 6.40347388 -0.03195156
v 0.75620262 6.40347388 -0.03195156
v 0.73223083 6.40982964 -1E-07
v 0.75620262 6.40982964 -1.1E-07
v 0.73223083 6.40347389 0.03195136
v 0.75620262 6.40347389 0.03195135
v 0.73223083 6.38537506 0.05903849
v 0.75620262 6.38537506 0.05903848
v 0.75620262 6.294385 0.07713753
v 0.73223083 6.294385 0.07713754
v 0.75620262 6.32633643 0.08349307
v 0.73223083 6.32633643 0.08349307
v 0.76176975 6.29481701 0.0760944
v 0.76176975 6.32633643 0.08236396
v 0.76648931 6.29604773 0.07312383
v 0.76648931 6.32633643 0.07914872
v 0.76648931 6.32633643 0.07914872
v 0.76648931 6.29604773 0.07312383
v 0.76964281 6.29788927 0.06867814
v 0.76964281 6.32633643 0.07433661
v 0.77075021 6.30006127 0.06343404
v 0.77075021 6.32633643 0.06866046
v 0.76176975 6.26809553 0.05824038
v 0.76176975 6.29481701 0.0760944
v 0.76648931 6.27036957 0.05596673
v 0.76648931 6.29604773 0.07312383
v 0.76648931 6.29604773 0.07312383
v 0.76648931 6.27036957 0.05596673
v 0.76964281 6.2737718 0.05256407
v 0.77075021 6.27778582 0.04855003
v 0.76176975 6.25024179 0.03151931
v 0.76176975 6.26809553 0.05824038
v 0.76648931 6.25321249 0.03028871
v 0.76648931 6.27036957 0.05596673
v 0.76648931 6.27036957 0.05596673
v 0.76648931 6.25321249 0.03028871
v 0.76964281 6.25765804 0.0284472
v 0.77075021 6.2629023 0.02627489
v 0.76176975 6.24397233 -8E-08
v 0.76176975 6.25024179 0.03151931
v 0.76648931 6.24718765 -9E-08
v 0.76648931 6.25321249 0.03028871
v 0.76648931 6.25321249 0.03028871
v 0.76648931 6.24718765 -9E-08
v 0.76964281 6.25199989 -9E-08
v 0.77075021 6.25767568 -9E-08
v 0.76176975 6.25024178 -0.03151947
v 0.76176975 6.24397233 -8E-08
v 0.76648931 6.25321248 -0.03028889
v 0.76648931 6.24718765 -9E-08
v 0.76648931 6.24718765 -9E-08
v 0.76648931 6.25321248 -0.03028889
v 0.76964281 6.25765803 -0.02844738
v 0.77075021 6.26290229 -0.02627507
v 0.76176975 6.26809552 -0.05824054
v 0.76176975 6.25024178 -0.03151947
v 0.76648931 6.27036955 -0.05596691
v 0.76648931 6.25321248 -0.03028889
v 0.76648931 6.25321248 -0.03028889
v 0.76648931 6.27036955 -0.05596691
v 0.76964281 6.27377179 -0.05256424
v 0.77075021 6.2777858 -0.04855022
v 0.76176975 6.29481699 -0.0760946
v 0.76176975 6.26809552 -0.05824054
v 0.76648931 6.29604771 -0.07312403
v 0.76648931 6.27036955 -0.05596691
v 0.76648931 6.27036955 -0.05596691
v 0.76648931 6.29604771 -0.07312403
v 0.76964281 6.29788925 -0.06867834
v 0.77075021 6.30006125 -0.06343424
v 0.76176975 6.3263364 -0.08236417
v 0.76176975 6.29481699 -0.0760946
v 0.76648931 6.3263364 -0.07914892
v 0.76648931 6.29604771 -0.07312403
v 0.76648931 6.29604771 -0.07312403
v 0.76648931 6.3263364 -0.07914892
v 0.76964281 6.3263364 -0.07433682
v 0.77075021 6.3263364 -0.06866067
v 0.76176975 6.35785581 -0.07609461
v 0.76176975 6.3263364 -0.08236417
v 0.76648931 6.3566251 -0.07312404
v 0.76648931 6.3263364 -0.07914892
v 0.76648931 6.3263364 -0.07914892
v 0.76648931 6.3566251 -0.07312404
v 0.76964281 6.35478355 -0.06867835
v 0.77075021 6.35261156 -0.06343425
v 0.76176975 6.38457729 -0.05824057
v 0.76176975 6.35785581 -0.07609461
v 0.76648931 6.38230326 -0.05596693
v 0.76648931 6.3566251 -0.07312404
v 0.76648931 6.3566251 -0.07312404
v 0.76648931 6.38230326 -0.05596693
v 0.76964281 6.37890103 -0.05256426
v 0.77075021 6.37488701 -0.04855024
v 0.76176975 6.40243103 -0.03151949
v 0.76176975 6.38457729 -0.05824057
v 0.76648931 6.39946034 -0.03028891
v 0.76648931 6.38230326 -0.05596693
v 0.76648931 6.38230326 -0.05596693
v 0.76648931 6.39946034 -0.03028891
v 0.76964281 6.39501479 -0.0284474
v 0.77075021 6.38977053 -0.02627509
v 0.76176975 6.40870049 -1.1E-07
v 0.76176975 6.40243103 -0.03151949
v 0.76648931 6.40548518 -1.1E-07
v 0.76648931 6.39946034 -0.03028891
v 0.76648931 6.39946034 -0.03028891
v 0.76648931 6.40548518 -1.1E-07
v 0.76964281 6.40067294 -1.1E-07
v 0.77075021 6.39499715 -1.1E-07
v 0.76176975 6.40243104 0.03151928
v 0.76176975 6.40870049 -1.1E-07
v 0.76648931 6.39946035 0.03028869
v 0.76648931 6.40548518 -1.1E-07
v 0.76648931 6.40548518 -1.1E-07
v 0.76648931 6.39946035 0.03028869
v 0.76964281 6.3950148 0.02844718
v 0.77075021 6.38977054 0.02627487
v 0.76176975 6.38457731 0.05824037
v 0.76176975 6.40243104 0.03151928
v 0.76648931 6.38230328 0.05596671
v 0.76648931 6.39946035 0.03028869
v 0.76648931 6.39946035 0.03028869
v 0.76648931 6.38230328 0.05596671
v 0.76964281 6.37890104 0.05256405
v 0.77075021 6.37488703 0.04855002
v 0.76176975 6.35785584 0.07609439
v 0.76176975 6.38457731 0.05824037
v 0.76648931 6.35662512 0.07312382
v 0.76648931 6.38230328 0.05596671
v 0.76648931 6.38230328 0.05596671
v 0.76648931 6.35662512 0.07312382
v 0.76964281 6.35478358 0.06867813
v 0.77075021 6.35261158 0.06343403
v 0.76176975 6.32633643 0.08236396
v 0.76176975 6.35785584 0.07609439
v 0.76648931 6.32633643 0.07914872
v 0.76648931 6.35662512 0.07312382
v 0.76648931 6.35662512 0.07312382
v 0.76648931 6.32633643 0.07914872
v -0.73306946 6.294385 0.07713755
v -0.73306946 6.35828785 0.07713754
v -0.73306946 6.32633643 0.08349308
v -0.73306946 6.26729779 0.0590385
v -0.73306946 6.38537506 0.05903848
v -0.73306946 6.24919895 0.03195138
v -0.73306946 6.40347389 0.03195135
v -0.73306946 6.24284318 -8E-08
v -0.73306946 6.40982964 -1.1E-07
v -0.73306946 6.24919894 -0.03195154
v -0.73306946 6.40347388 -0.03195156
v -0.73306946 6.26729777 -0.05903867
v -0.73306946 6.38537504 -0.05903869
v -0.73306946 6.29438497 -0.07713772
v -0.73306946 6.35828783 -0.07713773
v -0.73306946 6.3263364 -0.08349326
v 0.73223083 6.35828785 0.07713753
v 0.73223083 6.294385 0.07713754
v 0.73223083 6.32633643 0.08349307
v 0.73223083 6.38537506 0.05903849
v 0.73223083 6.26729779 0.05903851
v 0.73223083 6.40347389 0.03195136
v 0.73223083 6.24919895 0.03195138
v 0.73223083 6.40982964 -1E-07
v 0.73223083 6.24284318 -8E-08
v 0.73223083 6.40347388 -0.03195156
v 0.73223083 6.24919894 -0.03195153
v 0.73223083 6.38537504 -0.05903868
v 0.73223083 6.26729777 -0.05903866
v 0.73223083 6.35828783 -0.07713773
v 0.73223083 6.29438497 -0.07713772
v 0.73223083 6.3263364 -0.08349327
vn -0.09866 0.91937 0.38081
vn 0 0.92388 0.38268
vn 0 1 0
vn -0.09867 0.99512 0
vn -0.09864 0.70366 -0.70366
vn 0 0.70711 -0.70711
vn 0 0.38268 -0.92388
vn -0.09865 0.38082 -0.91937
vn 0 -0 -1
vn -0.09866 -0 -0.99512
vn 0 -0.38268 -0.92388
vn -0.09865 -0.38082 -0.91937
vn 0 -0.70711 -0.70711
vn -0.09864 -0.70366 -0.70366
vn 0 -0.92388 -0.38268
vn -0.09866 -0.91937 -0.38081
vn 0 -1 0
vn -0.09867 -0.99512 0
vn 0 -0.92388 0.38268
vn -0.09866 -0.91937 0.38081
vn 0 -0.70711 0.70711
vn -0.09864 -0.70366 0.70366
vn 0 -0.38268 0.92388
vn -0.09865 -0.38082 0.91937
vn 0 -0 1
vn -0.09866 -0 0.99512
vn 0 0.38268 0.92388
vn -0.09865 0.38082 0.91937
vn 0 0.70711 0.70711
vn -0.09864 0.70366 0.70366
vn -0.09866 0.91937 -0.38081
vn 0 0.92388 -0.38268
vn -0.38003 0.85457 -0.35397
vn -0.38003 0.92497 -0
vn -0.70147 0.65845 -0.27273
vn -0.70147 0.7127 0
vn -0.91777 0.36688 -0.15196
vn -0.91777 0.39711 0
vn -0.99414 0.09984 -0.04136
vn -0.99414 0.10807 -0
vn -0.38002 0.65405 -0.65406
vn -0.70148 0.50395 -0.50395
vn -0.91777 0.2808 -0.2808
vn -0.99414 0.07641 -0.07641
vn -0.38002 0.35397 -0.85457
vn -0.70147 0.27273 -0.65845
vn -0.91777 0.15197 -0.36688
vn -0.99414 0.04135 -0.09984
vn -0.38003 -0 -0.92497
vn -0.70147 -0 -0.7127
vn -0.91777 -0 -0.39711
vn -0.99414 -0 -0.10807
vn -0.38002 -0.35397 -0.85457
vn -0.70147 -0.27273 -0.65845
vn -0.91777 -0.15197 -0.36688
vn -0.99414 -0.04136 -0.09984
vn -0.38002 -0.65405 -0.65406
vn -0.70148 -0.50395 -0.50395
vn -0.91777 -0.2808 -0.2808
vn -0.99414 -0.07642 -0.07641
vn -0.38003 -0.85457 -0.35397
vn -0.70147 -0.65845 -0.27273
vn -0.91777 -0.36688 -0.15196
vn -0.99414 -0.09984 -0.04136
vn -0.38003 -0.92497 0
vn -0.70147 -0.7127 0
vn -0.91777 -0.39711 0
vn -0.99414 -0.10807 0
vn -0.38003 -0.85457 0.35397
vn -0.70147 -0.65845 0.27273
vn -0.91777 -0.36688 0.15196
vn -0.99414 -0.09984 0.04136
vn -0.38002 -0.65405 0.65406
vn -0.70148 -0.50395 0.50395
vn -0.91777 -0.2808 0.2808
vn -0.99414 -0.07642 0.07641
vn -0.38002 -0.35397 0.85457
vn -0.70147 -0.27273 0.65845
vn -0.91777 -0.15197 0.36688
vn -0.99414 -0.04135 0.09984
vn -0.38003 0 0.92497
vn -0.70147 0 0.7127
vn -0.91777 0 0.39711
vn -0.99414 0 0.10807
vn -0.38002 0.35397 0.85457
vn -0.70147 0.27273 0.65845
vn -0.91777 0.15197 0.36688
vn -0.99414 0.04136 0.09984
vn -0.38002 0.65405 0.65406
vn -0.70148 0.50395 0.50395
vn -0.91777 0.2808 0.2808
vn -0.99414 0.07641 0.07641
vn -0.38003 0.85457 0.35397
vn -0.70147 0.65845 0.27273
vn -0.91777 0.36688 0.15196
vn -0.99414 0.09984 0.04136
vn 0.09866 -0.91937 0.38081
vn 0 -0.92388 0.38268
vn 0 -1 0
vn 0.09867 -0.99512 0
vn 0.09864 -0.70366 -0.70366
vn 0 -0.70711 -0.70711
vn 0 -0.38268 -0.92388
vn 0.09865 -0.38082 -0.91937
vn 0 -0 -1
vn 0.09866 0 -0.99512
vn -0 0.38268 -0.92388
vn 0.09865 0.38082 -0.91937
vn -0 0.70711 -0.70711
vn 0.09864 0.70366 -0.70366
vn -0 0.92388 -0.38268
vn 0.09866 0.91937 -0.38081
vn -0 1 0
vn 0.09867 0.99512 0
vn -0 0.92388 0.38268
vn 0.09866 0.91937 0.38081
vn -0 0.70711 0.70711
vn 0.09864 0.70366 0.70366
vn -0 0.38268 0.92388
vn 0.09865 0.38082 0.91937
vn 0 -0 1
vn 0.09866 0 0.99512
vn 0 -0.38268 0.92388
vn 0.09865 -0.38082 0.91937
vn 0 -0.70711 0.70711
vn 0.09864 -0.70366 0.70366
vn 0.09866 -0.91937 -0.38081
vn 0 -0.92388 -0.38268
vn 0.38003 -0.85457 -0.35397
vn 0.38003 -0.92497 -0
vn 0.70147 -0.65845 -0.27273
vn 0.70147 -0.7127 0
vn 0.91777 -0.36688 -0.15196
vn 0.91777 -0.3971 0
vn 0.99414 -0.09984 -0.04136
vn 0.99414 -0.10807 -0
vn 0.38002 -0.65405 -0.65406
vn 0.70147 -0.50396 -0.50395
vn 0.91777 -0.2808 -0.2808
vn 0.99414 -0.07642 -0.07641
vn 0.38002 -0.35397 -0.85457
vn 0.70147 -0.27273 -0.65845
vn 0.91777 -0.15196 -0.36688
vn 0.99414 -0.04136 -0.09984
vn 0.38003 0 -0.92497
vn 0.70147 0 -0.7127
vn 0.91777 0 -0.39711
vn 0.99414 -0 -0.10807
vn 0.38002 0.35397 -0.85457
vn 0.70147 0.27273 -0.65845
vn 0.91777 0.15197 -0.36688
vn 0.99414 0.04135 -0.09984
vn 0.38002 0.65405 -0.65406
vn 0.70147 0.50396 -0.50395
vn 0.91777 0.2808 -0.2808
vn 0.99414 0.07641 -0.07641
vn 0.38003 0.85457 -0.35397
vn 0.70147 0.65845 -0.27273
vn 0.91777 0.36688 -0.15196
vn 0.99414 0.09984 -0.04136
vn 0.38003 0.92497 0
vn 0.70147 0.7127 0
vn 0.91777 0.3971 0
vn 0.99414 0.10807 0
vn 0.38003 0.85457 0.35397
vn 0.70147 0.65845 0.27273
vn 0.91777 0.36688 0.15196
vn 0.99414 0.09984 0.04136
vn 0.38002 0.65405 0.65406
vn 0.70147 0.50396 0.50395
vn 0.91777 0.2808 0.2808
vn 0.99414 0.07641 0.07641
vn 0.38002 0.35397 0.85457
vn 0.70147 0.27273 0.65845
vn 0.91777 0.15196 0.36688
vn 0.99414 0.04136 0.09984
vn 0.38003 0 0.92497
vn 0.70147 -0 0.7127
vn 0.91777 -0 0.39711
vn 0.99414 0 0.10807
vn 0.38002 -0.35397 0.85457
vn 0.70147 -0.27273 0.65845
vn 0.91777 -0.15197 0.36688
vn 0.99414 -0.04135 0.09984
vn 0.38002 -0.65405 0.65406
vn 0.70147 -0.50396 0.50395
vn 0.91777 -0.2808 0.2808
vn 0.99414 -0.07642 0.07641
vn 0.38003 -0.85457 0.35397
vn 0.70147 -0.65845 0.27273
vn 0.91777 -0.36688 0.15196
vn 0.99414 -0.09984 0.04136
vn 1 -0 0
vn -1 -0 0
vt 0.0625 0.45644
vt 0.0625 0
vt 0 0
vt 0 0.45644
vt 0.875 0.45644
vt 0.875 0
vt 0.8125 0
vt 0.8125 0.45644
vt 0.8125 0.45644
vt 0.75 0
vt 0.75 0.45644
vt 0.6875 0
vt 0.6875 0.45644
vt 0.625 0
vt 0.625 0.45644
vt 0.625 0.45644
vt 0.5625 0
vt 0.5625 0.45644
vt 0.5 0
vt 0.5 0.45644
vt 0.4375 0
vt 0.4375 0.45644
vt 0.375 0
vt 0.375 0.45644
vt 0.3125 0
vt 0.3125 0.45644
vt 0.3125 0.45644
vt 0.25 0
vt 0.25 0.45644
vt 0.1875 0
vt 0.1875 0.45644
vt 0.125 0
vt 0.125 0.45644
vt 0.9375 0.45644
vt 0.9375 0
vt 1 0.45644
vt 1 0
vt 0.93792 0.47311
vt 0.99958 0.47311
vt 0.93913 0.5
vt 0.99837 0.5
vt 0.75239 0.51048
vt 0.83945 0.52779
vt 0.83177 0.55259
vt 0.75 0.53632
vt 0.82553 0.56766
vt 0.75 0.55264
vt 0.87542 0.47311
vt 0.93708 0.47311
vt 0.87663 0.5
vt 0.93587 0.5
vt 0.84387 0.52962
vt 0.91768 0.57894
vt 0.9011 0.59891
vt 0.88956 0.61044
vt 0.81292 0.47311
vt 0.87458 0.47311
vt 0.81413 0.5
vt 0.87337 0.5
vt 0.92106 0.58232
vt 0.97038 0.65613
vt 0.94742 0.66823
vt 0.93234 0.67447
vt 0.75042 0.47311
vt 0.81208 0.47311
vt 0.75163 0.5
vt 0.81087 0.5
vt 0.97221 0.66055
vt 0.98952 0.74761
vt 0.96368 0.75
vt 0.94736 0.75
vt 0.68792 0.47311
vt 0.74958 0.47311
vt 0.68913 0.5
vt 0.74837 0.5
vt 0.98952 0.75239
vt 0.97221 0.83945
vt 0.94742 0.83177
vt 0.93234 0.82553
vt 0.62542 0.47311
vt 0.68708 0.47311
vt 0.62663 0.5
vt 0.68587 0.5
vt 0.97038 0.84387
vt 0.92106 0.91768
vt 0.9011 0.90109
vt 0.88956 0.88956
vt 0.56292 0.47311
vt 0.62458 0.47311
vt 0.56413 0.5
vt 0.62337 0.5
vt 0.91768 0.92106
vt 0.84387 0.97038
vt 0.83177 0.94741
vt 0.82553 0.93234
vt 0.50042 0.47311
vt 0.56208 0.47311
vt 0.50163 0.5
vt 0.56087 0.5
vt 0.83945 0.97221
vt 0.75239 0.98952
vt 0.75 0.96368
vt 0.75 0.94736
vt 0.43792 0.47311
vt 0.49958 0.47311
vt 0.43913 0.5
vt 0.49837 0.5
vt 0.74761 0.98952
vt 0.66055 0.97221
vt 0.66823 0.94741
vt 0.67447 0.93234
vt 0.37542 0.47311
vt 0.43708 0.47311
vt 0.37663 0.5
vt 0.43587 0.5
vt 0.65613 0.97038
vt 0.58232 0.92106
vt 0.5989 0.90109
vt 0.61044 0.88956
vt 0.31292 0.47311
vt 0.37458 0.47311
vt 0.31413 0.5
vt 0.37337 0.5
vt 0.57894 0.91768
vt 0.52962 0.84387
vt 0.55258 0.83177
vt 0.56766 0.82553
vt 0.25042 0.47311
vt 0.31208 0.47311
vt 0.25163 0.5
vt 0.31087 0.5
vt 0.52779 0.83945
vt 0.51048 0.75239
vt 0.53632 0.75
vt 0.55264 0.75
vt 0.18792 0.47311
vt 0.24958 0.47311
vt 0.18913 0.5
vt 0.24837 0.5
vt 0.51048 0.74761
vt 0.52779 0.66055
vt 0.55258 0.66823
vt 0.56766 0.67447
vt 0.12542 0.47311
vt 0.18708 0.47311
vt 0.12663 0.5
vt 0.18587 0.5
vt 0.52962 0.65613
vt 0.57894 0.58232
vt 0.5989 0.59891
vt 0.61044 0.61044
vt 0.06292 0.47311
vt 0.12458 0.47311
vt 0.06413 0.5
vt 0.12337 0.5
vt 0.58232 0.57894
vt 0.65613 0.52962
vt 0.66823 0.55259
vt 0.67447 0.56766
vt 0.00042 0.47311
vt 0.06208 0.47311
vt 0.00163 0.5
vt 0.06087 0.5
vt 0.66055 0.52779
vt 0.74761 0.51048
vt 0.34184 0.97173
vt 0.15816 0.97173
vt 0.25 0.99
vt 0.41971 0.91971
vt 0.08029 0.91971
vt 0.47173 0.84184
vt 0.02827 0.84184
vt 0.49 0.75
vt 0.01 0.75
vt 0.47173 0.65816
vt 0.02827 0.65816
vt 0.41971 0.58029
vt 0.08029 0.58029
vt 0.34184 0.52827
vt 0.15816 0.52827
vt 0.25 0.51
usemtl mat1
f 1657/1115/1359 1658/1116/1360 1659/1117/1361
f 1657/1115/1359 1659/1117/1361 1660/1118/1362
f 1661/1119/1363 1662/1120/1364 1663/1121/1365
f 1661/1119/1363 1663/1121/1365 1664/1122/1366
f 1665/1123/1366 1663/1121/1365 1666/1124/1367
f 1665/1123/1366 1666/1124/1367 1667/1125/1368
f 1667/1125/1368 1666/1124/1367 1668/1126/1369
f 1667/1125/1368 1668/1126/1369 1669/1127/1370
f 1669/1127/1370 1668/1126/1369 1670/1128/1371
f 1669/1127/1370 1670/1128/1371 1671/1129/1372
f 1672/1130/1372 1670/1128/1371 1673/1131/1373
f 1672/1130/1372 1673/1131/1373 1674/1132/1374
f 1674/1132/1374 1673/1131/1373 1675/1133/1375
f 1674/1132/1374 1675/1133/1375 1676/1134/1376
f 1676/1134/1376 1675/1133/1375 1677/1135/1377
f 1676/1134/1376 1677/1135/1377 1678/1136/1378
f 1678/1136/1378 1677/1135/1377 1679/1137/1379
f 1678/1136/1378 1679/1137/1379 1680/1138/1380
f 1680/1138/1380 1679/1137/1379 1681/1139/1381
f 1680/1138/1380 1681/1139/1381 1682/1140/1382
f 1683/1141/1382 1681/1139/1381 1684/1142/1383
f 1683/1141/1382 1684/1142/1383 1685/1143/1384
f 1685/1143/1384 1684/1142/1383 1686/1144/1385
f 1685/1143/1384 1686/1144/1385 1687/1145/1386
f 1687/1145/1386 1686/1144/1385 1688/1146/1387
f 1687/1145/1386 1688/1146/1387 1689/1147/1388
f 1689/1147/1388 1688/1146/1387 1658/1116/1360
f 1689/1147/1388 1658/1116/1360 1657/1115/1359
f 1690/1148/1389 1691/1149/1390 1662/1120/1364
f 1690/1148/1389 1662/1120/1364 1661/1119/1363
f 1692/1150/1362 1693/1151/1361 1691/1149/1390
f 1692/1150/1362 1691/1149/1390 1690/1148/1389
f 1692/1150/1362 1690/1148/1389 1694/1152/1391
f 1692/1150/1362 1694/1152/1391 1695/1153/1392
f 1695/1153/1392 1694/1152/1391 1696/1154/1393
f 1695/1153/1392 1696/1154/1393 1697/1155/1394
f 1698/1156/1394 1699/1157/1393 1700/1158/1395
f 1698/1156/1394 1700/1158/1395 1701/1159/1396
f 1701/1159/1396 1700/1158/1395 1702/1160/1397
f 1701/1159/1396 1702/1160/1397 1703/1161/1398
f 1690/1148/1389 1661/1119/1363 1704/1162/1399
f 1690/1148/1389 1704/1162/1399 1705/1163/1391
f 1705/1163/1391 1704/1162/1399 1706/1164/1400
f 1705/1163/1391 1706/1164/1400 1707/1165/1393
f 1708/1166/1393 1709/1167/1400 1710/1168/1401
f 1708/1166/1393 1710/1168/1401 1700/1158/1395
f 1700/1158/1395 1710/1168/1401 1711/1169/1402
f 1700/1158/1395 1711/1169/1402 1702/1160/1397
f 1661/1119/1363 1664/1122/1366 1712/1170/1403
f 1661/1119/1363 1712/1170/1403 1713/1171/1399
f 1713/1171/1399 1712/1170/1403 1714/1172/1404
f 1713/1171/1399 1714/1172/1404 1715/1173/1400
f 1716/1174/1400 1717/1175/1404 1718/1176/1405
f 1716/1174/1400 1718/1176/1405 1710/1168/1401
f 1710/1168/1401 1718/1176/1405 1719/1177/1406
f 1710/1168/1401 1719/1177/1406 1711/1169/1402
f 1665/1123/1366 1667/1125/1368 1720/1178/1407
f 1665/1123/1366 1720/1178/1407 1721/1179/1403
f 1721/1179/1403 1720/1178/1407 1722/1180/1408
f 1721/1179/1403 1722/1180/1408 1723/1181/1404
f 1724/1182/1404 1725/1183/1408 1726/1184/1409
f 1724/1182/1404 1726/1184/1409 1718/1176/1405
f 1718/1176/1405 1726/1184/1409 1727/1185/1410
f 1718/1176/1405 1727/1185/1410 1719/1177/1406
f 1667/1125/1368 1669/1127/1370 1728/1186/1411
f 1667/1125/1368 1728/1186/1411 1729/1187/1407
f 1729/1187/1407 1728/1186/1411 1730/1188/1412
f 1729/1187/1407 1730/1188/1412 1731/1189/1408
f 1732/1190/1408 1733/1191/1412 1734/1192/1413
f 1732/1190/1408 1734/1192/1413 1726/1184/1409
f 1726/1184/1409 1734/1192/1413 1735/1193/1414
f 1726/1184/1409 1735/1193/1414 1727/1185/1410
f 1669/1127/1370 1671/1129/1372 1736/1194/1415
f 1669/1127/1370 1736/1194/1415 1737/1195/1411
f 1737/1195/1411 1736/1194/1415 1738/1196/1416
f 1737/1195/1411 1738/1196/1416 1739/1197/1412
f 1740/1198/1412 1741/1199/1416 1742/1200/1417
f 1740/1198/1412 1742/1200/1417 1734/1192/1413
f 1734/1192/1413 1742/1200/1417 1743/1201/1418
f 1734/1192/1413 1743/1201/1418 1735/1193/1414
f 1672/1130/1372 1674/1132/1374 1744/1202/1419
f 1672/1130/1372 1744/1202/1419 1745/1203/1415
f 1745/1203/1415 1744/1202/1419 1746/1204/1420
f 1745/1203/1415 1746/1204/1420 1747/1205/1416
f 1748/1206/1416 1749/1207/1420 1750/1208/1421
f 1748/1206/1416 1750/1208/1421 1742/1200/1417
f 1742/1200/1417 1750/1208/1421 1751/1209/1422
f 1742/1200/1417 1751/1209/1422 1743/1201/1418
f 1674/1132/1374 1676/1134/1376 1752/1210/1423
f 1674/1132/1374 1752/1210/1423 1753/1211/1419
f 1753/1211/1419 1752/1210/1423 1754/1212/1424
f 1753/1211/1419 1754/1212/1424 1755/1213/1420
f 1756/1214/1420 1757/1215/1424 1758/1216/1425
f 1756/1214/1420 1758/1216/1425 1750/1208/1421
f 1750/1208/1421 1758/1216/1425 1759/1217/1426
f 1750/1208/1421 1759/1217/1426 1751/1209/1422
f 1676/1134/1376 1678/1136/1378 1760/1218/1427
f 1676/1134/1376 1760/1218/1427 1761/1219/1423
f 1761/1219/1423 1760/1218/1427 1762/1220/1428
f 1761/1219/1423 1762/1220/1428 1763/1221/1424
f 1764/1222/1424 1765/1223/1428 1766/1224/1429
f 1764/1222/1424 1766/1224/1429 1758/1216/1425
f 1758/1216/1425 1766/1224/1429 1767/1225/1430
f 1758/1216/1425 1767/1225/1430 1759/1217/1426
f 1678/1136/1378 1680/1138/1380 1768/1226/1431
f 1678/1136/1378 1768/1226/1431 1769/1227/1427
f 1769/1227/1427 1768/1226/1431 1770/1228/1432
f 1769/1227/1427 1770/1228/1432 1771/1229/1428
f 1772/1230/1428 1773/1231/1432 1774/1232/1433
f 1772/1230/1428 1774/1232/1433 1766/1224/1429
f 1766/1224/1429 1774/1232/1433 1775/1233/1434
f 1766/1224/1429 1775/1233/1434 1767/1225/1430
f 1680/1138/1380 1682/1140/1382 1776/1234/1435
f 1680/1138/1380 1776/1234/1435 1777/1235/1431
f 1777/1235/1431 1776/1234/1435 1778/1236/1436
f 1777/1235/1431 1778/1236/1436 1779/1237/1432
f 1780/1238/1432 1781/1239/1436 1782/1240/1437
f 1780/1238/1432 1782/1240/1437 1774/1232/1433
f 1774/1232/1433 1782/1240/1437 1783/1241/1438
f 1774/1232/1433 1783/1241/1438 1775/1233/1434
f 1683/1141/1382 1685/1143/1384 1784/1242/1439
f 1683/1141/1382 1784/1242/1439 1785/1243/1435
f 1785/1243/1435 1784/1242/1439 1786/1244/1440
f 1785/1243/1435 1786/1244/1440 1787/1245/1436
f 1788/1246/1436 1789/1247/1440 1790/1248/1441
f 1788/1246/1436 1790/1248/1441 1782/1240/1437
f 1782/1240/1437 1790/1248/1441 1791/1249/1442
f 1782/1240/1437 1791/1249/1442 1783/1241/1438
f 1685/1143/1384 1687/1145/1386 1792/1250/1443
f 1685/1143/1384 1792/1250/1443 1793/1251/1439
f 1793/1251/1439 1792/1250/1443 1794/1252/1444
f 1793/1251/1439 1794/1252/1444 1795/1253/1440
f 1796/1254/1440 1797/1255/1444 1798/1256/1445
f 1796/1254/1440 1798/1256/1445 1790/1248/1441
f 1790/1248/1441 1798/1256/1445 1799/1257/1446
f 1790/1248/1441 1799/1257/1446 1791/1249/1442
f 1687/1145/1386 1689/1147/1388 1800/1258/1447
f 1687/1145/1386 1800/1258/1447 1801/1259/1443
f 1801/1259/1443 1800/1258/1447 1802/1260/1448
f 1801/1259/1443 1802/1260/1448 1803/1261/1444
f 1804/1262/1444 1805/1263/1448 1806/1264/1449
f 1804/1262/1444 1806/1264/1449 1798/1256/1445
f 1798/1256/1445 1806/1264/1449 1807/1265/1450
f 1798/1256/1445 1807/1265/1450 1799/1257/1446
f 1689/1147/1388 1657/1115/1359 1808/1266/1451
f 1689/1147/1388 1808/1266/1451 1809/1267/1447
f 1809/1267/1447 1808/1266/1451 1810/1268/1452
f 1809/1267/1447 1810/1268/1452 1811/1269/1448
f 1812/1270/1448 1813/1271/1452 1814/1272/1453
f 1812/1270/1448 1814/1272/1453 1806/1264/1449
f 1806/1264/1449 1814/1272/1453 1815/1273/1454
f 1806/1264/1449 1815/1273/1454 1807/1265/1450
f 1657/1115/1359 1660/1118/1362 1816/1274/1392
f 1657/1115/1359 1816/1274/1392 1817/1275/1451
f 1817/1275/1451 1816/1274/1392 1818/1276/1394
f 1817/1275/1451 1818/1276/1394 1819/1277/1452
f 1820/1278/1452 1821/1279/1394 1701/1159/1396
f 1820/1278/1452 1701/1159/1396 1814/1272/1453
f 1814/1272/1453 1701/1159/1396 1703/1161/1398
f 1814/1272/1453 1703/1161/1398 1815/1273/1454
f 1822/1115/1455 1823/1116/1456 1824/1117/1457
f 1822/1115/1455 1824/1117/1457 1825/1118/1458
f 1826/1119/1459 1827/1120/1460 1828/1121/1461
f 1826/1119/1459 1828/1121/1461 1829/1122/1462
f 1830/1123/1462 1828/1121/1461 1831/1124/1463
f 1830/1123/1462 1831/1124/1463 1832/1125/1464
f 1832/1125/1464 1831/1124/1463 1833/1126/1465
f 1832/1125/1464 1833/1126/1465 1834/1127/1466
f 1834/1127/1466 1833/1126/1465 1835/1128/1467
f 1834/1127/1466 1835/1128/1467 1836/1129/1468
f 1837/1130/1468 1835/1128/1467 1838/1131/1469
f 1837/1130/1468 1838/1131/1469 1839/1132/1470
f 1839/1132/1470 1838/1131/1469 1840/1133/1471
f 1839/1132/1470 1840/1133/1471 1841/1134/1472
f 1841/1134/1472 1840/1133/1471 1842/1135/1473
f 1841/1134/1472 1842/1135/1473 1843/1136/1474
f 1843/1136/1474 1842/1135/1473 1844/1137/1475
f 1843/1136/1474 1844/1137/1475 1845/1138/1476
f 1845/1138/1476 1844/1137/1475 1846/1139/1477
f 1845/1138/1476 1846/1139/1477 1847/1140/1478
f 1848/1141/1478 1846/1139/1477 1849/1142/1479
f 1848/1141/1478 1849/1142/1479 1850/1143/1480
f 1850/1143/1480 1849/1142/1479 1851/1144/1481
f 1850/1143/1480 1851/1144/1481 1852/1145/1482
f 1852/1145/1482 1851/1144/1481 1853/1146/1483
f 1852/1145/1482 1853/1146/1483 1854/1147/1484
f 1854/1147/1484 1853/1146/1483 1823/1116/1456
f 1854/1147/1484 1823/1116/1456 1822/1115/1455
f 1855/1148/1485 1856/1149/1486 1827/1120/1460
f 1855/1148/1485 1827/1120/1460 1826/1119/1459
f 1857/1150/1458 1858/1151/1457 1856/1149/1486
f 1857/1150/1458 1856/1149/1486 1855/1148/1485
f 1857/1150/1458 1855/1148/1485 1859/1152/1487
f 1857/1150/1458 1859/1152/1487 1860/1153/1488
f 1860/1153/1488 1859/1152/1487 1861/1154/1489
f 1860/1153/1488 1861/1154/1489 1862/1155/1490
f 1863/1156/1490 1864/1157/1489 1865/1158/1491
f 1863/1156/1490 1865/1158/1491 1866/1159/1492
f 1866/1159/1492 1865/1158/1491 1867/1160/1493
f 1866/1159/1492 1867/1160/1493 1868/1161/1494
f 1855/1148/1485 1826/1119/1459 1869/1162/1495
f 1855/1148/1485 1869/1162/1495 1870/1163/1487
f 1870/1163/1487 1869/1162/1495 1871/1164/1496
f 1870/1163/1487 1871/1164/1496 1872/1165/1489
f 1873/1166/1489 1874/1167/1496 1875/1168/1497
f 1873/1166/1489 1875/1168/1497 1865/1158/1491
f 1865/1158/1491 1875/1168/1497 1876/1169/1498
f 1865/1158/1491 1876/1169/1498 1867/1160/1493
f 1826/1119/1459 1829/1122/1462 1877/1170/1499
f 1826/1119/1459 1877/1170/1499 1878/1171/1495
f 1878/1171/1495 1877/1170/1499 1879/1172/1500
f 1878/1171/1495 1879/1172/1500 1880/1173/1496
f 1881/1174/1496 1882/1175/1500 1883/1176/1501
f 1881/1174/1496 1883/1176/1501 1875/1168/1497
f 1875/1168/1497 1883/1176/1501 1884/1177/1502
f 1875/1168/1497 1884/1177/1502 1876/1169/1498
f 1830/1123/1462 1832/1125/1464 1885/1178/1503
f 1830/1123/1462 1885/1178/1503 1886/1179/1499
f 1886/1179/1499 1885/1178/1503 1887/1180/1504
f 1886/1179/1499 1887/1180/1504 1888/1181/1500
f 1889/1182/1500 1890/1183/1504 1891/1184/1505
f 1889/1182/1500 1891/1184/1505 1883/1176/1501
f 1883/1176/1501 1891/1184/1505 1892/1185/1506
f 1883/1176/1501 1892/1185/1506 1884/1177/1502
f 1832/1125/1464 1834/1127/1466 1893/1186/1507
f 1832/1125/1464 1893/1186/1507 1894/1187/1503
f 1894/1187/1503 1893/1186/1507 1895/1188/1508
f 1894/1187/1503 1895/1188/1508 1896/1189/1504
f 1897/1190/1504 1898/1191/1508 1899/1192/1509
f 1897/1190/1504 1899/1192/1509 1891/1184/1505
f 1891/1184/1505 1899/1192/1509 1900/1193/1510
f 1891/1184/1505 1900/1193/1510 1892/1185/1506
f 1834/1127/1466 1836/1129/1468 1901/1194/1511
f 1834/1127/1466 1901/1194/1511 1902/1195/1507
f 1902/1195/1507 1901/1194/1511 1903/1196/1512
f 1902/1195/1507 1903/1196/1512 1904/1197/1508
f 1905/1198/1508 1906/1199/1512 1907/1200/1513
f 1905/1198/1508 1907/1200/1513 1899/1192/1509
f 1899/1192/1509 1907/1200/1513 1908/1201/1514
f 1899/1192/1509 1908/1201/1514 1900/1193/1510
f 1837/1130/1468 1839/1132/1470 1909/1202/1515
f 1837/1130/1468 1909/1202/1515 1910/1203/1511
f 1910/1203/1511 1909/1202/1515 1911/1204/1516
f 1910/1203/1511 1911/1204/1516 1912/1205/1512
f 1913/1206/1512 1914/1207/1516 1915/1208/1517
f 1913/1206/1512 1915/1208/1517 1907/1200/1513
f 1907/1200/1513 1915/1208/1517 1916/1209/1518
f 1907/1200/1513 1916/1209/1518 1908/1201/1514
f 1839/1132/1470 1841/1134/1472 1917/1210/1519
f 1839/1132/1470 1917/1210/1519 1918/1211/1515
f 1918/1211/1515 1917/1210/1519 1919/1212/1520
f 1918/1211/1515 1919/1212/1520 1920/1213/1516
f 1921/1214/1516 1922/1215/1520 1923/1216/1521
f 1921/1214/1516 1923/1216/1521 1915/1208/1517
f 1915/1208/1517 1923/1216/1521 1924/1217/1522
f 1915/1208/1517 1924/1217/1522 1916/1209/1518
f 1841/1134/1472 1843/1136/1474 1925/1218/1523
f 1841/1134/1472 1925/1218/1523 1926/1219/1519
f 1926/1219/1519 1925/1218/1523 1927/1220/1524
f 1926/1219/1519 1927/1220/1524 1928/1221/1520
f 1929/1222/1520 1930/1223/1524 1931/1224/1525
f 1929/1222/1520 1931/1224/1525 1923/1216/1521
f 1923/1216/1521 1931/1224/1525 1932/1225/1526
f 1923/1216/1521 1932/1225/1526 1924/1217/1522
f 1843/1136/1474 1845/1138/1476 1933/1226/1527
f 1843/1136/1474 1933/1226/1527 1934/1227/1523
f 1934/1227/1523 1933/1226/1527 1935/1228/1528
f 1934/1227/1523 1935/1228/1528 1936/1229/1524
f 1937/1230/1524 1938/1231/1528 1939/1232/1529
f 1937/1230/1524 1939/1232/1529 1931/1224/1525
f 1931/1224/1525 1939/1232/1529 1940/1233/1530
f 1931/1224/1525 1940/1233/1530 1932/1225/1526
f 1845/1138/1476 1847/1140/1478 1941/1234/1531
f 1845/1138/1476 1941/1234/1531 1942/1235/1527
f 1942/1235/1527 1941/1234/1531 1943/1236/1532
f 1942/1235/1527 1943/1236/1532 1944/1237/1528
f 1945/1238/1528 1946/1239/1532 1947/1240/1533
f 1945/1238/1528 1947/1240/1533 1939/1232/1529
f 1939/1232/1529 1947/1240/1533 1948/1241/1534
f 1939/1232/1529 1948/1241/1534 1940/1233/1530
f 1848/1141/1478 1850/1143/1480 1949/1242/1535
f 1848/1141/1478 1949/1242/1535 1950/1243/1531
f 1950/1243/1531 1949/1242/1535 1951/1244/1536
f 1950/1243/1531 1951/1244/1536 1952/1245/1532
f 1953/1246/1532 1954/1247/1536 1955/1248/1537
f 1953/1246/1532 1955/1248/1537 1947/1240/1533
f 1947/1240/1533 1955/1248/1537 1956/1249/1538
f 1947/1240/1533 1956/1249/1538 1948/1241/1534
f 1850/1143/1480 1852/1145/1482 1957/1250/1539
f 1850/1143/1480 1957/1250/1539 1958/1251/1535
f 1958/1251/1535 1957/1250/1539 1959/1252/1540
f 1958/1251/1535 1959/1252/1540 1960/1253/1536
f 1961/1254/1536 1962/1255/1540 1963/1256/1541
f 1961/1254/1536 1963/1256/1541 1955/1248/1537
f 1955/1248/1537 1963/1256/1541 1964/1257/1542
f 1955/1248/1537 1964/1257/1542 1956/1249/1538
f 1852/1145/1482 1854/1147/1484 1965/1258/1543
f 1852/1145/1482 1965/1258/1543 1966/1259/1539
f 1966/1259/1539 1965/1258/1543 1967/1260/1544
f 1966/1259/1539 1967/1260/1544 1968/1261/1540
f 1969/1262/1540 1970/1263/1544 1971/1264/1545
f 1969/1262/1540 1971/1264/1545 1963/1256/1541
f 1963/1256/1541 1971/1264/1545 1972/1265/1546
f 1963/1256/1541 1972/1265/1546 1964/1257/1542
f 1854/1147/1484 1822/1115/1455 1973/1266/1547
f 1854/1147/1484 1973/1266/1547 1974/1267/1543
f 1974/1267/1543 1973/1266/1547 1975/1268/1548
f 1974/1267/1543 1975/1268/1548 1976/1269/1544
f 1977/1270/1544 1978/1271/1548 1979/1272/1549
f 1977/1270/1544 1979/1272/1549 1971/1264/1545
f 1971/1264/1545 1979/1272/1549 1980/1273/1550
f 1971/1264/1545 1980/1273/1550 1972/1265/1546
f 1822/1115/1455 1825/1118/1458 1981/1274/1488
f 1822/1115/1455 1981/1274/1488 1982/1275/1547
f 1982/1275/1547 1981/1274/1488 1983/1276/1490
f 1982/1275/1547 1983/1276/1490 1984/1277/1548
f 1985/1278/1548 1986/1279/1490 1866/1159/1492
f 1985/1278/1548 1866/1159/1492 1979/1272/1549
f 1979/1272/1549 1866/1159/1492 1868/1161/1494
f 1979/1272/1549 1868/1161/1494 1980/1273/1550
f 1987/1280/1551 1988/1281/1551 1989/1282/1551
f 1988/1281/1551 1987/1280/1551 1990/1283/1551
f 1988/1281/1551 1990/1283/1551 1991/1284/1551
f 1991/1284/1551 1990/1283/1551 1992/1285/1551
f 1991/1284/1551 1992/1285/1551 1993/1286/1551
f 1993/1286/1551 1992/1285/1551 1994/1287/1551
f 1993/1286/1551 1994/1287/1551 1995/1288/1551
f 1995/1288/1551 1994/1287/1551 1996/1289/1551
f 1995/1288/1551 1996/1289/1551 1997/1290/1551
f 1997/1290/1551 1996/1289/1551 1998/1291/1551
f 1997/1290/1551 1998/1291/1551 1999/1292/1551
f 1999/1292/1551 1998/1291/1551 2000/1293/1551
f 1999/1292/1551 2000/1293/1551 2001/1294/1551
f 2001/1294/1551 2000/1293/1551 2002/1295/1551
f 1767/1225/1430 1751/1209/1422 1759/1217/1426
f 1751/1209/1422 1767/1225/1430 1775/1233/1434
f 1751/1209/1422 1775/1233/1434 1743/1201/1418
f 1743/1201/1418 1775/1233/1434 1783/1241/1438
f 1743/1201/1418 1783/1241/1438 1735/1193/1414
f 1735/1193/1414 1783/1241/1438 1727/1185/1410
f 1727/1185/1410 1783/1241/1438 1791/1249/1442
f 1727/1185/1410 1791/1249/1442 1799/1257/1446
f 1727/1185/1410 1799/1257/1446 1719/1177/1406
f 1719/1177/1406 1799/1257/1446 1711/1169/1402
f 1711/1169/1402 1799/1257/1446 1807/1265/1450
f 1711/1169/1402 1807/1265/1450 1815/1273/1454
f 1711/1169/1402 1815/1273/1454 1702/1160/1397
f 1702/1160/1397 1815/1273/1454 1703/1161/1398
f 2003/1294/1552 2004/1293/1552 2005/1295/1552
f 2004/1293/1552 2003/1294/1552 2006/1292/1552
f 2004/1293/1552 2006/1292/1552 2007/1291/1552
f 2007/1291/1552 2006/1292/1552 2008/1290/1552
f 2007/1291/1552 2008/1290/1552 2009/1289/1552
f 2009/1289/1552 2008/1290/1552 2010/1288/1552
f 2009/1289/1552 2010/1288/1552 2011/1287/1552
f 2011/1287/1552 2010/1288/1552 2012/1286/1552
f 2011/1287/1552 2012/1286/1552 2013/1285/1552
f 2013/1285/1552 2012/1286/1552 2014/1284/1552
f 2013/1285/1552 2014/1284/1552 2015/1283/1552
f 2015/1283/1552 2014/1284/1552 2016/1281/1552
f 2015/1283/1552 2016/1281/1552 2017/1280/1552
f 2017/1280/1552 2016/1281/1552 2018/1282/1552
f 1867/1160/1493 1980/1273/1550 1868/1161/1494
f 1980/1273/1550 1867/1160/1493 1876/1169/1498
f 1980/1273/1550 1876/1169/1498 1972/1265/1546
f 1972/1265/1546 1876/1169/1498 1884/1177/1502
f 1972/1265/1546 1884/1177/1502 1964/1257/1542
f 1964/1257/1542 1884/1177/1502 1956/1249/1538
f 1956/1249/1538 1884/1177/1502 1892/1185/1506
f 1956/1249/1538 1892/1185/1506 1900/1193/1510
f 1956/1249/1538 1900/1193/1510 1948/1241/1534
f 1948/1241/1534 1900/1193/1510 1940/1233/1530
f 1940/1233/1530 1900/1193/1510 1908/1201/1514
f 1940/1233/1530 1908/1201/1514 1916/1209/1518
f 1940/1233/1530 1916/1209/1518 1932/1225/1526
f 1932/1225/1526 1916/1209/1518 1924/1217/1522
# Vertices: 362, normals: 194, texture coordinates: 181, faces: 376

